year,organization,supplier_country,supplier_name,category,value_usd,reference
2015,UNDP,Russian Federation,"""ABLE"" LLC","Farming, Fishing Equipment",49761.28,UNDP-2015-d2a0b9d7b7d9
2025,UN Secretariat,Russian Federation,"""KEPT TAX AND ADVISORY“ LLC",Financial and Insurance Services,57407.25,UN Secretariat-2025-9868193a3029
2016,UNESCO,Russian Federation,"""RUCARTA"" LLC",Engineering and Research Services,33386.25,UNESCO-2016-76383603a588
2021,WHO,Russian Federation,ACADEMSERVICE LTD,Management and Admin Services,198687.32,WHO-2021-ff7cade93eb8
2023,ILO,Russian Federation,ACADEMY OF JUSTICE,Education and Training Services,62306.0,ILO-2023-043421b725e6
2015,UN Secretariat,Russian Federation,AEROSPETSSERVICE AIRLINE PVT. LTD.,"Transportation, Storage, Mail Services",1170000.0,UN Secretariat-2015-46b8efa3757e
2015,UN Secretariat,Russian Federation,AEROSPETSSERVICE AIRLINE PVT. LTD.,"Transportation, Storage, Mail Services",790000.0,UN Secretariat-2015-5f5f73cd5d55
2015,UN Secretariat,Russian Federation,AEROSPETSSERVICE AIRLINE PVT. LTD.,"Transportation, Storage, Mail Services",30000.0,UN Secretariat-2015-fd7cafa84de6
2021,UNDP,Russian Federation,AKIT RF,Education and Training Services,49916.94,UNDP-2021-c88c808d8612
2021,WHO,Russian Federation,ALBIOGEN COMPANY LTD,Laboratory and Testing Equipment,182731.89,WHO-2021-dcf1943a55ae
2021,WHO,Russian Federation,ALBIOGEN COMPANY LTD,"Transportation, Storage, Mail Services",4707.03,WHO-2021-dcf1943a55ae
2022,WHO,Russian Federation,ALBIOGEN COMPANY LTD,Laboratory and Testing Equipment,187438.92,WHO-2022-4787010ba521
2024,UNDP,Russian Federation,ALEKSEI GROMOV,Management and Admin Services,62508.0,UNDP-2024-a6b7189061c1
2020,WFP,Russian Federation,ALTAI FLOUR MILLS COMPANY LIMITED,Food and Beverage Products,50400.0,WFP-2020-73acd5eb09da
2020,WFP,Russian Federation,ALTAI FLOUR MILLS COMPANY LIMITED,Food and Beverage Products,36500.0,WFP-2020-4b397f4ae89b
2017,WHO,Russian Federation,AMPARUS TOUR OPERATOR LTD.,"Travel, Food and Lodging",36089.35,WHO-2017-9e1fc1d3c91d
2018,UNDP,Russian Federation,ANNA KONTSEVAYA,Management and Admin Services,36000.0,UNDP-2018-c4aa06acd724
2016,UNIDO,Russian Federation,ANO SPEP FABRIKA BIZNESA,Engineering and Research Services,116100.82,UNIDO-2016-c721c1f08f2a
2023,ILO,Russian Federation,ANODILIA SRL,Education and Training Services,37624.0,ILO-2023-0de473e6d184
2015,UPU,Russian Federation,ARTEMOVA IRINA,"Editorial, Design, Graphic Services",37651.74,UPU-2015-0d99041ca290
2015,IAEA,Russian Federation,ASPECT SCIENTIFIC PRODUCTION CENTER,Laboratory and Testing Equipment,163309.5,IAEA-2015-7fba816389a9
2016,IAEA,Russian Federation,ASPECT SCIENTIFIC PRODUCTION CENTER,Building and Maintenance Services,134732.64,IAEA-2016-4a96457b0ba5
2016,IAEA,Russian Federation,ASPECT SCIENTIFIC PRODUCTION CENTER,Laboratory and Testing Equipment,51583.58,IAEA-2016-13dbb39de3b4
2017,IAEA,Russian Federation,ASPECT SCIENTIFIC PRODUCTION CENTER,Laboratory and Testing Equipment,98989.9,IAEA-2017-3e55ab0a0906
2018,IAEA,Russian Federation,ASPECT SCIENTIFIC PRODUCTION CENTER,Laboratory and Testing Equipment,65189.13,IAEA-2018-328ee1c42965
2021,UNESCO,Russian Federation,ASSOCIATION OF SPECIALISTS IN THE,Politics and Civic Affairs Services,35048.16,UNESCO-2021-08fa01a3cca7
2018,UNIDO,Russian Federation,ASTRAKHAN STATE TECHNICAL UNIVERSIT,Politics and Civic Affairs Services,268370.0,UNIDO-2018-884d69c4262e
2015,UNDP,Russian Federation,ASV TEHNOLOGIYA OOO,"Farming, Fishing Equipment",20465.08,UNDP-2015-802ac3498399
2015,UNDP,Russian Federation,ASV TEHNOLOGIYA OOO,Material Handling Machinery,6711.96,UNDP-2015-802ac3498399
2015,UNDP,Russian Federation,ASV TEHNOLOGIYA OOO,Industrial Manufacturing Machinery,6521.74,UNDP-2015-802ac3498399
2015,UNDP,Russian Federation,ASV TEHNOLOGIYA OOO,"Transportation, Storage, Mail Services",4464.42,UNDP-2015-802ac3498399
2015,UNDP,Russian Federation,ASV TEHNOLOGIYA OOO,Tools and General Machinery,2806.84,UNDP-2015-802ac3498399
2024,UNIDO,Russian Federation,ATMOSFERA KOMFORTA M LLC,Politics and Civic Affairs Services,64627.75,UNIDO-2024-d5c53b3eebbd
2016,UNIDO,Russian Federation,ATMOSFERA KOMFORTA M OOO,Mining and Well Drilling Equipment,134566.01,UNIDO-2016-b205029fe644
2018,UNIDO,Russian Federation,ATMOSFERA KOMFORTA M OOO,Laboratory and Testing Equipment,138696.76,UNIDO-2018-c09120f3b0eb
2019,UNIDO,Russian Federation,ATMOSFERA KOMFORTA M OOO,Education and Training Services,153066.35,UNIDO-2019-41342a12933d
2022,UNIDO,Russian Federation,ATMOSFERA KOMFORTA M OOO,Education and Training Services,131000.0,UNIDO-2022-fd1d3e76cb46
2021,UNESCO,Russian Federation,AUTONOMOUS NON PROFIT ORGANIZATION,Politics and Civic Affairs Services,34461.9,UNESCO-2021-f644c70097c5
2024,UNDP,Russian Federation,AUTONOMOUS NONCOMMERCIAL ORGANIZATION OF HIGHER EDUCATION INNOPOLIS UNIVERSITY,Education and Training Services,70000.0,UNDP-2024-d3ecfa2c9933
2025,UNDP,Russian Federation,AUTONOMOUS NONCOMMERCIAL ORGANIZATION OF HIGHER EDUCATION INNOPOLIS UNIVERSITY,Education and Training Services,70000.0,UNDP-2025-fd74036ec556
2015,UN Secretariat,Russian Federation,AVIACON ZITOTRANS AIR COMPANY,"Transportation, Storage, Mail Services",248000.0,UN Secretariat-2015-f22716b302fd
2016,UN Secretariat,Russian Federation,AVIACON ZITOTRANS AIR COMPANY,"Transportation, Storage, Mail Services",3040746.0,UN Secretariat-2016-7a2346efa89e
2017,UN Secretariat,Russian Federation,AVIACON ZITOTRANS AIR COMPANY,"Transportation, Storage, Mail Services",365098.96,UN Secretariat-2017-2240dae834f7
2022,WFP,Russian Federation,AVIATION INDUSTRY COMPANY VECTOR LL,"Transportation, Storage, Mail Services",397716.16,WFP-2022-3efa1d1ae903
2022,WFP,Russian Federation,AVIATION INDUSTRY COMPANY VECTOR LL,"Transportation, Storage, Mail Services",294805.0,WFP-2022-883918aa89ec
2022,WFP,Russian Federation,AVIATION INDUSTRY COMPANY VECTOR LL,"Transportation, Storage, Mail Services",294805.0,WFP-2022-d1746e045758
2022,WFP,Russian Federation,AVIATION INDUSTRY COMPANY VECTOR LL,"Transportation, Storage, Mail Services",225600.0,WFP-2022-5b8e2ddb7613
2022,WFP,Russian Federation,AVIATION INDUSTRY COMPANY VECTOR LL,"Transportation, Storage, Mail Services",225600.0,WFP-2022-c5bb1b34660c
2022,WFP,Russian Federation,AVIATION INDUSTRY COMPANY VECTOR LL,"Transportation, Storage, Mail Services",225600.0,WFP-2022-b08d9f18cb79
2022,WFP,Russian Federation,AVIATION INDUSTRY COMPANY VECTOR LL,"Transportation, Storage, Mail Services",225600.0,WFP-2022-c286486a8376
2022,WFP,Russian Federation,AVIATION INDUSTRY COMPANY VECTOR LL,"Transportation, Storage, Mail Services",225600.0,WFP-2022-897b18a56e82
2022,WFP,Russian Federation,AVIATION INDUSTRY COMPANY VECTOR LL,"Transportation, Storage, Mail Services",225600.0,WFP-2022-26155ba708a6
2022,WFP,Russian Federation,AVIATION INDUSTRY COMPANY VECTOR LL,"Transportation, Storage, Mail Services",225600.0,WFP-2022-35f171c37779
2022,WFP,Russian Federation,AVIATION INDUSTRY COMPANY VECTOR LL,"Transportation, Storage, Mail Services",225600.0,WFP-2022-fea907b2b0c2
2022,WFP,Russian Federation,AVIATION INDUSTRY COMPANY VECTOR LL,"Transportation, Storage, Mail Services",158880.0,WFP-2022-60c2234e3b6e
2022,WFP,Russian Federation,AVIATION INDUSTRY COMPANY VECTOR LL,"Transportation, Storage, Mail Services",99430.0,WFP-2022-c98da09e821a
2022,WFP,Russian Federation,AVIATION INDUSTRY COMPANY VECTOR LL,"Transportation, Storage, Mail Services",67600.0,WFP-2022-232d80537dff
2022,WFP,Russian Federation,AVIATION INDUSTRY COMPANY VECTOR LL,"Transportation, Storage, Mail Services",57088.84,WFP-2022-af15a7e2e9cd
2022,WFP,Russian Federation,AVIATION INDUSTRY COMPANY VECTOR LL,Building and Maintenance Services,15000.0,WFP-2022-3efa1d1ae903
2022,WFP,Russian Federation,AVIATION INDUSTRY COMPANY VECTOR LL,Building and Maintenance Services,15000.0,WFP-2022-232d80537dff
2020,WHO,Russian Federation,"BERLINA, MISS DARIA",Engineering and Research Services,30000.0,WHO-2020-08f58752a5eb
2018,WHO,Russian Federation,BEST EASTERN HOTELS LTD,"Travel, Food and Lodging",78536.71,WHO-2018-877297d6881d
2018,WHO,Russian Federation,BEST EASTERN HOTELS LTD,"Travel, Food and Lodging",47462.52,WHO-2018-d5362cb2c0b9
2025,WFP,Russian Federation,BIBLIOTHEQUE DIOCESAINE CARL EDOUAR,"Transportation, Storage, Mail Services",50000.0,WFP-2025-f2746de0ad5f
2018,UNDP,Russian Federation,BLAGOTVORITEL'NY FOND NADEZHNAYA SMENA,Education and Training Services,36489.0,UNDP-2018-5b76a21d905f
2020,UNDP,Russian Federation,BORLAS LLC,Engineering and Research Services,45000.0,UNDP-2020-d7f8644ac484
2016,UNIDO,Russian Federation,BUREAU MEDIA SOLUTIONS LLC,Environmental Services,35642.45,UNIDO-2016-a8b7891fec0f
2017,WFP,Russian Federation,BUREAU VERITAS RUS,Engineering and Research Services,45196.99,WFP-2017-6fe7a977d621
2018,UNAIDS,Russian Federation,"BUZURUKOV,DOCTOR AZAM JAMOLOVICH**S099202",Management and Admin Services,43160.0,UNAIDS-2018-883b4931040f
2019,UNAIDS,Russian Federation,"BUZURUKOV,DOCTOR AZAM JAMOLOVICH**S099202",Management and Admin Services,50630.0,UNAIDS-2019-32dd37bbaa53
2017,UNESCO,Russian Federation,"CARAMBA TV, LLC","Editorial, Design, Graphic Services",36000.5,UNESCO-2017-046202d32c50
2015,UNHCR,Russian Federation,CARLSON WAGONLIT TRAVEL (RUSSIA),Management and Admin Services,48886.47,UNHCR-2015-74d8ff1a7aad
2015,UNHCR,Russian Federation,CARLSON WAGONLIT TRAVEL (RUSSIA),"Transportation, Storage, Mail Services",36212.2,UNHCR-2015-416c9f7d4c03
2015,UNHCR,Russian Federation,CARLSON WAGONLIT TRAVEL (RUSSIA),Management and Admin Services,35815.13,UNHCR-2015-332f215e90de
2016,UNHCR,Russian Federation,CARLSON WAGONLIT TRAVEL (RUSSIA),Management and Admin Services,41402.15,UNHCR-2016-458a59a20243
2016,UNHCR,Russian Federation,CARLSON WAGONLIT TRAVEL (RUSSIA),"Transportation, Storage, Mail Services",41402.15,UNHCR-2016-a31c3bf7b9f8
2016,UNHCR,Russian Federation,CARLSON WAGONLIT TRAVEL (RUSSIA),"Transportation, Storage, Mail Services",30043.56,UNHCR-2016-2ff89befc871
2025,WFP,Russian Federation,CASA SIMOES EI,"Transportation, Storage, Mail Services",50000.0,WFP-2025-11038af2b557
2022,UNHCR,Russian Federation,CENTRE FOR DEVELOPMENT OF LEGAL CLINICS,Education and Training Services,38118.18,UNHCR-2022-3f4dc18bea67
2023,UNHCR,Russian Federation,CENTRE FOR DEVELOPMENT OF LEGAL CLINICS,Management and Admin Services,39677.14,UNHCR-2023-07f2aa31e2a0
2024,UNHCR,Russian Federation,CENTRE FOR DEVELOPMENT OF LEGAL CLINICS,Education and Training Services,84914.89,UNHCR-2024-f40ac5052f82
2024,UNHCR,Russian Federation,CENTRE FOR DEVELOPMENT OF LEGAL CLINICS,Education and Training Services,38959.94,UNHCR-2024-a82df43ba87c
2019,ESCAP,Russian Federation,CHOCOLATE LLC,"Travel, Food and Lodging",37494.25,ESCAP-2019-72dd0c108f6e
2018,IAEA,Russian Federation,CHROMOS ENGINEERING CO. LTD.,Laboratory and Testing Equipment,36751.77,IAEA-2018-d2d89751d839
2015,UN Secretariat,Russian Federation,"CJSC ""ROYAL FLIGHT AIRLINES""","Transportation, Storage, Mail Services",150000.0,UN Secretariat-2015-738c2176900c
2016,UN Secretariat,Russian Federation,CJSC CONVERS AVIA AIRLINE,"Transportation, Storage, Mail Services",1669565.0,UN Secretariat-2016-5d5f847024ad
2019,IAEA,Russian Federation,CJSC SPC ASPECT,Laboratory and Testing Equipment,35281.07,IAEA-2019-27587e40706f
2019,IAEA,Russian Federation,CJSC SPC ASPECT,Motor Vehicles and Parts,34132.14,IAEA-2019-69812b297d9f
2020,IAEA,Russian Federation,CJSC SPC ASPECT,Chemicals,219525.6,IAEA-2020-d30bafe998e8
2020,IAEA,Russian Federation,CJSC SPC ASPECT,Laboratory and Testing Equipment,89124.0,IAEA-2020-43239b945600
2016,WHO,Russian Federation,CLOSED JSC HOTEL COMPLEX ASTORIA,"Travel, Food and Lodging",48514.2,WHO-2016-de0b892d6331
2025,WFP,Russian Federation,COMERCIALIZADORA PLAYA MAR S.A.S.,"Transportation, Storage, Mail Services",37500.0,WFP-2025-a7de80d04570
2016,UNIDO,Russian Federation,CONSULTING AND MANAGMENT LLC,"Farming, Fishing, Forestry Services",33917.7,UNIDO-2016-536554bf95b6
2025,WFP,Russian Federation,"CORPORACION FLORES, S.A.","Transportation, Storage, Mail Services",100000.0,WFP-2025-f5cc0c8b44c6
2015,UNESCO,Russian Federation,CORRESPONDENCE SCHOOL MEPHI,Education and Training Services,41952.01,UNESCO-2015-a02d17e25c53
2017,WHO,Russian Federation,COURTYARD BY MARRIOTT ST.PETERSBURG VASILIEVSKY HOTEL,"Travel, Food and Lodging",31774.68,WHO-2017-7147b8635703
2015,IAEA,Russian Federation,CPCE TRADING CORPORATION,Power Generation Machinery,162000.0,IAEA-2015-945179338c02
2021,UNIDO,Russian Federation,DMG MORI RUS,Mining and Well Drilling Equipment,465740.0,UNIDO-2021-6626bea246b2
2021,UNIDO,Russian Federation,DMG MORI RUS,Industrial Manufacturing Machinery,33860.0,UNIDO-2021-6626bea246b2
2025,UNDP,Russian Federation,DOMPLUS KLUB LLC,Management and Admin Services,34788.99,UNDP-2025-9471e75e907e
2025,UNHCR,Russian Federation,DRANZHEVSKIY MAKSIM DMITRIEVICH INDIVIDUAL ЕNTREPRENEUR,Management and Admin Services,44744.81,UNHCR-2025-c8880a18b3e5
2017,UNDP,Russian Federation,DS BEZOPASNOST LTD,Tools and General Machinery,235114.0,UNDP-2017-6f15520fa5fd
2016,UNICEF,Russian Federation,EARLY INTERVENTION INSTITUTE,Management and Admin Services,84300.0,UNICEF-2016-6db6ed4a9719
2018,UNICEF,Russian Federation,EARLY INTERVENTION INSTITUTE,Engineering and Research Services,58600.0,UNICEF-2018-68b0573564fa
2015,UNIDO,Russian Federation,ECDL,Engineering and Research Services,36822.01,UNIDO-2015-a397d41cb7ab
2017,UNIDO,Russian Federation,ECDL,Management and Admin Services,40596.03,UNIDO-2017-b0723353dd3b
2018,UNIDO,Russian Federation,ECDL,IT and Communications Equipment,31933.72,UNIDO-2018-a3fd7ac09a1b
2015,UNIDO,Russian Federation,EFFA LLC,Environmental Services,40028.73,UNIDO-2015-026d000a1238
2019,IOM,Russian Federation,EKOPROM INNOVATION,Motor Vehicles and Parts,215000.0,IOM-2019-22baaaa4fdd5
2017,UNDP,Russian Federation,ELAR GOLD LLC,"Farming, Fishing Equipment",45000.0,UNDP-2017-f6db21a018db
2017,UNDP,Russian Federation,ELAR GOLD LLC,"Farming, Fishing Equipment",44400.0,UNDP-2017-96392207c561
2017,UNDP,Russian Federation,ELAR GOLD LLC,"Transportation, Storage, Mail Services",2000.0,UNDP-2017-f6db21a018db
2024,UNDP,Russian Federation,"ENGINEERING-IRRIGATION CENTER ""RADUGA""",Management and Admin Services,78000.0,UNDP-2024-de60580a2d0e
2025,WFP,Russian Federation,FAIRMOUNT WEATHER SYSTEMS LTD,"Transportation, Storage, Mail Services",250000.0,WFP-2025-9c08b620d1e2
2018,UNDP,Russian Federation,FC VNII GOCHS EMERCOM OF RUSSIA,Politics and Civic Affairs Services,32000.0,UNDP-2018-8333df89c411
2017,UNDP,Russian Federation,FED STATE BUD ESTAB CIVIL DEFEN&DIS MAN,Environmental Services,49922.17,UNDP-2017-b4b650da46e7
2017,UNAIDS,Russian Federation,FEDERAL BUDGET INSTITUTION OF SCIENCE CENTRAL RESEARCH INSTITUTE FOR EPIDEMIOLOGY OF ROSPOTREBNADZOR,Politics and Civic Affairs Services,49364.8,UNAIDS-2017-ea19c86ea300
2015,FAO,Russian Federation,FEDERAL GOVERNMENTAL BUDGETARY INSTITUTE (FGBI ARRIAH),"Pharmaceuticals, Contraceptives, Vaccines",467731.0,FAO-2015-d40c7199f683
2015,FAO,Russian Federation,FEDERAL GOVERNMENTAL BUDGETARY INSTITUTE (FGBI ARRIAH),"Pharmaceuticals, Contraceptives, Vaccines",170084.0,FAO-2015-a2f325e65542
2015,FAO,Russian Federation,FEDERAL GOVERNMENTAL BUDGETARY INSTITUTE (FGBI ARRIAH),"Transportation, Storage, Mail Services",49456.0,FAO-2015-d40c7199f683
2015,FAO,Russian Federation,FEDERAL GOVERNMENTAL BUDGETARY INSTITUTE (FGBI ARRIAH),"Pharmaceuticals, Contraceptives, Vaccines",47092.01,FAO-2015-7c1171c5eef0
2015,FAO,Russian Federation,FEDERAL GOVERNMENTAL BUDGETARY INSTITUTE (FGBI ARRIAH),"Transportation, Storage, Mail Services",17984.0,FAO-2015-a2f325e65542
2015,FAO,Russian Federation,FEDERAL GOVERNMENTAL BUDGETARY INSTITUTE (FGBI ARRIAH),"Transportation, Storage, Mail Services",4979.32,FAO-2015-7c1171c5eef0
2016,FAO,Russian Federation,FEDERAL GOVERNMENTAL BUDGETARY INSTITUTE (FGBI ARRIAH),"Pharmaceuticals, Contraceptives, Vaccines",91392.76,FAO-2016-e5027062f94f
2016,FAO,Russian Federation,FEDERAL GOVERNMENTAL BUDGETARY INSTITUTE (FGBI ARRIAH),"Pharmaceuticals, Contraceptives, Vaccines",50090.7,FAO-2016-0b3bc5340ccb
2016,FAO,Russian Federation,FEDERAL GOVERNMENTAL BUDGETARY INSTITUTE (FGBI ARRIAH),"Transportation, Storage, Mail Services",2970.36,FAO-2016-e5027062f94f
2016,FAO,Russian Federation,FEDERAL GOVERNMENTAL BUDGETARY INSTITUTE (FGBI ARRIAH),"Transportation, Storage, Mail Services",1628.0,FAO-2016-0b3bc5340ccb
2017,FAO,Russian Federation,FEDERAL GOVERNMENTAL BUDGETARY INSTITUTE (FGBI ARRIAH),"Pharmaceuticals, Contraceptives, Vaccines",4211358.8,FAO-2017-e9913fad7010
2017,FAO,Russian Federation,FEDERAL GOVERNMENTAL BUDGETARY INSTITUTE (FGBI ARRIAH),"Pharmaceuticals, Contraceptives, Vaccines",595947.0,FAO-2017-b23a9c474951
2017,FAO,Russian Federation,FEDERAL GOVERNMENTAL BUDGETARY INSTITUTE (FGBI ARRIAH),"Transportation, Storage, Mail Services",125080.0,FAO-2017-e9913fad7010
2017,FAO,Russian Federation,FEDERAL GOVERNMENTAL BUDGETARY INSTITUTE (FGBI ARRIAH),"Pharmaceuticals, Contraceptives, Vaccines",63686.87,FAO-2017-ccb85c5fb3c1
2017,FAO,Russian Federation,FEDERAL GOVERNMENTAL BUDGETARY INSTITUTE (FGBI ARRIAH),"Transportation, Storage, Mail Services",17700.0,FAO-2017-b23a9c474951
2017,FAO,Russian Federation,FEDERAL GOVERNMENTAL BUDGETARY INSTITUTE (FGBI ARRIAH),Financial and Insurance Services,9561.2,FAO-2017-e9913fad7010
2017,FAO,Russian Federation,FEDERAL GOVERNMENTAL BUDGETARY INSTITUTE (FGBI ARRIAH),"Transportation, Storage, Mail Services",1891.54,FAO-2017-ccb85c5fb3c1
2017,FAO,Russian Federation,FEDERAL GOVERNMENTAL BUDGETARY INSTITUTE (FGBI ARRIAH),Financial and Insurance Services,1353.0,FAO-2017-b23a9c474951
2017,FAO,Russian Federation,FEDERAL GOVERNMENTAL BUDGETARY INSTITUTE (FGBI ARRIAH),Financial and Insurance Services,144.59,FAO-2017-ccb85c5fb3c1
2018,FAO,Russian Federation,FEDERAL GOVERNMENTAL BUDGETARY INSTITUTE (FGBI ARRIAH),"Pharmaceuticals, Contraceptives, Vaccines",11124636.4,FAO-2018-b9ff84bdb472
2018,FAO,Russian Federation,FEDERAL GOVERNMENTAL BUDGETARY INSTITUTE (FGBI ARRIAH),"Transportation, Storage, Mail Services",350087.6,FAO-2018-b9ff84bdb472
2018,FAO,Russian Federation,FEDERAL GOVERNMENTAL BUDGETARY INSTITUTE (FGBI ARRIAH),"Pharmaceuticals, Contraceptives, Vaccines",148905.0,FAO-2018-198eb3d04f2d
2018,FAO,Russian Federation,FEDERAL GOVERNMENTAL BUDGETARY INSTITUTE (FGBI ARRIAH),Financial and Insurance Services,10260.0,FAO-2018-b9ff84bdb472
2019,FAO,Russian Federation,FEDERAL GOVERNMENTAL BUDGETARY INSTITUTE (FGBI ARRIAH),"Pharmaceuticals, Contraceptives, Vaccines",2005680.6,FAO-2019-f8d50d4dadc4
2019,FAO,Russian Federation,FEDERAL GOVERNMENTAL BUDGETARY INSTITUTE (FGBI ARRIAH),"Transportation, Storage, Mail Services",34580.7,FAO-2019-f8d50d4dadc4
2020,FAO,Russian Federation,FEDERAL GOVERNMENTAL BUDGETARY INSTITUTE (FGBI ARRIAH),"Pharmaceuticals, Contraceptives, Vaccines",4329100.0,FAO-2020-3c29870fb42d
2020,FAO,Russian Federation,FEDERAL GOVERNMENTAL BUDGETARY INSTITUTE (FGBI ARRIAH),"Transportation, Storage, Mail Services",248600.0,FAO-2020-3c29870fb42d
2020,FAO,Russian Federation,FEDERAL GOVERNMENTAL BUDGETARY INSTITUTE (FGBI ARRIAH),"Pharmaceuticals, Contraceptives, Vaccines",206500.0,FAO-2020-04be51c1e57b
2021,FAO,Russian Federation,FEDERAL GOVERNMENTAL BUDGETARY INSTITUTE (FGBI ARRIAH),"Pharmaceuticals, Contraceptives, Vaccines",2262000.0,FAO-2021-3e9d17870a9f
2021,FAO,Russian Federation,FEDERAL GOVERNMENTAL BUDGETARY INSTITUTE (FGBI ARRIAH),"Pharmaceuticals, Contraceptives, Vaccines",359100.0,FAO-2021-c3fedebf9fe8
2021,FAO,Russian Federation,FEDERAL GOVERNMENTAL BUDGETARY INSTITUTE (FGBI ARRIAH),"Pharmaceuticals, Contraceptives, Vaccines",151173.98,FAO-2021-d5915b2dfc97
2021,FAO,Russian Federation,FEDERAL GOVERNMENTAL BUDGETARY INSTITUTE (FGBI ARRIAH),"Transportation, Storage, Mail Services",110000.0,FAO-2021-3e9d17870a9f
2022,FAO,Russian Federation,FEDERAL GOVERNMENTAL BUDGETARY INSTITUTE (FGBI ARRIAH),"Pharmaceuticals, Contraceptives, Vaccines",1820000.0,FAO-2022-ea10e8f33231
2022,FAO,Russian Federation,FEDERAL GOVERNMENTAL BUDGETARY INSTITUTE (FGBI ARRIAH),"Pharmaceuticals, Contraceptives, Vaccines",1621100.0,FAO-2022-5257d4def1b4
2022,FAO,Russian Federation,FEDERAL GOVERNMENTAL BUDGETARY INSTITUTE (FGBI ARRIAH),"Pharmaceuticals, Contraceptives, Vaccines",1551166.5,FAO-2022-49910bae3705
2022,FAO,Russian Federation,FEDERAL GOVERNMENTAL BUDGETARY INSTITUTE (FGBI ARRIAH),"Pharmaceuticals, Contraceptives, Vaccines",99905.0,FAO-2022-9893efe747f3
2022,FAO,Russian Federation,FEDERAL GOVERNMENTAL BUDGETARY INSTITUTE (FGBI ARRIAH),"Transportation, Storage, Mail Services",94600.0,FAO-2022-5257d4def1b4
2022,FAO,Russian Federation,FEDERAL GOVERNMENTAL BUDGETARY INSTITUTE (FGBI ARRIAH),"Transportation, Storage, Mail Services",88000.0,FAO-2022-49910bae3705
2023,FAO,Russian Federation,FEDERAL GOVERNMENTAL BUDGETARY INSTITUTE (FGBI ARRIAH),"Pharmaceuticals, Contraceptives, Vaccines",2447600.0,FAO-2023-ea4c0c95d1f1
2023,FAO,Russian Federation,FEDERAL GOVERNMENTAL BUDGETARY INSTITUTE (FGBI ARRIAH),"Pharmaceuticals, Contraceptives, Vaccines",829400.0,FAO-2023-777ce861573e
2023,FAO,Russian Federation,FEDERAL GOVERNMENTAL BUDGETARY INSTITUTE (FGBI ARRIAH),"Pharmaceuticals, Contraceptives, Vaccines",603200.0,FAO-2023-2883174c6716
2023,FAO,Russian Federation,FEDERAL GOVERNMENTAL BUDGETARY INSTITUTE (FGBI ARRIAH),"Pharmaceuticals, Contraceptives, Vaccines",188500.0,FAO-2023-fd498bdf58bb
2023,FAO,Russian Federation,FEDERAL GOVERNMENTAL BUDGETARY INSTITUTE (FGBI ARRIAH),"Pharmaceuticals, Contraceptives, Vaccines",75400.0,FAO-2023-9c1587d5c334
2023,FAO,Russian Federation,FEDERAL GOVERNMENTAL BUDGETARY INSTITUTE (FGBI ARRIAH),"Transportation, Storage, Mail Services",44000.0,FAO-2023-777ce861573e
2023,FAO,Russian Federation,FEDERAL GOVERNMENTAL BUDGETARY INSTITUTE (FGBI ARRIAH),"Transportation, Storage, Mail Services",35200.0,FAO-2023-2883174c6716
2024,UNESCO,Russian Federation,FEDERAL STATE AUTONOMOUS,Environmental Services,30000.0,UNESCO-2024-a8a3a903b5f3
2025,UNDP,Russian Federation,"FEDERAL STATE BUDGET SCIENTIFIC INSTITUTION ""FEDERAL SCIENTIFIC CENTRE OF AGROECOLOGY, COMPLEX MELIORATION AND PROTECTIVE AFFORESTATION OF THE RUSSIAN ACADEMY OF SCIENCES""","Farming, Fishing, Forestry Services",31000.0,UNDP-2025-1163c5624432
2020,UNESCO,Russian Federation,FEDERAL STATE BUDGETARY INSTITUTION,Environmental Services,30000.0,UNESCO-2020-1c73899c6943
2016,WHO,Russian Federation,FEDERAL STATE BUDGETARY SCIENTIFIC INSTITUTION (CHUMAKOV FEDERAL SCIENTIFIC CENTER FOR RESEARCH AND DEVELOPMENT OF IMMUNE-AND-BIOLOGICAL PRODUCTS OF RUSSIAN ACADEMY OF SCIENCES) FSBSI (CHUMAKOV FSC R AND D IBP RAS),"Pharmaceuticals, Contraceptives, Vaccines",124800.0,WHO-2016-bf7576e48f0a
2016,WHO,Russian Federation,FEDERAL STATE BUDGETARY SCIENTIFIC INSTITUTION (CHUMAKOV FEDERAL SCIENTIFIC CENTER FOR RESEARCH AND DEVELOPMENT OF IMMUNE-AND-BIOLOGICAL PRODUCTS OF RUSSIAN ACADEMY OF SCIENCES) FSBSI (CHUMAKOV FSC R AND D IBP RAS),"Pharmaceuticals, Contraceptives, Vaccines",124800.0,WHO-2016-6e5805ce351e
2017,WHO,Russian Federation,FEDERAL STATE BUDGETARY SCIENTIFIC INSTITUTION (CHUMAKOV FEDERAL SCIENTIFIC CENTER FOR RESEARCH AND DEVELOPMENT OF IMMUNE-AND-BIOLOGICAL PRODUCTS OF RUSSIAN ACADEMY OF SCIENCES) FSBSI (CHUMAKOV FSC R AND D IBP RAS),"Pharmaceuticals, Contraceptives, Vaccines",142500.0,WHO-2017-81fa30299cf7
2018,WHO,Russian Federation,FEDERAL STATE BUDGETARY SCIENTIFIC INSTITUTION (CHUMAKOV FEDERAL SCIENTIFIC CENTER FOR RESEARCH AND DEVELOPMENT OF IMMUNE-AND-BIOLOGICAL PRODUCTS OF RUSSIAN ACADEMY OF SCIENCES) FSBSI (CHUMAKOV FSC R AND D IBP RAS),"Pharmaceuticals, Contraceptives, Vaccines",150000.0,WHO-2018-dc2999a547b0
2018,WHO,Russian Federation,FEDERAL STATE BUDGETARY SCIENTIFIC INSTITUTION (CHUMAKOV FEDERAL SCIENTIFIC CENTER FOR RESEARCH AND DEVELOPMENT OF IMMUNE-AND-BIOLOGICAL PRODUCTS OF RUSSIAN ACADEMY OF SCIENCES) FSBSI (CHUMAKOV FSC R AND D IBP RAS),"Pharmaceuticals, Contraceptives, Vaccines",75000.0,WHO-2018-17faff896634
2020,WHO,Russian Federation,FEDERAL STATE BUDGETARY SCIENTIFIC INSTITUTION (CHUMAKOV FEDERAL SCIENTIFIC CENTER FOR RESEARCH AND DEVELOPMENT OF IMMUNE-AND-BIOLOGICAL PRODUCTS OF RUSSIAN ACADEMY OF SCIENCES) FSBSI (CHUMAKOV FSC R AND D IBP RAS),"Pharmaceuticals, Contraceptives, Vaccines",52500.0,WHO-2020-a708e67f5043
2021,WHO,Russian Federation,FEDERAL STATE BUDGETARY SCIENTIFIC INSTITUTION (CHUMAKOV FEDERAL SCIENTIFIC CENTER FOR RESEARCH AND DEVELOPMENT OF IMMUNE-AND-BIOLOGICAL PRODUCTS OF RUSSIAN ACADEMY OF SCIENCES) FSBSI (CHUMAKOV FSC R AND D IBP RAS),Engineering and Research Services,39049.58,WHO-2021-6c25494ed030
2019,WHO,Russian Federation,"FEDERAL STATE BUDGETARY SCIENTIFIC INSTITUTION FEDERAL RESEARCH CENTRE OF NUTRITION, BIOTECHNOLOGY AND FOOD SAFETY",Healthcare Services,30029.2,WHO-2019-6a677c50ad80
2024,WFP,Russian Federation,FEDERAL STATE ESTABLISHMENT AGENCY,"Transportation, Storage, Mail Services",450000.0,WFP-2024-ab30a25dbc32
2024,WFP,Russian Federation,FEDERAL STATE ESTABLISHMENT AGENCY,"Transportation, Storage, Mail Services",250000.0,WFP-2024-03e609b538e7
2024,WFP,Russian Federation,FEDERAL STATE ESTABLISHMENT AGENCY,"Transportation, Storage, Mail Services",250000.0,WFP-2024-65209ffec8ea
2024,WFP,Russian Federation,FEDERAL STATE ESTABLISHMENT AGENCY,"Transportation, Storage, Mail Services",250000.0,WFP-2024-6ded05cd40c2
2016,WHO,Russian Federation,FEDERAL STATE UNITARY ENTERPRISE ON MANUFACTURE OF BACTERIAL AND VIRAL PREPARATIONS OF CHUMAKOV INSTITUTE OF POLIOMYELITIS & VIRAL ENCEPHALITIDES,"Pharmaceuticals, Contraceptives, Vaccines",50400.0,WHO-2016-3ddfd77803b1
2024,FAO,Russian Federation,FEDERAL STATE UNITARY ENTERPRISE THE MAIN PRODUCTION AND COMMERCIAL ADMINISTRATION FOR SERVICES TO THE DIPLOMATIC CORPS AT THE MINISTRY OF FOREIGN AFFAIRS OF THE RUSSIAN FEDERATION (GLAVUPDK),Management and Admin Services,31965.0,FAO-2024-53a7c730b240
2024,FAO,Russian Federation,FEDERAL STATE UNITARY ENTERPRISE THE MAIN PRODUCTION AND COMMERCIAL ADMINISTRATION FOR SERVICES TO THE DIPLOMATIC CORPS AT THE MINISTRY OF FOREIGN AFFAIRS OF THE RUSSIAN FEDERATION (GLAVUPDK),Management and Admin Services,31965.0,FAO-2024-2724f27885f3
2024,FAO,Russian Federation,FEDERAL STATE UNITARY ENTERPRISE THE MAIN PRODUCTION AND COMMERCIAL ADMINISTRATION FOR SERVICES TO THE DIPLOMATIC CORPS AT THE MINISTRY OF FOREIGN AFFAIRS OF THE RUSSIAN FEDERATION (GLAVUPDK),Management and Admin Services,31965.0,FAO-2024-d57a01851f4e
2024,FAO,Russian Federation,FEDERAL STATE UNITARY ENTERPRISE THE MAIN PRODUCTION AND COMMERCIAL ADMINISTRATION FOR SERVICES TO THE DIPLOMATIC CORPS AT THE MINISTRY OF FOREIGN AFFAIRS OF THE RUSSIAN FEDERATION (GLAVUPDK),Management and Admin Services,31965.0,FAO-2024-8ae4e8c3a03d
2025,FAO,Russian Federation,FEDERAL STATE UNITARY ENTERPRISE THE MAIN PRODUCTION AND COMMERCIAL ADMINISTRATION FOR SERVICES TO THE DIPLOMATIC CORPS AT THE MINISTRY OF FOREIGN AFFAIRS OF THE RUSSIAN FEDERATION (GLAVUPDK),Management and Admin Services,37584.0,FAO-2025-1ce66df9b78c
2025,FAO,Russian Federation,FEDERAL STATE UNITARY ENTERPRISE THE MAIN PRODUCTION AND COMMERCIAL ADMINISTRATION FOR SERVICES TO THE DIPLOMATIC CORPS AT THE MINISTRY OF FOREIGN AFFAIRS OF THE RUSSIAN FEDERATION (GLAVUPDK),Management and Admin Services,37584.0,FAO-2025-57128dff97d3
2025,FAO,Russian Federation,FEDERAL STATE UNITARY ENTERPRISE THE MAIN PRODUCTION AND COMMERCIAL ADMINISTRATION FOR SERVICES TO THE DIPLOMATIC CORPS AT THE MINISTRY OF FOREIGN AFFAIRS OF THE RUSSIAN FEDERATION (GLAVUPDK),Management and Admin Services,37584.0,FAO-2025-fd9ee0f15d80
2025,FAO,Russian Federation,FEDERAL STATE UNITARY ENTERPRISE THE MAIN PRODUCTION AND COMMERCIAL ADMINISTRATION FOR SERVICES TO THE DIPLOMATIC CORPS AT THE MINISTRY OF FOREIGN AFFAIRS OF THE RUSSIAN FEDERATION (GLAVUPDK),Management and Admin Services,31965.0,FAO-2025-36880faff3df
2015,UPU,Russian Federation,FEDERAL STATE UNITARY ENTREPRISE,Politics and Civic Affairs Services,35614.83,UPU-2015-74f10143159d
2016,UPU,Russian Federation,FEDERAL STATE UNITARY ENTREPRISE,Management and Admin Services,31427.86,UPU-2016-d220432a6e14
2025,WFP,Russian Federation,FFAC SOCIEDAD ANONIMA,"Transportation, Storage, Mail Services",75000.0,WFP-2025-5de4fc8191fd
2018,WHO,Russian Federation,"FGBU ""TSNIIOIZ"" MINZDRAVA ROSSII","Editorial, Design, Graphic Services",43302.5,WHO-2018-c2fcaddd094f
2018,WHO,Russian Federation,"FGBU ""TSNIIOIZ"" MINZDRAVA ROSSII","Editorial, Design, Graphic Services",41165.0,WHO-2018-754ea4c11ee8
2018,WHO,Russian Federation,"FGBU ""TSNIIOIZ"" MINZDRAVA ROSSII","Editorial, Design, Graphic Services",32935.5,WHO-2018-22fbb982aedb
2021,WHO,Russian Federation,"FGBU ""TSNIIOIZ"" MINZDRAVA ROSSII",Management and Admin Services,37755.0,WHO-2021-c9a5eb0b3841
2021,WHO,Russian Federation,"FGBU ""TSNIIOIZ"" MINZDRAVA ROSSII",Management and Admin Services,32597.0,WHO-2021-b765f2fc47a2
2021,WHO,Russian Federation,"FGBU ""TSNIIOIZ"" MINZDRAVA ROSSII",Management and Admin Services,30122.0,WHO-2021-e87cf925ca35
2017,WHO,Russian Federation,FGBU ENDOCRINOLOGY RESEARCH CENTER HEALTH MINISTER,Healthcare Services,49771.22,WHO-2017-ff58d43c350a
2017,WHO,Russian Federation,"FGBU NII GRIPPA MINZDRAVA ROSSII_(RESEARCH INSTITUTE OF INFLUENZA, ST.PETERSBURG)",Healthcare Services,65726.0,WHO-2017-5405e797a44d
2018,WHO,Russian Federation,"FGBU NII GRIPPA MINZDRAVA ROSSII_(RESEARCH INSTITUTE OF INFLUENZA, ST.PETERSBURG)",Healthcare Services,57360.0,WHO-2018-d7e507cca17a
2024,WFP,Russian Federation,FLOUR MILL VOLODARSKIY LIMITED LIAB,Food and Beverage Products,825440.0,WFP-2024-d6d289a14677
2024,WFP,Russian Federation,FLOUR MILL VOLODARSKIY LIMITED LIAB,Food and Beverage Products,230480.0,WFP-2024-aebaa0e486ac
2022,WHO,Russian Federation,FSASI “CHUMAKOV FSC R&D IBP RAS” (INSTITUTE OF POLIOMYELITIS),"Pharmaceuticals, Contraceptives, Vaccines",150000.0,WHO-2022-f1ef54e03b89
2022,WHO,Russian Federation,FSASI “CHUMAKOV FSC R&D IBP RAS” (INSTITUTE OF POLIOMYELITIS),"Pharmaceuticals, Contraceptives, Vaccines",75000.0,WHO-2022-e0410d6a9727
2023,WHO,Russian Federation,FSASI “CHUMAKOV FSC R&D IBP RAS” (INSTITUTE OF POLIOMYELITIS),"Pharmaceuticals, Contraceptives, Vaccines",153145.06,WHO-2023-032d30187851
2023,WHO,Russian Federation,FSASI “CHUMAKOV FSC R&D IBP RAS” (INSTITUTE OF POLIOMYELITIS),"Pharmaceuticals, Contraceptives, Vaccines",66656.36,WHO-2023-0bd3f7c3e6dc
2023,WHO,Russian Federation,FSASI “CHUMAKOV FSC R&D IBP RAS” (INSTITUTE OF POLIOMYELITIS),"Pharmaceuticals, Contraceptives, Vaccines",37360.94,WHO-2023-70b48431f8ba
2024,WHO,Russian Federation,FSASI “CHUMAKOV FSC R&D IBP RAS” (INSTITUTE OF POLIOMYELITIS),"Pharmaceuticals, Contraceptives, Vaccines",252742.78,WHO-2024-7d58acbd43ef
2024,WHO,Russian Federation,FSASI “CHUMAKOV FSC R&D IBP RAS” (INSTITUTE OF POLIOMYELITIS),"Pharmaceuticals, Contraceptives, Vaccines",48096.36,WHO-2024-011178fc25d3
2025,WHO,Russian Federation,FSASI “CHUMAKOV FSC R&D IBP RAS” (INSTITUTE OF POLIOMYELITIS),"Pharmaceuticals, Contraceptives, Vaccines",190602.0,WHO-2025-15fc79e1b602
2017,UNICEF,Russian Federation,FSBSI CHUMAKOV FSC R&D IBP,"Pharmaceuticals, Contraceptives, Vaccines",3256000.0,UNICEF-2017-9a1485953a3c
2017,UNICEF,Russian Federation,FSBSI CHUMAKOV FSC R&D IBP,"Pharmaceuticals, Contraceptives, Vaccines",3256000.0,UNICEF-2017-cd8045776e70
2017,UNICEF,Russian Federation,FSBSI CHUMAKOV FSC R&D IBP,"Pharmaceuticals, Contraceptives, Vaccines",2992000.0,UNICEF-2017-296a93529c0a
2017,UNICEF,Russian Federation,FSBSI CHUMAKOV FSC R&D IBP,"Pharmaceuticals, Contraceptives, Vaccines",2255704.0,UNICEF-2017-40641f10b04a
2017,UNICEF,Russian Federation,FSBSI CHUMAKOV FSC R&D IBP,"Pharmaceuticals, Contraceptives, Vaccines",1792296.0,UNICEF-2017-3199950631b8
2017,UNICEF,Russian Federation,FSBSI CHUMAKOV FSC R&D IBP,"Pharmaceuticals, Contraceptives, Vaccines",1232000.0,UNICEF-2017-1a1f95240db2
2017,UNICEF,Russian Federation,FSBSI CHUMAKOV FSC R&D IBP,"Pharmaceuticals, Contraceptives, Vaccines",972928.0,UNICEF-2017-d69b0d13d8af
2017,UNICEF,Russian Federation,FSBSI CHUMAKOV FSC R&D IBP,"Pharmaceuticals, Contraceptives, Vaccines",968000.0,UNICEF-2017-ae0b5c6bbd79
2017,UNICEF,Russian Federation,FSBSI CHUMAKOV FSC R&D IBP,"Pharmaceuticals, Contraceptives, Vaccines",880000.0,UNICEF-2017-dd4d1654b5ca
2017,UNICEF,Russian Federation,FSBSI CHUMAKOV FSC R&D IBP,"Pharmaceuticals, Contraceptives, Vaccines",845944.0,UNICEF-2017-cdcc651cf088
2017,UNICEF,Russian Federation,FSBSI CHUMAKOV FSC R&D IBP,"Pharmaceuticals, Contraceptives, Vaccines",622248.0,UNICEF-2017-62df79a67b5a
2017,UNICEF,Russian Federation,FSBSI CHUMAKOV FSC R&D IBP,"Pharmaceuticals, Contraceptives, Vaccines",596992.0,UNICEF-2017-690b55eec80c
2017,UNICEF,Russian Federation,FSBSI CHUMAKOV FSC R&D IBP,"Pharmaceuticals, Contraceptives, Vaccines",544104.0,UNICEF-2017-50ccee224749
2017,UNICEF,Russian Federation,FSBSI CHUMAKOV FSC R&D IBP,"Pharmaceuticals, Contraceptives, Vaccines",442904.0,UNICEF-2017-4cf32173dabb
2017,UNICEF,Russian Federation,FSBSI CHUMAKOV FSC R&D IBP,"Pharmaceuticals, Contraceptives, Vaccines",440000.0,UNICEF-2017-7aa82f0d8787
2017,UNICEF,Russian Federation,FSBSI CHUMAKOV FSC R&D IBP,"Pharmaceuticals, Contraceptives, Vaccines",435336.0,UNICEF-2017-3af9d3c91dc8
2017,UNICEF,Russian Federation,FSBSI CHUMAKOV FSC R&D IBP,"Pharmaceuticals, Contraceptives, Vaccines",430848.0,UNICEF-2017-b5e2b0c44078
2017,UNICEF,Russian Federation,FSBSI CHUMAKOV FSC R&D IBP,"Pharmaceuticals, Contraceptives, Vaccines",396000.0,UNICEF-2017-f9de40c39ea8
2017,UNICEF,Russian Federation,FSBSI CHUMAKOV FSC R&D IBP,"Pharmaceuticals, Contraceptives, Vaccines",331144.0,UNICEF-2017-650abb3e5683
2017,UNICEF,Russian Federation,FSBSI CHUMAKOV FSC R&D IBP,"Pharmaceuticals, Contraceptives, Vaccines",321904.0,UNICEF-2017-c6b94fe9c2b8
2017,UNICEF,Russian Federation,FSBSI CHUMAKOV FSC R&D IBP,"Pharmaceuticals, Contraceptives, Vaccines",281160.0,UNICEF-2017-a5135b0ddd45
2017,UNICEF,Russian Federation,FSBSI CHUMAKOV FSC R&D IBP,"Pharmaceuticals, Contraceptives, Vaccines",266200.0,UNICEF-2017-931b68aae00e
2017,UNICEF,Russian Federation,FSBSI CHUMAKOV FSC R&D IBP,"Pharmaceuticals, Contraceptives, Vaccines",239360.0,UNICEF-2017-4c4fb15f783f
2017,UNICEF,Russian Federation,FSBSI CHUMAKOV FSC R&D IBP,"Pharmaceuticals, Contraceptives, Vaccines",221760.0,UNICEF-2017-bd8e157143bb
2017,UNICEF,Russian Federation,FSBSI CHUMAKOV FSC R&D IBP,"Pharmaceuticals, Contraceptives, Vaccines",221144.0,UNICEF-2017-eca3c954b76d
2017,UNICEF,Russian Federation,FSBSI CHUMAKOV FSC R&D IBP,"Pharmaceuticals, Contraceptives, Vaccines",220000.0,UNICEF-2017-3cf948133209
2017,UNICEF,Russian Federation,FSBSI CHUMAKOV FSC R&D IBP,"Pharmaceuticals, Contraceptives, Vaccines",199760.0,UNICEF-2017-9e9a9682a3ae
2017,UNICEF,Russian Federation,FSBSI CHUMAKOV FSC R&D IBP,"Pharmaceuticals, Contraceptives, Vaccines",197120.0,UNICEF-2017-c1c5a4938ea8
2017,UNICEF,Russian Federation,FSBSI CHUMAKOV FSC R&D IBP,"Pharmaceuticals, Contraceptives, Vaccines",188760.0,UNICEF-2017-46d608cf4cb4
2017,UNICEF,Russian Federation,FSBSI CHUMAKOV FSC R&D IBP,"Pharmaceuticals, Contraceptives, Vaccines",176880.0,UNICEF-2017-4f5818163e0d
2017,UNICEF,Russian Federation,FSBSI CHUMAKOV FSC R&D IBP,"Pharmaceuticals, Contraceptives, Vaccines",132000.0,UNICEF-2017-8619b05c443a
2017,UNICEF,Russian Federation,FSBSI CHUMAKOV FSC R&D IBP,"Pharmaceuticals, Contraceptives, Vaccines",130416.0,UNICEF-2017-9fc0873694e9
2017,UNICEF,Russian Federation,FSBSI CHUMAKOV FSC R&D IBP,"Pharmaceuticals, Contraceptives, Vaccines",126280.0,UNICEF-2017-4205f38a87cc
2017,UNICEF,Russian Federation,FSBSI CHUMAKOV FSC R&D IBP,"Pharmaceuticals, Contraceptives, Vaccines",119152.0,UNICEF-2017-3a125902863a
2017,UNICEF,Russian Federation,FSBSI CHUMAKOV FSC R&D IBP,"Pharmaceuticals, Contraceptives, Vaccines",114400.0,UNICEF-2017-5fcbcdba8464
2017,UNICEF,Russian Federation,FSBSI CHUMAKOV FSC R&D IBP,"Pharmaceuticals, Contraceptives, Vaccines",100144.0,UNICEF-2017-f9d8683d3962
2017,UNICEF,Russian Federation,FSBSI CHUMAKOV FSC R&D IBP,"Pharmaceuticals, Contraceptives, Vaccines",92400.0,UNICEF-2017-e1ea10301608
2017,UNICEF,Russian Federation,FSBSI CHUMAKOV FSC R&D IBP,"Pharmaceuticals, Contraceptives, Vaccines",88000.0,UNICEF-2017-1196645d671c
2017,UNICEF,Russian Federation,FSBSI CHUMAKOV FSC R&D IBP,"Pharmaceuticals, Contraceptives, Vaccines",70576.0,UNICEF-2017-890d47f9c723
2017,UNICEF,Russian Federation,FSBSI CHUMAKOV FSC R&D IBP,"Pharmaceuticals, Contraceptives, Vaccines",66000.0,UNICEF-2017-edbb326b0fa5
2017,UNICEF,Russian Federation,FSBSI CHUMAKOV FSC R&D IBP,"Pharmaceuticals, Contraceptives, Vaccines",64152.0,UNICEF-2017-a68a587a74f2
2017,UNICEF,Russian Federation,FSBSI CHUMAKOV FSC R&D IBP,"Pharmaceuticals, Contraceptives, Vaccines",48840.0,UNICEF-2017-2ae432cc9ac1
2017,UNICEF,Russian Federation,FSBSI CHUMAKOV FSC R&D IBP,"Pharmaceuticals, Contraceptives, Vaccines",46552.0,UNICEF-2017-47824e054177
2017,UNICEF,Russian Federation,FSBSI CHUMAKOV FSC R&D IBP,"Pharmaceuticals, Contraceptives, Vaccines",34320.0,UNICEF-2017-e3c2e0d39690
2017,UNICEF,Russian Federation,FSBSI CHUMAKOV FSC R&D IBP,"Pharmaceuticals, Contraceptives, Vaccines",31152.0,UNICEF-2017-f4327ea68514
2017,UNICEF,Russian Federation,FSBSI CHUMAKOV FSC R&D IBP,"Pharmaceuticals, Contraceptives, Vaccines",31064.0,UNICEF-2017-ac4383702dc5
2017,UNICEF,Russian Federation,FSBSI CHUMAKOV FSC R&D IBP,"Pharmaceuticals, Contraceptives, Vaccines",30624.0,UNICEF-2017-ea509431734e
2018,UNICEF,Russian Federation,FSBSI CHUMAKOV FSC R&D IBP,"Pharmaceuticals, Contraceptives, Vaccines",4559000.0,UNICEF-2018-c63c0f7a9094
2018,UNICEF,Russian Federation,FSBSI CHUMAKOV FSC R&D IBP,"Pharmaceuticals, Contraceptives, Vaccines",3783000.0,UNICEF-2018-208971f65bfc
2018,UNICEF,Russian Federation,FSBSI CHUMAKOV FSC R&D IBP,"Pharmaceuticals, Contraceptives, Vaccines",3589000.0,UNICEF-2018-e2f21872951c
2018,UNICEF,Russian Federation,FSBSI CHUMAKOV FSC R&D IBP,"Pharmaceuticals, Contraceptives, Vaccines",2847629.0,UNICEF-2018-495caad66be4
2018,UNICEF,Russian Federation,FSBSI CHUMAKOV FSC R&D IBP,"Pharmaceuticals, Contraceptives, Vaccines",2716000.0,UNICEF-2018-6388025f1a02
2018,UNICEF,Russian Federation,FSBSI CHUMAKOV FSC R&D IBP,"Pharmaceuticals, Contraceptives, Vaccines",2231000.0,UNICEF-2018-f4d8e73e10b2
2018,UNICEF,Russian Federation,FSBSI CHUMAKOV FSC R&D IBP,"Pharmaceuticals, Contraceptives, Vaccines",1940000.0,UNICEF-2018-ec0d7b925b5d
2018,UNICEF,Russian Federation,FSBSI CHUMAKOV FSC R&D IBP,"Pharmaceuticals, Contraceptives, Vaccines",1652686.0,UNICEF-2018-a17b493601fc
2018,UNICEF,Russian Federation,FSBSI CHUMAKOV FSC R&D IBP,"Pharmaceuticals, Contraceptives, Vaccines",1649000.0,UNICEF-2018-38dc479d1df4
2018,UNICEF,Russian Federation,FSBSI CHUMAKOV FSC R&D IBP,"Pharmaceuticals, Contraceptives, Vaccines",1455000.0,UNICEF-2018-d8d6a39b6cda
2018,UNICEF,Russian Federation,FSBSI CHUMAKOV FSC R&D IBP,"Pharmaceuticals, Contraceptives, Vaccines",1455000.0,UNICEF-2018-2cb55d831d83
2018,UNICEF,Russian Federation,FSBSI CHUMAKOV FSC R&D IBP,"Pharmaceuticals, Contraceptives, Vaccines",1416200.0,UNICEF-2018-857c138a27df
2018,UNICEF,Russian Federation,FSBSI CHUMAKOV FSC R&D IBP,"Pharmaceuticals, Contraceptives, Vaccines",1196204.0,UNICEF-2018-4a917577ba74
2018,UNICEF,Russian Federation,FSBSI CHUMAKOV FSC R&D IBP,"Pharmaceuticals, Contraceptives, Vaccines",1138004.0,UNICEF-2018-2386d8d1249b
2018,UNICEF,Russian Federation,FSBSI CHUMAKOV FSC R&D IBP,"Pharmaceuticals, Contraceptives, Vaccines",1067000.0,UNICEF-2018-b28391e8a9d5
2018,UNICEF,Russian Federation,FSBSI CHUMAKOV FSC R&D IBP,"Pharmaceuticals, Contraceptives, Vaccines",1067000.0,UNICEF-2018-c1dc14f8e185
2018,UNICEF,Russian Federation,FSBSI CHUMAKOV FSC R&D IBP,"Pharmaceuticals, Contraceptives, Vaccines",970000.0,UNICEF-2018-10904c52178b
2018,UNICEF,Russian Federation,FSBSI CHUMAKOV FSC R&D IBP,"Pharmaceuticals, Contraceptives, Vaccines",936050.0,UNICEF-2018-0d77fe29a44a
2018,UNICEF,Russian Federation,FSBSI CHUMAKOV FSC R&D IBP,"Pharmaceuticals, Contraceptives, Vaccines",841184.0,UNICEF-2018-ad82bc618be4
2018,UNICEF,Russian Federation,FSBSI CHUMAKOV FSC R&D IBP,"Pharmaceuticals, Contraceptives, Vaccines",742147.0,UNICEF-2018-77314449dff8
2018,UNICEF,Russian Federation,FSBSI CHUMAKOV FSC R&D IBP,"Pharmaceuticals, Contraceptives, Vaccines",742147.0,UNICEF-2018-f8dc24ddc69a
2018,UNICEF,Russian Federation,FSBSI CHUMAKOV FSC R&D IBP,"Pharmaceuticals, Contraceptives, Vaccines",727500.0,UNICEF-2018-5fd69d9aa4d0
2018,UNICEF,Russian Federation,FSBSI CHUMAKOV FSC R&D IBP,"Pharmaceuticals, Contraceptives, Vaccines",679000.0,UNICEF-2018-3c48b4efe45d
2018,UNICEF,Russian Federation,FSBSI CHUMAKOV FSC R&D IBP,"Pharmaceuticals, Contraceptives, Vaccines",529911.0,UNICEF-2018-af556bae4bc4
2018,UNICEF,Russian Federation,FSBSI CHUMAKOV FSC R&D IBP,"Pharmaceuticals, Contraceptives, Vaccines",485000.0,UNICEF-2018-d2649d78d8d2
2018,UNICEF,Russian Federation,FSBSI CHUMAKOV FSC R&D IBP,"Pharmaceuticals, Contraceptives, Vaccines",427673.0,UNICEF-2018-798e5d9201ff
2018,UNICEF,Russian Federation,FSBSI CHUMAKOV FSC R&D IBP,"Pharmaceuticals, Contraceptives, Vaccines",388000.0,UNICEF-2018-6dbbb90ac740
2018,UNICEF,Russian Federation,FSBSI CHUMAKOV FSC R&D IBP,"Pharmaceuticals, Contraceptives, Vaccines",367630.0,UNICEF-2018-cdeb73759360
2018,UNICEF,Russian Federation,FSBSI CHUMAKOV FSC R&D IBP,"Pharmaceuticals, Contraceptives, Vaccines",367630.0,UNICEF-2018-28279e9eb3b5
2018,UNICEF,Russian Federation,FSBSI CHUMAKOV FSC R&D IBP,"Pharmaceuticals, Contraceptives, Vaccines",345611.0,UNICEF-2018-769b5855b4b2
2018,UNICEF,Russian Federation,FSBSI CHUMAKOV FSC R&D IBP,"Pharmaceuticals, Contraceptives, Vaccines",345514.0,UNICEF-2018-de5bb9265a48
2018,UNICEF,Russian Federation,FSBSI CHUMAKOV FSC R&D IBP,"Pharmaceuticals, Contraceptives, Vaccines",329800.0,UNICEF-2018-cd92479bf6b2
2018,UNICEF,Russian Federation,FSBSI CHUMAKOV FSC R&D IBP,"Pharmaceuticals, Contraceptives, Vaccines",329800.0,UNICEF-2018-ae1f42a10194
2018,UNICEF,Russian Federation,FSBSI CHUMAKOV FSC R&D IBP,"Pharmaceuticals, Contraceptives, Vaccines",304774.0,UNICEF-2018-54a8930f8d91
2018,UNICEF,Russian Federation,FSBSI CHUMAKOV FSC R&D IBP,"Pharmaceuticals, Contraceptives, Vaccines",297596.0,UNICEF-2018-bdd4cc94e028
2018,UNICEF,Russian Federation,FSBSI CHUMAKOV FSC R&D IBP,"Pharmaceuticals, Contraceptives, Vaccines",291000.0,UNICEF-2018-c0531d43937e
2018,UNICEF,Russian Federation,FSBSI CHUMAKOV FSC R&D IBP,"Pharmaceuticals, Contraceptives, Vaccines",246865.0,UNICEF-2018-ebc98b7d1c16
2018,UNICEF,Russian Federation,FSBSI CHUMAKOV FSC R&D IBP,"Pharmaceuticals, Contraceptives, Vaccines",208065.0,UNICEF-2018-b200c9aa5b6c
2018,UNICEF,Russian Federation,FSBSI CHUMAKOV FSC R&D IBP,"Pharmaceuticals, Contraceptives, Vaccines",201275.0,UNICEF-2018-9f1b6965a90c
2018,UNICEF,Russian Federation,FSBSI CHUMAKOV FSC R&D IBP,"Pharmaceuticals, Contraceptives, Vaccines",170817.0,UNICEF-2018-ada3458a1be5
2018,UNICEF,Russian Federation,FSBSI CHUMAKOV FSC R&D IBP,"Pharmaceuticals, Contraceptives, Vaccines",165288.0,UNICEF-2018-1414482661ea
2018,UNICEF,Russian Federation,FSBSI CHUMAKOV FSC R&D IBP,"Pharmaceuticals, Contraceptives, Vaccines",164512.0,UNICEF-2018-beb4b7387689
2018,UNICEF,Russian Federation,FSBSI CHUMAKOV FSC R&D IBP,"Pharmaceuticals, Contraceptives, Vaccines",156170.0,UNICEF-2018-55f7826c614a
2018,UNICEF,Russian Federation,FSBSI CHUMAKOV FSC R&D IBP,"Pharmaceuticals, Contraceptives, Vaccines",154618.0,UNICEF-2018-1e1bb3b8e625
2018,UNICEF,Russian Federation,FSBSI CHUMAKOV FSC R&D IBP,"Pharmaceuticals, Contraceptives, Vaccines",111744.0,UNICEF-2018-f1f4041b3e35
2018,UNICEF,Russian Federation,FSBSI CHUMAKOV FSC R&D IBP,"Pharmaceuticals, Contraceptives, Vaccines",102335.0,UNICEF-2018-c1a728f1443e
2018,UNICEF,Russian Federation,FSBSI CHUMAKOV FSC R&D IBP,"Pharmaceuticals, Contraceptives, Vaccines",97970.0,UNICEF-2018-f32de020d5e8
2018,UNICEF,Russian Federation,FSBSI CHUMAKOV FSC R&D IBP,"Pharmaceuticals, Contraceptives, Vaccines",90113.0,UNICEF-2018-0dc1854e8304
2018,UNICEF,Russian Federation,FSBSI CHUMAKOV FSC R&D IBP,"Pharmaceuticals, Contraceptives, Vaccines",79637.0,UNICEF-2018-e1878913bcff
2018,UNICEF,Russian Federation,FSBSI CHUMAKOV FSC R&D IBP,"Pharmaceuticals, Contraceptives, Vaccines",75078.0,UNICEF-2018-52b91286885f
2018,UNICEF,Russian Federation,FSBSI CHUMAKOV FSC R&D IBP,"Pharmaceuticals, Contraceptives, Vaccines",56551.0,UNICEF-2018-ece540b04a36
2018,UNICEF,Russian Federation,FSBSI CHUMAKOV FSC R&D IBP,"Pharmaceuticals, Contraceptives, Vaccines",52186.0,UNICEF-2018-3b21a0313af4
2018,UNICEF,Russian Federation,FSBSI CHUMAKOV FSC R&D IBP,"Pharmaceuticals, Contraceptives, Vaccines",52186.0,UNICEF-2018-7619e2284c0c
2018,UNICEF,Russian Federation,FSBSI CHUMAKOV FSC R&D IBP,"Pharmaceuticals, Contraceptives, Vaccines",51410.0,UNICEF-2018-753c18371355
2018,UNICEF,Russian Federation,FSBSI CHUMAKOV FSC R&D IBP,"Pharmaceuticals, Contraceptives, Vaccines",51410.0,UNICEF-2018-51ba7774fd21
2018,UNICEF,Russian Federation,FSBSI CHUMAKOV FSC R&D IBP,"Pharmaceuticals, Contraceptives, Vaccines",48500.0,UNICEF-2018-50221a254d9d
2018,UNICEF,Russian Federation,FSBSI CHUMAKOV FSC R&D IBP,"Pharmaceuticals, Contraceptives, Vaccines",48500.0,UNICEF-2018-ed9808fa3b2c
2018,UNICEF,Russian Federation,FSBSI CHUMAKOV FSC R&D IBP,"Pharmaceuticals, Contraceptives, Vaccines",48306.0,UNICEF-2018-cc0bef50e8bf
2018,UNICEF,Russian Federation,FSBSI CHUMAKOV FSC R&D IBP,"Pharmaceuticals, Contraceptives, Vaccines",32010.0,UNICEF-2018-1e32f8fa77bc
2018,UNICEF,Russian Federation,FSBSI CHUMAKOV FSC R&D IBP,"Pharmaceuticals, Contraceptives, Vaccines",30555.0,UNICEF-2018-5fb8083f4147
2019,UNICEF,Russian Federation,FSBSI CHUMAKOV FSC R&D IBP,"Pharmaceuticals, Contraceptives, Vaccines",4365000.0,UNICEF-2019-6a5177b0ee7b
2019,UNICEF,Russian Federation,FSBSI CHUMAKOV FSC R&D IBP,"Pharmaceuticals, Contraceptives, Vaccines",4365000.0,UNICEF-2019-68c1bcade1a8
2019,UNICEF,Russian Federation,FSBSI CHUMAKOV FSC R&D IBP,"Pharmaceuticals, Contraceptives, Vaccines",4074000.0,UNICEF-2019-4e5e51c7a77c
2019,UNICEF,Russian Federation,FSBSI CHUMAKOV FSC R&D IBP,"Pharmaceuticals, Contraceptives, Vaccines",2910000.0,UNICEF-2019-82417b3d4674
2019,UNICEF,Russian Federation,FSBSI CHUMAKOV FSC R&D IBP,"Pharmaceuticals, Contraceptives, Vaccines",2425000.0,UNICEF-2019-409dd1e40eec
2019,UNICEF,Russian Federation,FSBSI CHUMAKOV FSC R&D IBP,"Pharmaceuticals, Contraceptives, Vaccines",1866959.0,UNICEF-2019-e79ac5736deb
2019,UNICEF,Russian Federation,FSBSI CHUMAKOV FSC R&D IBP,"Pharmaceuticals, Contraceptives, Vaccines",1571400.0,UNICEF-2019-ba5031c86ee2
2019,UNICEF,Russian Federation,FSBSI CHUMAKOV FSC R&D IBP,"Pharmaceuticals, Contraceptives, Vaccines",1455000.0,UNICEF-2019-4e04c04d9f37
2019,UNICEF,Russian Federation,FSBSI CHUMAKOV FSC R&D IBP,"Pharmaceuticals, Contraceptives, Vaccines",1280400.0,UNICEF-2019-740f2a56d0ce
2019,UNICEF,Russian Federation,FSBSI CHUMAKOV FSC R&D IBP,"Pharmaceuticals, Contraceptives, Vaccines",1261000.0,UNICEF-2019-cad27a5a6cbe
2019,UNICEF,Russian Federation,FSBSI CHUMAKOV FSC R&D IBP,"Pharmaceuticals, Contraceptives, Vaccines",1169141.0,UNICEF-2019-f7d0afe517f1
2019,UNICEF,Russian Federation,FSBSI CHUMAKOV FSC R&D IBP,"Pharmaceuticals, Contraceptives, Vaccines",1067000.0,UNICEF-2019-facb00a1caca
2019,UNICEF,Russian Federation,FSBSI CHUMAKOV FSC R&D IBP,"Pharmaceuticals, Contraceptives, Vaccines",970194.0,UNICEF-2019-d248000eac19
2019,UNICEF,Russian Federation,FSBSI CHUMAKOV FSC R&D IBP,"Pharmaceuticals, Contraceptives, Vaccines",970000.0,UNICEF-2019-c54402f455b2
2019,UNICEF,Russian Federation,FSBSI CHUMAKOV FSC R&D IBP,"Pharmaceuticals, Contraceptives, Vaccines",970000.0,UNICEF-2019-3632b8f7a771
2019,UNICEF,Russian Federation,FSBSI CHUMAKOV FSC R&D IBP,"Pharmaceuticals, Contraceptives, Vaccines",970000.0,UNICEF-2019-3e9c031d15cf
2019,UNICEF,Russian Federation,FSBSI CHUMAKOV FSC R&D IBP,"Pharmaceuticals, Contraceptives, Vaccines",970000.0,UNICEF-2019-714cf5957ece
2019,UNICEF,Russian Federation,FSBSI CHUMAKOV FSC R&D IBP,"Pharmaceuticals, Contraceptives, Vaccines",890072.0,UNICEF-2019-1d9b2223e205
2019,UNICEF,Russian Federation,FSBSI CHUMAKOV FSC R&D IBP,"Pharmaceuticals, Contraceptives, Vaccines",727500.0,UNICEF-2019-d305aafae813
2019,UNICEF,Russian Federation,FSBSI CHUMAKOV FSC R&D IBP,"Pharmaceuticals, Contraceptives, Vaccines",727500.0,UNICEF-2019-4ef51ed8b206
2019,UNICEF,Russian Federation,FSBSI CHUMAKOV FSC R&D IBP,"Pharmaceuticals, Contraceptives, Vaccines",494312.0,UNICEF-2019-e5a7121424cb
2019,UNICEF,Russian Federation,FSBSI CHUMAKOV FSC R&D IBP,"Pharmaceuticals, Contraceptives, Vaccines",485000.0,UNICEF-2019-afd973b723af
2019,UNICEF,Russian Federation,FSBSI CHUMAKOV FSC R&D IBP,"Pharmaceuticals, Contraceptives, Vaccines",345514.0,UNICEF-2019-a588c028236f
2019,UNICEF,Russian Federation,FSBSI CHUMAKOV FSC R&D IBP,"Pharmaceuticals, Contraceptives, Vaccines",304774.0,UNICEF-2019-cef101012071
2019,UNICEF,Russian Federation,FSBSI CHUMAKOV FSC R&D IBP,"Pharmaceuticals, Contraceptives, Vaccines",302834.0,UNICEF-2019-99a3792ba252
2019,UNICEF,Russian Federation,FSBSI CHUMAKOV FSC R&D IBP,"Pharmaceuticals, Contraceptives, Vaccines",291291.0,UNICEF-2019-d0157a967a3b
2019,UNICEF,Russian Federation,FSBSI CHUMAKOV FSC R&D IBP,"Pharmaceuticals, Contraceptives, Vaccines",269660.0,UNICEF-2019-4e5923a6c34d
2019,UNICEF,Russian Federation,FSBSI CHUMAKOV FSC R&D IBP,"Pharmaceuticals, Contraceptives, Vaccines",269660.0,UNICEF-2019-5cd1b8f43ea0
2019,UNICEF,Russian Federation,FSBSI CHUMAKOV FSC R&D IBP,"Pharmaceuticals, Contraceptives, Vaccines",172757.0,UNICEF-2019-5440744e7201
2019,UNICEF,Russian Federation,FSBSI CHUMAKOV FSC R&D IBP,"Pharmaceuticals, Contraceptives, Vaccines",172757.0,UNICEF-2019-98d1c4d1dfc7
2019,UNICEF,Russian Federation,FSBSI CHUMAKOV FSC R&D IBP,"Pharmaceuticals, Contraceptives, Vaccines",160147.0,UNICEF-2019-170c6ec7d093
2019,UNICEF,Russian Federation,FSBSI CHUMAKOV FSC R&D IBP,"Pharmaceuticals, Contraceptives, Vaccines",160050.0,UNICEF-2019-2922bf1afcad
2019,UNICEF,Russian Federation,FSBSI CHUMAKOV FSC R&D IBP,"Pharmaceuticals, Contraceptives, Vaccines",144433.0,UNICEF-2019-2a2a39e2b229
2019,UNICEF,Russian Federation,FSBSI CHUMAKOV FSC R&D IBP,"Pharmaceuticals, Contraceptives, Vaccines",135412.0,UNICEF-2019-55fd18c60879
2019,UNICEF,Russian Federation,FSBSI CHUMAKOV FSC R&D IBP,"Pharmaceuticals, Contraceptives, Vaccines",125809.0,UNICEF-2019-93cf21c6fb7e
2019,UNICEF,Russian Federation,FSBSI CHUMAKOV FSC R&D IBP,"Pharmaceuticals, Contraceptives, Vaccines",124839.0,UNICEF-2019-e30ab99e16c8
2019,UNICEF,Russian Federation,FSBSI CHUMAKOV FSC R&D IBP,"Pharmaceuticals, Contraceptives, Vaccines",124160.0,UNICEF-2019-1e15dffc8b9c
2019,UNICEF,Russian Federation,FSBSI CHUMAKOV FSC R&D IBP,"Pharmaceuticals, Contraceptives, Vaccines",119989.0,UNICEF-2019-e115361358d0
2019,UNICEF,Russian Federation,FSBSI CHUMAKOV FSC R&D IBP,"Pharmaceuticals, Contraceptives, Vaccines",98164.0,UNICEF-2019-c743f7247f00
2019,UNICEF,Russian Federation,FSBSI CHUMAKOV FSC R&D IBP,"Pharmaceuticals, Contraceptives, Vaccines",97388.0,UNICEF-2019-58d2bbb06d33
2019,UNICEF,Russian Federation,FSBSI CHUMAKOV FSC R&D IBP,"Pharmaceuticals, Contraceptives, Vaccines",97000.0,UNICEF-2019-ac24c9a1d3be
2019,UNICEF,Russian Federation,FSBSI CHUMAKOV FSC R&D IBP,"Pharmaceuticals, Contraceptives, Vaccines",97000.0,UNICEF-2019-af8be5ba9609
2019,UNICEF,Russian Federation,FSBSI CHUMAKOV FSC R&D IBP,"Pharmaceuticals, Contraceptives, Vaccines",95836.0,UNICEF-2019-c1f44f1f5c04
2019,UNICEF,Russian Federation,FSBSI CHUMAKOV FSC R&D IBP,"Pharmaceuticals, Contraceptives, Vaccines",78764.0,UNICEF-2019-a98bf7d61453
2019,UNICEF,Russian Federation,FSBSI CHUMAKOV FSC R&D IBP,"Pharmaceuticals, Contraceptives, Vaccines",72750.0,UNICEF-2019-5e3bf6b77127
2019,UNICEF,Russian Federation,FSBSI CHUMAKOV FSC R&D IBP,"Pharmaceuticals, Contraceptives, Vaccines",59364.0,UNICEF-2019-ed925c128cb9
2019,UNICEF,Russian Federation,FSBSI CHUMAKOV FSC R&D IBP,"Pharmaceuticals, Contraceptives, Vaccines",55872.0,UNICEF-2019-304843c34a54
2019,UNICEF,Russian Federation,FSBSI CHUMAKOV FSC R&D IBP,"Pharmaceuticals, Contraceptives, Vaccines",49664.0,UNICEF-2019-7b3d05458a9d
2019,UNICEF,Russian Federation,FSBSI CHUMAKOV FSC R&D IBP,"Pharmaceuticals, Contraceptives, Vaccines",33853.0,UNICEF-2019-b302d4f4172c
2020,UNICEF,Russian Federation,FSBSI CHUMAKOV FSC R&D IBP,"Pharmaceuticals, Contraceptives, Vaccines",4656000.0,UNICEF-2020-ac4f87d0380d
2020,UNICEF,Russian Federation,FSBSI CHUMAKOV FSC R&D IBP,"Pharmaceuticals, Contraceptives, Vaccines",4093400.0,UNICEF-2020-0ff805993b1f
2020,UNICEF,Russian Federation,FSBSI CHUMAKOV FSC R&D IBP,"Pharmaceuticals, Contraceptives, Vaccines",3880000.0,UNICEF-2020-adbf937fea18
2020,UNICEF,Russian Federation,FSBSI CHUMAKOV FSC R&D IBP,"Pharmaceuticals, Contraceptives, Vaccines",3880000.0,UNICEF-2020-41ab958d8905
2020,UNICEF,Russian Federation,FSBSI CHUMAKOV FSC R&D IBP,"Pharmaceuticals, Contraceptives, Vaccines",2910000.0,UNICEF-2020-771cc91ca46d
2020,UNICEF,Russian Federation,FSBSI CHUMAKOV FSC R&D IBP,"Pharmaceuticals, Contraceptives, Vaccines",2466516.0,UNICEF-2020-2b4dc3220b4f
2020,UNICEF,Russian Federation,FSBSI CHUMAKOV FSC R&D IBP,"Pharmaceuticals, Contraceptives, Vaccines",1940000.0,UNICEF-2020-468ba61d0459
2020,UNICEF,Russian Federation,FSBSI CHUMAKOV FSC R&D IBP,"Pharmaceuticals, Contraceptives, Vaccines",1940000.0,UNICEF-2020-e8bcf32f5406
2020,UNICEF,Russian Federation,FSBSI CHUMAKOV FSC R&D IBP,"Pharmaceuticals, Contraceptives, Vaccines",1940000.0,UNICEF-2020-02a9bca975ad
2020,UNICEF,Russian Federation,FSBSI CHUMAKOV FSC R&D IBP,"Pharmaceuticals, Contraceptives, Vaccines",1687800.0,UNICEF-2020-0f3e07a3c167
2020,UNICEF,Russian Federation,FSBSI CHUMAKOV FSC R&D IBP,"Pharmaceuticals, Contraceptives, Vaccines",1328900.0,UNICEF-2020-7fe2ace911ef
2020,UNICEF,Russian Federation,FSBSI CHUMAKOV FSC R&D IBP,"Pharmaceuticals, Contraceptives, Vaccines",1261970.0,UNICEF-2020-1e313b24905b
2020,UNICEF,Russian Federation,FSBSI CHUMAKOV FSC R&D IBP,"Pharmaceuticals, Contraceptives, Vaccines",970000.0,UNICEF-2020-8421d24e6025
2020,UNICEF,Russian Federation,FSBSI CHUMAKOV FSC R&D IBP,"Pharmaceuticals, Contraceptives, Vaccines",873000.0,UNICEF-2020-5f5a5d57c201
2020,UNICEF,Russian Federation,FSBSI CHUMAKOV FSC R&D IBP,"Pharmaceuticals, Contraceptives, Vaccines",828865.0,UNICEF-2020-7122c273986c
2020,UNICEF,Russian Federation,FSBSI CHUMAKOV FSC R&D IBP,"Pharmaceuticals, Contraceptives, Vaccines",776000.0,UNICEF-2020-7e9256112e99
2020,UNICEF,Russian Federation,FSBSI CHUMAKOV FSC R&D IBP,"Pharmaceuticals, Contraceptives, Vaccines",758055.0,UNICEF-2020-1cf587726498
2020,UNICEF,Russian Federation,FSBSI CHUMAKOV FSC R&D IBP,"Pharmaceuticals, Contraceptives, Vaccines",666584.0,UNICEF-2020-5fcf6b882e3c
2020,UNICEF,Russian Federation,FSBSI CHUMAKOV FSC R&D IBP,"Pharmaceuticals, Contraceptives, Vaccines",661152.0,UNICEF-2020-726c68d69a13
2020,UNICEF,Russian Federation,FSBSI CHUMAKOV FSC R&D IBP,"Pharmaceuticals, Contraceptives, Vaccines",608190.0,UNICEF-2020-d85cb8558a80
2020,UNICEF,Russian Federation,FSBSI CHUMAKOV FSC R&D IBP,"Pharmaceuticals, Contraceptives, Vaccines",587820.0,UNICEF-2020-c5f8bd635f18
2020,UNICEF,Russian Federation,FSBSI CHUMAKOV FSC R&D IBP,"Pharmaceuticals, Contraceptives, Vaccines",587820.0,UNICEF-2020-db2c42ad67cc
2020,UNICEF,Russian Federation,FSBSI CHUMAKOV FSC R&D IBP,"Pharmaceuticals, Contraceptives, Vaccines",445230.0,UNICEF-2020-989a70e01346
2020,UNICEF,Russian Federation,FSBSI CHUMAKOV FSC R&D IBP,"Pharmaceuticals, Contraceptives, Vaccines",425830.0,UNICEF-2020-5c8115100658
2020,UNICEF,Russian Federation,FSBSI CHUMAKOV FSC R&D IBP,"Pharmaceuticals, Contraceptives, Vaccines",402744.0,UNICEF-2020-efdb8f1ebc99
2020,UNICEF,Russian Federation,FSBSI CHUMAKOV FSC R&D IBP,"Pharmaceuticals, Contraceptives, Vaccines",384896.0,UNICEF-2020-0f49770a3450
2020,UNICEF,Russian Federation,FSBSI CHUMAKOV FSC R&D IBP,"Pharmaceuticals, Contraceptives, Vaccines",368600.0,UNICEF-2020-67c9e72d73f1
2020,UNICEF,Russian Federation,FSBSI CHUMAKOV FSC R&D IBP,"Pharmaceuticals, Contraceptives, Vaccines",368406.0,UNICEF-2020-f39fa00d67fa
2020,UNICEF,Russian Federation,FSBSI CHUMAKOV FSC R&D IBP,"Pharmaceuticals, Contraceptives, Vaccines",361616.0,UNICEF-2020-3b8a1b24a485
2020,UNICEF,Russian Federation,FSBSI CHUMAKOV FSC R&D IBP,"Pharmaceuticals, Contraceptives, Vaccines",352886.0,UNICEF-2020-bf3618939dfa
2020,UNICEF,Russian Federation,FSBSI CHUMAKOV FSC R&D IBP,"Pharmaceuticals, Contraceptives, Vaccines",339791.0,UNICEF-2020-bf22c0398ee9
2020,UNICEF,Russian Federation,FSBSI CHUMAKOV FSC R&D IBP,"Pharmaceuticals, Contraceptives, Vaccines",321070.0,UNICEF-2020-588855b96da7
2020,UNICEF,Russian Federation,FSBSI CHUMAKOV FSC R&D IBP,"Pharmaceuticals, Contraceptives, Vaccines",291291.0,UNICEF-2020-4995618713dd
2020,UNICEF,Russian Federation,FSBSI CHUMAKOV FSC R&D IBP,"Pharmaceuticals, Contraceptives, Vaccines",291000.0,UNICEF-2020-652ad90a5eaf
2020,UNICEF,Russian Federation,FSBSI CHUMAKOV FSC R&D IBP,"Pharmaceuticals, Contraceptives, Vaccines",275965.0,UNICEF-2020-6a250e15d6ff
2020,UNICEF,Russian Federation,FSBSI CHUMAKOV FSC R&D IBP,"Pharmaceuticals, Contraceptives, Vaccines",170429.0,UNICEF-2020-05d64902ed40
2020,UNICEF,Russian Federation,FSBSI CHUMAKOV FSC R&D IBP,"Pharmaceuticals, Contraceptives, Vaccines",164803.0,UNICEF-2020-ec440cd88007
2020,UNICEF,Russian Federation,FSBSI CHUMAKOV FSC R&D IBP,"Pharmaceuticals, Contraceptives, Vaccines",117079.0,UNICEF-2020-056943f23f29
2020,UNICEF,Russian Federation,FSBSI CHUMAKOV FSC R&D IBP,"Pharmaceuticals, Contraceptives, Vaccines",100201.0,UNICEF-2020-65dfff2024fb
2020,UNICEF,Russian Federation,FSBSI CHUMAKOV FSC R&D IBP,"Pharmaceuticals, Contraceptives, Vaccines",90501.0,UNICEF-2020-32a002b3e44e
2020,UNICEF,Russian Federation,FSBSI CHUMAKOV FSC R&D IBP,"Pharmaceuticals, Contraceptives, Vaccines",79152.0,UNICEF-2020-83061d6d4935
2020,UNICEF,Russian Federation,FSBSI CHUMAKOV FSC R&D IBP,"Pharmaceuticals, Contraceptives, Vaccines",61595.0,UNICEF-2020-87256b36e6b5
2020,UNICEF,Russian Federation,FSBSI CHUMAKOV FSC R&D IBP,"Pharmaceuticals, Contraceptives, Vaccines",48500.0,UNICEF-2020-bb2e648e5729
2020,UNICEF,Russian Federation,FSBSI CHUMAKOV FSC R&D IBP,"Pharmaceuticals, Contraceptives, Vaccines",38024.0,UNICEF-2020-7954f14aa80c
2020,UNICEF,Russian Federation,FSBSI CHUMAKOV FSC R&D IBP,"Pharmaceuticals, Contraceptives, Vaccines",37830.0,UNICEF-2020-59142040b421
2024,UNICEF,Russian Federation,FSBSI CHUMAKOV FSC R&D IBP,"Pharmaceuticals, Contraceptives, Vaccines",6095000.0,UNICEF-2024-17733c2ffbc2
2024,UNICEF,Russian Federation,FSBSI CHUMAKOV FSC R&D IBP,"Pharmaceuticals, Contraceptives, Vaccines",3934150.0,UNICEF-2024-1091ba6067dc
2024,UNICEF,Russian Federation,FSBSI CHUMAKOV FSC R&D IBP,"Pharmaceuticals, Contraceptives, Vaccines",2300000.0,UNICEF-2024-b28b636b6ab5
2024,UNICEF,Russian Federation,FSBSI CHUMAKOV FSC R&D IBP,"Pharmaceuticals, Contraceptives, Vaccines",2300000.0,UNICEF-2024-f9d56b660d94
2024,UNICEF,Russian Federation,FSBSI CHUMAKOV FSC R&D IBP,"Pharmaceuticals, Contraceptives, Vaccines",2109215.0,UNICEF-2024-bfb1b36faf20
2024,UNICEF,Russian Federation,FSBSI CHUMAKOV FSC R&D IBP,"Pharmaceuticals, Contraceptives, Vaccines",1840000.0,UNICEF-2024-99d5ccd312fb
2024,UNICEF,Russian Federation,FSBSI CHUMAKOV FSC R&D IBP,"Pharmaceuticals, Contraceptives, Vaccines",1725000.0,UNICEF-2024-719bbf1ef392
2024,UNICEF,Russian Federation,FSBSI CHUMAKOV FSC R&D IBP,"Pharmaceuticals, Contraceptives, Vaccines",1495000.0,UNICEF-2024-6263ffac9dc9
2024,UNICEF,Russian Federation,FSBSI CHUMAKOV FSC R&D IBP,"Pharmaceuticals, Contraceptives, Vaccines",1434970.0,UNICEF-2024-9314e1f0b409
2024,UNICEF,Russian Federation,FSBSI CHUMAKOV FSC R&D IBP,"Pharmaceuticals, Contraceptives, Vaccines",1230270.0,UNICEF-2024-ac419a00b5a7
2024,UNICEF,Russian Federation,FSBSI CHUMAKOV FSC R&D IBP,"Pharmaceuticals, Contraceptives, Vaccines",1150000.0,UNICEF-2024-43cbee647baf
2024,UNICEF,Russian Federation,FSBSI CHUMAKOV FSC R&D IBP,"Pharmaceuticals, Contraceptives, Vaccines",1150000.0,UNICEF-2024-e32dcf4813b8
2024,UNICEF,Russian Federation,FSBSI CHUMAKOV FSC R&D IBP,"Pharmaceuticals, Contraceptives, Vaccines",1020395.0,UNICEF-2024-8b0f0a2ab947
2024,UNICEF,Russian Federation,FSBSI CHUMAKOV FSC R&D IBP,"Pharmaceuticals, Contraceptives, Vaccines",940240.0,UNICEF-2024-74007965ad7a
2024,UNICEF,Russian Federation,FSBSI CHUMAKOV FSC R&D IBP,"Pharmaceuticals, Contraceptives, Vaccines",862500.0,UNICEF-2024-337069571fc7
2024,UNICEF,Russian Federation,FSBSI CHUMAKOV FSC R&D IBP,"Pharmaceuticals, Contraceptives, Vaccines",862500.0,UNICEF-2024-45ca2da4d759
2024,UNICEF,Russian Federation,FSBSI CHUMAKOV FSC R&D IBP,"Pharmaceuticals, Contraceptives, Vaccines",780735.0,UNICEF-2024-25e89806d724
2024,UNICEF,Russian Federation,FSBSI CHUMAKOV FSC R&D IBP,"Pharmaceuticals, Contraceptives, Vaccines",777515.0,UNICEF-2024-43d84ebcf24c
2024,UNICEF,Russian Federation,FSBSI CHUMAKOV FSC R&D IBP,"Pharmaceuticals, Contraceptives, Vaccines",696900.0,UNICEF-2024-cf2391af8cad
2024,UNICEF,Russian Federation,FSBSI CHUMAKOV FSC R&D IBP,"Pharmaceuticals, Contraceptives, Vaccines",690000.0,UNICEF-2024-924099876e0c
2024,UNICEF,Russian Federation,FSBSI CHUMAKOV FSC R&D IBP,"Pharmaceuticals, Contraceptives, Vaccines",666360.0,UNICEF-2024-c12227a9065a
2024,UNICEF,Russian Federation,FSBSI CHUMAKOV FSC R&D IBP,"Pharmaceuticals, Contraceptives, Vaccines",609730.0,UNICEF-2024-4152429a9506
2024,UNICEF,Russian Federation,FSBSI CHUMAKOV FSC R&D IBP,"Pharmaceuticals, Contraceptives, Vaccines",577125.0,UNICEF-2024-5fd906b1d8f8
2024,UNICEF,Russian Federation,FSBSI CHUMAKOV FSC R&D IBP,"Pharmaceuticals, Contraceptives, Vaccines",472190.0,UNICEF-2024-e21f7ae5b70e
2024,UNICEF,Russian Federation,FSBSI CHUMAKOV FSC R&D IBP,"Pharmaceuticals, Contraceptives, Vaccines",459310.0,UNICEF-2024-d22dea8bac8e
2024,UNICEF,Russian Federation,FSBSI CHUMAKOV FSC R&D IBP,"Pharmaceuticals, Contraceptives, Vaccines",455170.0,UNICEF-2024-f84243e4efaf
2024,UNICEF,Russian Federation,FSBSI CHUMAKOV FSC R&D IBP,"Pharmaceuticals, Contraceptives, Vaccines",428950.0,UNICEF-2024-02fd6d7b28dd
2024,UNICEF,Russian Federation,FSBSI CHUMAKOV FSC R&D IBP,"Pharmaceuticals, Contraceptives, Vaccines",410492.5,UNICEF-2024-a3aa5a31340b
2024,UNICEF,Russian Federation,FSBSI CHUMAKOV FSC R&D IBP,"Pharmaceuticals, Contraceptives, Vaccines",395255.0,UNICEF-2024-9d56ded37d01
2024,UNICEF,Russian Federation,FSBSI CHUMAKOV FSC R&D IBP,"Pharmaceuticals, Contraceptives, Vaccines",374095.0,UNICEF-2024-87cceb54e8ea
2024,UNICEF,Russian Federation,FSBSI CHUMAKOV FSC R&D IBP,"Pharmaceuticals, Contraceptives, Vaccines",347760.0,UNICEF-2024-a79eb7f16596
2024,UNICEF,Russian Federation,FSBSI CHUMAKOV FSC R&D IBP,"Pharmaceuticals, Contraceptives, Vaccines",345000.0,UNICEF-2024-7fc046ffadac
2024,UNICEF,Russian Federation,FSBSI CHUMAKOV FSC R&D IBP,"Pharmaceuticals, Contraceptives, Vaccines",345000.0,UNICEF-2024-aaeebd11e64c
2024,UNICEF,Russian Federation,FSBSI CHUMAKOV FSC R&D IBP,"Pharmaceuticals, Contraceptives, Vaccines",291870.0,UNICEF-2024-88b7c808f397
2024,UNICEF,Russian Federation,FSBSI CHUMAKOV FSC R&D IBP,"Pharmaceuticals, Contraceptives, Vaccines",277610.0,UNICEF-2024-1cca6a957840
2024,UNICEF,Russian Federation,FSBSI CHUMAKOV FSC R&D IBP,"Pharmaceuticals, Contraceptives, Vaccines",267260.0,UNICEF-2024-a56d11404613
2024,UNICEF,Russian Federation,FSBSI CHUMAKOV FSC R&D IBP,"Pharmaceuticals, Contraceptives, Vaccines",257370.0,UNICEF-2024-48e195341c08
2024,UNICEF,Russian Federation,FSBSI CHUMAKOV FSC R&D IBP,"Pharmaceuticals, Contraceptives, Vaccines",229425.0,UNICEF-2024-951cb4aadb03
2024,UNICEF,Russian Federation,FSBSI CHUMAKOV FSC R&D IBP,"Pharmaceuticals, Contraceptives, Vaccines",211255.0,UNICEF-2024-1cb60c90e8c9
2024,UNICEF,Russian Federation,FSBSI CHUMAKOV FSC R&D IBP,"Pharmaceuticals, Contraceptives, Vaccines",191245.0,UNICEF-2024-6a61835094e9
2024,UNICEF,Russian Federation,FSBSI CHUMAKOV FSC R&D IBP,"Pharmaceuticals, Contraceptives, Vaccines",158240.0,UNICEF-2024-466c035be973
2024,UNICEF,Russian Federation,FSBSI CHUMAKOV FSC R&D IBP,"Pharmaceuticals, Contraceptives, Vaccines",150305.0,UNICEF-2024-eebda35a8011
2024,UNICEF,Russian Federation,FSBSI CHUMAKOV FSC R&D IBP,"Pharmaceuticals, Contraceptives, Vaccines",109250.0,UNICEF-2024-ab72778e7a90
2024,UNICEF,Russian Federation,FSBSI CHUMAKOV FSC R&D IBP,"Pharmaceuticals, Contraceptives, Vaccines",100970.0,UNICEF-2024-0bc6489e2281
2024,UNICEF,Russian Federation,FSBSI CHUMAKOV FSC R&D IBP,"Pharmaceuticals, Contraceptives, Vaccines",92000.0,UNICEF-2024-f58149d7068b
2024,UNICEF,Russian Federation,FSBSI CHUMAKOV FSC R&D IBP,"Pharmaceuticals, Contraceptives, Vaccines",82685.0,UNICEF-2024-e1eee967c6db
2024,UNICEF,Russian Federation,FSBSI CHUMAKOV FSC R&D IBP,"Pharmaceuticals, Contraceptives, Vaccines",75785.0,UNICEF-2024-d4516e9d1e60
2024,UNICEF,Russian Federation,FSBSI CHUMAKOV FSC R&D IBP,"Pharmaceuticals, Contraceptives, Vaccines",73600.0,UNICEF-2024-b8cfaf14d65f
2024,UNICEF,Russian Federation,FSBSI CHUMAKOV FSC R&D IBP,"Pharmaceuticals, Contraceptives, Vaccines",62675.0,UNICEF-2024-3a0361d4a1ee
2024,UNICEF,Russian Federation,FSBSI CHUMAKOV FSC R&D IBP,"Pharmaceuticals, Contraceptives, Vaccines",62100.0,UNICEF-2024-976ef64852ff
2024,UNICEF,Russian Federation,FSBSI CHUMAKOV FSC R&D IBP,"Pharmaceuticals, Contraceptives, Vaccines",57500.0,UNICEF-2024-d059139c9871
2024,UNICEF,Russian Federation,FSBSI CHUMAKOV FSC R&D IBP,"Pharmaceuticals, Contraceptives, Vaccines",48300.0,UNICEF-2024-d46a9679e152
2024,UNICEF,Russian Federation,FSBSI CHUMAKOV FSC R&D IBP,"Pharmaceuticals, Contraceptives, Vaccines",30820.0,UNICEF-2024-a80cfd6633c3
2025,UNICEF,Russian Federation,FSBSI CHUMAKOV FSC R&D IBP,"Pharmaceuticals, Contraceptives, Vaccines",5750000.0,UNICEF-2025-a63712261f69
2025,UNICEF,Russian Federation,FSBSI CHUMAKOV FSC R&D IBP,"Pharmaceuticals, Contraceptives, Vaccines",3596050.0,UNICEF-2025-4d43f9954853
2025,UNICEF,Russian Federation,FSBSI CHUMAKOV FSC R&D IBP,"Pharmaceuticals, Contraceptives, Vaccines",3110560.0,UNICEF-2025-9cc882185268
2025,UNICEF,Russian Federation,FSBSI CHUMAKOV FSC R&D IBP,"Pharmaceuticals, Contraceptives, Vaccines",3017715.0,UNICEF-2025-2241d505a9ed
2025,UNICEF,Russian Federation,FSBSI CHUMAKOV FSC R&D IBP,"Pharmaceuticals, Contraceptives, Vaccines",2465255.0,UNICEF-2025-7e14bf1d6230
2025,UNICEF,Russian Federation,FSBSI CHUMAKOV FSC R&D IBP,"Pharmaceuticals, Contraceptives, Vaccines",2355200.0,UNICEF-2025-8e7c37f1e7ed
2025,UNICEF,Russian Federation,FSBSI CHUMAKOV FSC R&D IBP,"Pharmaceuticals, Contraceptives, Vaccines",2070000.0,UNICEF-2025-e3d0113f95cf
2025,UNICEF,Russian Federation,FSBSI CHUMAKOV FSC R&D IBP,"Pharmaceuticals, Contraceptives, Vaccines",945300.0,UNICEF-2025-b1c835c4796e
2025,UNICEF,Russian Federation,FSBSI CHUMAKOV FSC R&D IBP,"Pharmaceuticals, Contraceptives, Vaccines",782865.0,UNICEF-2025-717c094276e4
2025,UNICEF,Russian Federation,FSBSI CHUMAKOV FSC R&D IBP,"Pharmaceuticals, Contraceptives, Vaccines",745200.0,UNICEF-2025-d682d5a2e801
2025,UNICEF,Russian Federation,FSBSI CHUMAKOV FSC R&D IBP,"Pharmaceuticals, Contraceptives, Vaccines",745200.0,UNICEF-2025-21ed663e0ebc
2025,UNICEF,Russian Federation,FSBSI CHUMAKOV FSC R&D IBP,"Pharmaceuticals, Contraceptives, Vaccines",725650.0,UNICEF-2025-83097997f781
2025,UNICEF,Russian Federation,FSBSI CHUMAKOV FSC R&D IBP,"Pharmaceuticals, Contraceptives, Vaccines",715530.0,UNICEF-2025-c9d14c145056
2025,UNICEF,Russian Federation,FSBSI CHUMAKOV FSC R&D IBP,"Pharmaceuticals, Contraceptives, Vaccines",695750.0,UNICEF-2025-ff6c8328f1fc
2025,UNICEF,Russian Federation,FSBSI CHUMAKOV FSC R&D IBP,"Pharmaceuticals, Contraceptives, Vaccines",556140.0,UNICEF-2025-446dddaf189d
2025,UNICEF,Russian Federation,FSBSI CHUMAKOV FSC R&D IBP,"Pharmaceuticals, Contraceptives, Vaccines",368690.0,UNICEF-2025-ac99116f3bdd
2025,UNICEF,Russian Federation,FSBSI CHUMAKOV FSC R&D IBP,"Pharmaceuticals, Contraceptives, Vaccines",337500.0,UNICEF-2025-db806ca084e6
2025,UNICEF,Russian Federation,FSBSI CHUMAKOV FSC R&D IBP,"Pharmaceuticals, Contraceptives, Vaccines",337500.0,UNICEF-2025-dba6fc980cd4
2025,UNICEF,Russian Federation,FSBSI CHUMAKOV FSC R&D IBP,"Pharmaceuticals, Contraceptives, Vaccines",309925.0,UNICEF-2025-f533f83b2c62
2025,UNICEF,Russian Federation,FSBSI CHUMAKOV FSC R&D IBP,"Pharmaceuticals, Contraceptives, Vaccines",289170.0,UNICEF-2025-f5e7dcfbd5d5
2025,UNICEF,Russian Federation,FSBSI CHUMAKOV FSC R&D IBP,"Pharmaceuticals, Contraceptives, Vaccines",270710.0,UNICEF-2025-30cd7e07d49a
2025,UNICEF,Russian Federation,FSBSI CHUMAKOV FSC R&D IBP,"Pharmaceuticals, Contraceptives, Vaccines",166865.0,UNICEF-2025-58e60e04601e
2025,UNICEF,Russian Federation,FSBSI CHUMAKOV FSC R&D IBP,"Pharmaceuticals, Contraceptives, Vaccines",166750.0,UNICEF-2025-d3999684fb4f
2025,UNICEF,Russian Federation,FSBSI CHUMAKOV FSC R&D IBP,"Pharmaceuticals, Contraceptives, Vaccines",154100.0,UNICEF-2025-28966e965ba1
2025,UNICEF,Russian Federation,FSBSI CHUMAKOV FSC R&D IBP,"Pharmaceuticals, Contraceptives, Vaccines",95910.0,UNICEF-2025-b96b886cd86e
2025,UNICEF,Russian Federation,FSBSI CHUMAKOV FSC R&D IBP,"Pharmaceuticals, Contraceptives, Vaccines",94500.0,UNICEF-2025-b775bc8aebda
2025,UNICEF,Russian Federation,FSBSI CHUMAKOV FSC R&D IBP,"Pharmaceuticals, Contraceptives, Vaccines",57500.0,UNICEF-2025-5034e84146e5
2025,UNICEF,Russian Federation,FSBSI CHUMAKOV FSC R&D IBP,"Pharmaceuticals, Contraceptives, Vaccines",54000.0,UNICEF-2025-57fd0f95b37d
2025,UNICEF,Russian Federation,FSBSI CHUMAKOV FSC R&D IBP,"Pharmaceuticals, Contraceptives, Vaccines",45195.0,UNICEF-2025-d57395a3e1c6
2025,UNICEF,Russian Federation,FSBSI CHUMAKOV FSC R&D IBP,"Pharmaceuticals, Contraceptives, Vaccines",40500.0,UNICEF-2025-640cc8484f26
2025,UNICEF,Russian Federation,FSBSI CHUMAKOV FSC R&D IBP,"Pharmaceuticals, Contraceptives, Vaccines",40500.0,UNICEF-2025-b8d7f73cea40
2025,UNICEF,Russian Federation,FSBSI CHUMAKOV FSC R&D IBP,"Pharmaceuticals, Contraceptives, Vaccines",35842.5,UNICEF-2025-46f48f59801f
2022,UNICEF,Russian Federation,FSUE GOSZAGRANSOBSTVENNOST,Management and Admin Services,30746.1,UNICEF-2022-55c25b4bfd41
2015,UNICEF,Russian Federation,FSUE OF CHUMAKOV IPVE RAMS,"Pharmaceuticals, Contraceptives, Vaccines",15700734.0,UNICEF-2015-c5e87cc31f07
2016,UNICEF,Russian Federation,FSUE OF CHUMAKOV IPVE RAMS,"Pharmaceuticals, Contraceptives, Vaccines",16795363.2,UNICEF-2016-506e2531539a
2015,IAEA,Russian Federation,FSUE SRI SIA LUCH,Industrial Cleaning Services,558000.0,IAEA-2015-8db916a056d8
2015,IAEA,Russian Federation,FSUE “RADON”,Laboratory and Testing Equipment,70078.17,IAEA-2015-aa518aed2ba6
2017,IAEA,Russian Federation,FSUE “RADON”,Industrial Cleaning Services,47138.05,IAEA-2017-60b0370fac4a
2017,UNAIDS,Russian Federation,FUND AIDS INFOSHARE,Politics and Civic Affairs Services,1308975.0,UNAIDS-2017-bf44dcf9f91b
2017,UNAIDS,Russian Federation,FUND AIDS INFOSHARE,Politics and Civic Affairs Services,425000.0,UNAIDS-2017-0b3c9add8f92
2016,WHO,Russian Federation,GABRICHEVSKY RESEARCH INSTITUTE OF EPIDEMIOLOGY AND MICROBIOLOGY,Healthcare Services,80500.0,WHO-2016-af39a06fe24f
2015,UNIDO,Russian Federation,GALS LTD,Engineering and Research Services,33790.52,UNIDO-2015-4675fe54bf69
2018,UNICEF,Russian Federation,GAZ GROUP COMMERCIAL VEHICLES LLC,Motor Vehicles and Parts,114300.0,UNICEF-2018-1a95b69568cb
2018,UNICEF,Russian Federation,GAZ GROUP COMMERCIAL VEHICLES LLC,Motor Vehicles and Parts,45720.0,UNICEF-2018-c77329503ca5
2018,UNICEF,Russian Federation,GAZ GROUP COMMERCIAL VEHICLES LLC,Motor Vehicles and Parts,45720.0,UNICEF-2018-97ed78bb1d58
2016,UNDP,Russian Federation,"GAZ GROUP COMMERCIAL VEHICLES, LLC",Building and Construction Machinery,426000.0,UNDP-2016-5208cc236f9c
2016,UNDP,Russian Federation,"GAZ GROUP COMMERCIAL VEHICLES, LLC",Management and Admin Services,44000.0,UNDP-2016-5208cc236f9c
2017,UNDP,Russian Federation,"GAZ GROUP COMMERCIAL VEHICLES, LLC",Motor Vehicles and Parts,73710.0,UNDP-2017-ba8b92dcae93
2017,UNDP,Russian Federation,"GAZ GROUP COMMERCIAL VEHICLES, LLC",Management and Admin Services,6500.0,UNDP-2017-ba8b92dcae93
2017,UNDP,Russian Federation,"GAZ GROUP COMMERCIAL VEHICLES, LLC",Financial and Insurance Services,890.0,UNDP-2017-ba8b92dcae93
2016,UNIDO,Russian Federation,GEOLINEPROJECT LTD,Engineering and Research Services,31981.54,UNIDO-2016-4818ae8aea01
2017,UNIDO,Russian Federation,GEOLINEPROJECT LTD,Engineering and Research Services,42826.88,UNIDO-2017-9785dd97cf7d
2018,UNIDO,Russian Federation,GEOLINEPROJECT LTD,Laboratory and Testing Equipment,199753.42,UNIDO-2018-d50731352706
2018,UNIDO,Russian Federation,GEOLINEPROJECT LTD,Laboratory and Testing Equipment,199753.42,UNIDO-2018-440b305abf48
2015,UNDP,Russian Federation,GEORGY VOLOVIK,Management and Admin Services,30000.0,UNDP-2015-0eb32a9dfcf4
2017,UNDP,Russian Federation,GGI PRIBOR,"Farming, Fishing, Forestry Services",34260.0,UNDP-2017-19fc86dd2435
2017,UNDP,Russian Federation,GGI PRIBOR,"Transportation, Storage, Mail Services",2635.0,UNDP-2017-19fc86dd2435
2017,UNDP,Russian Federation,GGI PRIBOR,Education and Training Services,1750.0,UNDP-2017-19fc86dd2435
2019,WHO,Russian Federation,GLAVUPDK,Management and Admin Services,405012.0,WHO-2019-2f210ee55400
2019,WHO,Russian Federation,GLAVUPDK,Management and Admin Services,399432.62,WHO-2019-0be7a9d4bd30
2019,WHO,Russian Federation,GLAVUPDK,Management and Admin Services,399432.62,WHO-2019-9e4acf6a8be8
2019,WHO,Russian Federation,GLAVUPDK,Management and Admin Services,266288.62,WHO-2019-fad952c4e099
2019,WHO,Russian Federation,GLAVUPDK,Management and Admin Services,133125.55,WHO-2019-af50328afc71
2019,UNAIDS,Russian Federation,GLAVUPDK,Motor Vehicles and Parts,58806.62,UNAIDS-2019-9d20254ec3c1
2019,UNAIDS,Russian Federation,GLAVUPDK,IT and Communications Equipment,58806.62,UNAIDS-2019-ee40f4862077
2019,UNAIDS,Russian Federation,GLAVUPDK,"Transportation, Storage, Mail Services",58722.46,UNAIDS-2019-7d3042b39732
2019,UNAIDS,Russian Federation,GLAVUPDK,IT and Communications Equipment,39204.41,UNAIDS-2019-9225c2fc2b28
2020,WHO,Russian Federation,GLAVUPDK,Management and Admin Services,405012.0,WHO-2020-2521f532122c
2020,WHO,Russian Federation,GLAVUPDK,Management and Admin Services,405012.0,WHO-2020-4c8b7411cd7e
2020,WHO,Russian Federation,GLAVUPDK,Management and Admin Services,405012.0,WHO-2020-95da34731e81
2020,WHO,Russian Federation,GLAVUPDK,Management and Admin Services,405012.0,WHO-2020-75798e8e7eaf
2021,WHO,Russian Federation,GLAVUPDK,Management and Admin Services,405012.0,WHO-2021-f392f89ed421
2021,WHO,Russian Federation,GLAVUPDK,Management and Admin Services,405012.0,WHO-2021-650a3e64edb0
2021,WHO,Russian Federation,GLAVUPDK,Management and Admin Services,405012.0,WHO-2021-66823ea8fc97
2021,WHO,Russian Federation,GLAVUPDK,Management and Admin Services,405012.0,WHO-2021-520100c2dcfd
2021,UNAIDS,Russian Federation,GLAVUPDK,Engineering and Research Services,53879.0,UNAIDS-2021-19cc9c9e2ce4
2021,UNAIDS,Russian Federation,GLAVUPDK,Engineering and Research Services,53879.0,UNAIDS-2021-461ba37491ec
2021,UNAIDS,Russian Federation,GLAVUPDK,Engineering and Research Services,53879.0,UNAIDS-2021-16d405aaa4e5
2021,UNAIDS,Russian Federation,GLAVUPDK,Engineering and Research Services,53879.0,UNAIDS-2021-5f11b7959402
2024,UNHCR,Russian Federation,GLAVUPDK,Management and Admin Services,234125.86,UNHCR-2024-0305f13a8760
2024,UNHCR,Russian Federation,GLAVUPDK,Building and Maintenance Services,233390.61,UNHCR-2024-e8aa15dff917
2024,UN Secretariat,Russian Federation,GLAVUPDK - THE MAIN PRODUCTION AND,Management and Admin Services,67994.85,UN Secretariat-2024-53a237cbd93c
2025,UN Secretariat,Russian Federation,GLAVUPDK - THE MAIN PRODUCTION AND,Management and Admin Services,33965.1,UN Secretariat-2025-35fcaef7c755
2025,UN Secretariat,Russian Federation,GLAVUPDK - THE MAIN PRODUCTION AND,Building and Maintenance Services,30731.0,UN Secretariat-2025-621502952d00
2015,UNESCO,Russian Federation,GLOBAL SECURITY LLC CHOP,Public Order and Security Services,60509.34,UNESCO-2015-937557850981
2018,UNIDO,Russian Federation,GUBKIN RUSSIAN STATE UNIVERSITY OF,Building and Construction Machinery,877917.0,UNIDO-2018-f79556004837
2022,UNDP,Russian Federation,GUBKIN UNIVERSITY,Engineering and Research Services,438958.5,UNDP-2022-b336e2852350
2016,UNDP,Russian Federation,HAY GROUP LLC,Politics and Civic Affairs Services,830874.73,UNDP-2016-b222320b80d3
2017,UNDP,Russian Federation,HAY GROUP LLC,Politics and Civic Affairs Services,442202.62,UNDP-2017-1c0608f0ba4e
2018,UNDP,Russian Federation,HAY GROUP LLC,Politics and Civic Affairs Services,426922.67,UNDP-2018-6ef1e7bf3394
2016,UNDP,Russian Federation,HIGHER SCHOOL OF ECONOMICS NRU,Education and Training Services,38823.46,UNDP-2016-ebfc6bb44df3
2024,ILO,Russian Federation,HIGHLIGHT GROUP MMC,"Transportation, Storage, Mail Services",48190.0,ILO-2024-090d9a83f295
2017,UNAIDS,Russian Federation,HUMANITARIAN ACTION CHARITABLE SOCIAL FUND FOR MEDICAL AND SOCIAL PROGRAMMES,Politics and Civic Affairs Services,108090.0,UNAIDS-2017-b8601f09d26e
2017,WFP,Russian Federation,IMPULSEDIALOGUE COMPANY,Food and Beverage Products,1865790.0,WFP-2017-307c5b884c0d
2017,WFP,Russian Federation,IMPULSEDIALOGUE COMPANY,Food and Beverage Products,1425444.0,WFP-2017-f45ee696d6db
2017,WFP,Russian Federation,IMPULSEDIALOGUE COMPANY,Food and Beverage Products,1306513.96,WFP-2017-751074d6e531
2017,WFP,Russian Federation,IMPULSEDIALOGUE COMPANY,Food and Beverage Products,1111563.44,WFP-2017-022efaacd16d
2017,WFP,Russian Federation,IMPULSEDIALOGUE COMPANY,Food and Beverage Products,915223.6,WFP-2017-e3a71378c790
2017,WFP,Russian Federation,IMPULSEDIALOGUE COMPANY,Food and Beverage Products,909165.83,WFP-2017-3121c635c461
2017,WFP,Russian Federation,IMPULSEDIALOGUE COMPANY,Food and Beverage Products,820732.5,WFP-2017-a810c77055ea
2017,WFP,Russian Federation,IMPULSEDIALOGUE COMPANY,Food and Beverage Products,778734.0,WFP-2017-6406ebe647e7
2017,WFP,Russian Federation,IMPULSEDIALOGUE COMPANY,Food and Beverage Products,517725.0,WFP-2017-dae0751d0bdb
2017,WFP,Russian Federation,IMPULSEDIALOGUE COMPANY,Food and Beverage Products,463680.0,WFP-2017-4d4e4738cd22
2017,WFP,Russian Federation,IMPULSEDIALOGUE COMPANY,Food and Beverage Products,411451.2,WFP-2017-146266755faa
2017,WFP,Russian Federation,IMPULSEDIALOGUE COMPANY,Food and Beverage Products,377079.71,WFP-2017-efbd80e119b7
2017,WFP,Russian Federation,IMPULSEDIALOGUE COMPANY,Food and Beverage Products,358270.1,WFP-2017-37b87bfe3b1e
2017,WFP,Russian Federation,IMPULSEDIALOGUE COMPANY,Food and Beverage Products,352397.5,WFP-2017-ec96f9b150d6
2017,WFP,Russian Federation,IMPULSEDIALOGUE COMPANY,Food and Beverage Products,346380.0,WFP-2017-2c1b3df88ec0
2017,WFP,Russian Federation,IMPULSEDIALOGUE COMPANY,Food and Beverage Products,251130.6,WFP-2017-2366e0d8ab43
2017,WFP,Russian Federation,IMPULSEDIALOGUE COMPANY,Food and Beverage Products,189870.0,WFP-2017-504654482aee
2017,WFP,Russian Federation,IMPULSEDIALOGUE COMPANY,Food and Beverage Products,177680.0,WFP-2017-04362a204701
2017,WFP,Russian Federation,IMPULSEDIALOGUE COMPANY,Food and Beverage Products,144168.59,WFP-2017-8feeb247414f
2018,WFP,Russian Federation,IMPULSEDIALOGUE COMPANY,Food and Beverage Products,2854372.5,WFP-2018-5f70f42e4a7d
2018,WFP,Russian Federation,IMPULSEDIALOGUE COMPANY,Food and Beverage Products,2608132.5,WFP-2018-3254dd7c80f8
2018,WFP,Russian Federation,IMPULSEDIALOGUE COMPANY,Food and Beverage Products,2515470.0,WFP-2018-b603dcd8dabc
2018,WFP,Russian Federation,IMPULSEDIALOGUE COMPANY,Food and Beverage Products,1594080.0,WFP-2018-d744e036e342
2018,WFP,Russian Federation,IMPULSEDIALOGUE COMPANY,Food and Beverage Products,1207912.5,WFP-2018-cf6cc1add063
2018,WFP,Russian Federation,IMPULSEDIALOGUE COMPANY,Food and Beverage Products,1000101.87,WFP-2018-606292240b3a
2018,WFP,Russian Federation,IMPULSEDIALOGUE COMPANY,Food and Beverage Products,959672.7,WFP-2018-f79f18b18e73
2018,WFP,Russian Federation,IMPULSEDIALOGUE COMPANY,Food and Beverage Products,951210.0,WFP-2018-fb56b2e1e3be
2018,WFP,Russian Federation,IMPULSEDIALOGUE COMPANY,Food and Beverage Products,696397.5,WFP-2018-a20025a98b53
2018,WFP,Russian Federation,IMPULSEDIALOGUE COMPANY,Food and Beverage Products,569700.0,WFP-2018-49d068aaf8d1
2018,WFP,Russian Federation,IMPULSEDIALOGUE COMPANY,Food and Beverage Products,507870.0,WFP-2018-1db47a15d069
2018,WFP,Russian Federation,IMPULSEDIALOGUE COMPANY,Food and Beverage Products,498600.0,WFP-2018-0ed7a719b1c3
2018,WFP,Russian Federation,IMPULSEDIALOGUE COMPANY,Food and Beverage Products,493537.44,WFP-2018-ed18e3557e21
2018,WFP,Russian Federation,IMPULSEDIALOGUE COMPANY,Food and Beverage Products,451190.96,WFP-2018-0251ca926c74
2018,WFP,Russian Federation,IMPULSEDIALOGUE COMPANY,Food and Beverage Products,393525.0,WFP-2018-0275d0980c56
2018,WFP,Russian Federation,IMPULSEDIALOGUE COMPANY,Food and Beverage Products,342762.84,WFP-2018-73649e9e5479
2018,WFP,Russian Federation,IMPULSEDIALOGUE COMPANY,Food and Beverage Products,180590.48,WFP-2018-5b00608824ab
2018,WFP,Russian Federation,IMPULSEDIALOGUE COMPANY,Food and Beverage Products,167400.0,WFP-2018-24c7f7407ed8
2018,WFP,Russian Federation,IMPULSEDIALOGUE COMPANY,Food and Beverage Products,126000.0,WFP-2018-5a4d0b1a2599
2018,WFP,Russian Federation,IMPULSEDIALOGUE COMPANY,Food and Beverage Products,102127.5,WFP-2018-347ab79dbc09
2018,WFP,Russian Federation,IMPULSEDIALOGUE COMPANY,Food and Beverage Products,90856.08,WFP-2018-cdbf808b4eb2
2018,WFP,Russian Federation,IMPULSEDIALOGUE COMPANY,Food and Beverage Products,65232.6,WFP-2018-732d339a696b
2018,WFP,Russian Federation,IMPULSEDIALOGUE COMPANY,Food and Beverage Products,62831.4,WFP-2018-afc7839d1175
2019,WFP,Russian Federation,IMPULSEDIALOGUE COMPANY,Food and Beverage Products,3191835.0,WFP-2019-2ca3eb405a7d
2019,WFP,Russian Federation,IMPULSEDIALOGUE COMPANY,Food and Beverage Products,1570320.0,WFP-2019-61b052b332b7
2019,WFP,Russian Federation,IMPULSEDIALOGUE COMPANY,Food and Beverage Products,1425865.76,WFP-2019-b4c86e247f34
2019,WFP,Russian Federation,IMPULSEDIALOGUE COMPANY,Food and Beverage Products,1368000.0,WFP-2019-c540dd05d8ca
2019,WFP,Russian Federation,IMPULSEDIALOGUE COMPANY,Food and Beverage Products,1024774.2,WFP-2019-689b5dfddbfb
2019,WFP,Russian Federation,IMPULSEDIALOGUE COMPANY,Food and Beverage Products,952684.49,WFP-2019-152d68ec27b9
2019,WFP,Russian Federation,IMPULSEDIALOGUE COMPANY,Food and Beverage Products,943447.5,WFP-2019-d7ce913666a7
2019,WFP,Russian Federation,IMPULSEDIALOGUE COMPANY,Food and Beverage Products,907200.0,WFP-2019-cc0cddb3192c
2019,WFP,Russian Federation,IMPULSEDIALOGUE COMPANY,Food and Beverage Products,823500.0,WFP-2019-3989b8626f99
2019,WFP,Russian Federation,IMPULSEDIALOGUE COMPANY,Food and Beverage Products,796867.2,WFP-2019-b3ca3e741e50
2019,WFP,Russian Federation,IMPULSEDIALOGUE COMPANY,Food and Beverage Products,796050.0,WFP-2019-3eb786f51707
2019,WFP,Russian Federation,IMPULSEDIALOGUE COMPANY,Food and Beverage Products,658725.06,WFP-2019-a88a1e9cd8d3
2019,WFP,Russian Federation,IMPULSEDIALOGUE COMPANY,Food and Beverage Products,644152.5,WFP-2019-223269d06f7a
2019,WFP,Russian Federation,IMPULSEDIALOGUE COMPANY,Food and Beverage Products,610732.8,WFP-2019-6a00961e3ac1
2019,WFP,Russian Federation,IMPULSEDIALOGUE COMPANY,Food and Beverage Products,559510.5,WFP-2019-bd619220a5b6
2019,WFP,Russian Federation,IMPULSEDIALOGUE COMPANY,Food and Beverage Products,469800.0,WFP-2019-c71db868d6fc
2019,WFP,Russian Federation,IMPULSEDIALOGUE COMPANY,Food and Beverage Products,426600.0,WFP-2019-54ed0a715f96
2019,WFP,Russian Federation,IMPULSEDIALOGUE COMPANY,Food and Beverage Products,397980.0,WFP-2019-a0277855c015
2019,WFP,Russian Federation,IMPULSEDIALOGUE COMPANY,Food and Beverage Products,337761.9,WFP-2019-b8a7ca459ef8
2019,WFP,Russian Federation,IMPULSEDIALOGUE COMPANY,Food and Beverage Products,302175.0,WFP-2019-de436ac9a4d8
2019,WFP,Russian Federation,IMPULSEDIALOGUE COMPANY,Food and Beverage Products,88875.0,WFP-2019-0405d1c48e87
2020,WFP,Russian Federation,IMPULSEDIALOGUE COMPANY,Food and Beverage Products,526500.0,WFP-2020-cda8783f0802
2020,WFP,Russian Federation,IMPULSEDIALOGUE COMPANY,Food and Beverage Products,195075.0,WFP-2020-49792297a493
2020,WFP,Russian Federation,IMPULSEDIALOGUE COMPANY,Food and Beverage Products,130725.0,WFP-2020-3f5cd6d5a66f
2020,WFP,Russian Federation,IMPULSEDIALOGUE COMPANY,Food and Beverage Products,104852.4,WFP-2020-44be4801d86b
2017,UNDP,Russian Federation,INCOM OOO,Engineering and Research Services,32000.0,UNDP-2017-1fc4edfd2098
2022,WHO,Russian Federation,INDIVIDUAL ENTREPRENEUR IVAN IVANOVICH CHUBOV,Engineering and Research Services,189560.0,WHO-2022-018b5d17a339
2022,WHO,Russian Federation,INDIVIDUAL ENTREPRENEUR IVAN IVANOVICH CHUBOV,Engineering and Research Services,166880.0,WHO-2022-a81a11a78805
2023,WHO,Russian Federation,INDIVIDUAL ENTREPRENEUR IVAN IVANOVICH CHUBOV,Engineering and Research Services,188160.0,WHO-2023-aa5991d55eff
2023,WHO,Russian Federation,INDIVIDUAL ENTREPRENEUR IVAN IVANOVICH CHUBOV,Engineering and Research Services,125720.0,WHO-2023-06507dc5536e
2024,WHO,Russian Federation,INDIVIDUAL ENTREPRENEUR IVAN IVANOVICH CHUBOV,Engineering and Research Services,45000.0,WHO-2024-51a8516c265b
2019,WHO,Russian Federation,INDIVIDUAL SERVICE CONTRACTOR,Engineering and Research Services,65000.0,WHO-2019-64c86a2da951
2019,WHO,Russian Federation,INDIVIDUAL SERVICE CONTRACTOR,Engineering and Research Services,50000.0,WHO-2019-b2ca3d59cc99
2018,WHO,Russian Federation,INDIVIDUAL SUPPLIER,Healthcare Services,50000.0,WHO-2018-62064b3c1591
2016,WHO,Russian Federation,INFORMATION AND PUBLISHING CENTER “STATISTICS OF RUSSIA” (SR),Healthcare Services,685293.08,WHO-2016-0518dcc7ccc3
2018,UNDP,Russian Federation,INKOM LTD,IT and Communications Equipment,721777.0,UNDP-2018-ec3f158027b3
2018,FAO,Russian Federation,INPREDKADRY (GLAVUPDK) AT THE MINISTRY OF FOREIGN AFFAIRS OF RUSSIAN FEDERATION,Management and Admin Services,40044.85,FAO-2018-ecfb66fdd111
2020,FAO,Russian Federation,INPREDKADRY (GLAVUPDK) AT THE MINISTRY OF FOREIGN AFFAIRS OF RUSSIAN FEDERATION,Management and Admin Services,80485.49,FAO-2020-f7771cf6ec2b
2022,FAO,Russian Federation,INPREDKADRY (GLAVUPDK) AT THE MINISTRY OF FOREIGN AFFAIRS OF RUSSIAN FEDERATION,Management and Admin Services,89765.46,FAO-2022-6907a8442de7
2024,UN Secretariat,Russian Federation,INPREDKADRY - GLAVUPDK,Management and Admin Services,67994.85,UN Secretariat-2024-9a18c530f0f9
2015,UNDP,Russian Federation,INSPETSPROEKT OOO,Distribution Equipment,125689.93,UNDP-2015-31ad9d407fda
2015,UNDP,Russian Federation,INSPETSPROEKT OOO,Education and Training Services,46703.3,UNDP-2015-31ad9d407fda
2015,UNDP,Russian Federation,INSPETSPROEKT OOO,Material Handling Machinery,24415.39,UNDP-2015-31ad9d407fda
2015,UNDP,Russian Federation,INSPETSPROEKT OOO,"Transportation, Storage, Mail Services",6468.35,UNDP-2015-31ad9d407fda
2021,UNDP,Russian Federation,INSTITUT SOTSIALNYH TEHNOLOGII LLC,Education and Training Services,106826.0,UNDP-2021-f0c40c0f62ef
2018,UNDP,Russian Federation,INSTITUTE FOR URBAN ECONOMICS LLC,Management and Admin Services,35958.0,UNDP-2018-a8d08ab83a43
2022,UNDP,Russian Federation,INSTITUTE HYDROPROJECT JSC,"Travel, Food and Lodging",123852.8,UNDP-2022-60e50d69d131
2016,UNESCO,Russian Federation,INSTITUTE NIZHNY NOVGOROD STATE,Healthcare Services,30000.0,UNESCO-2016-d65dca5e0e68
2016,IAEA,Russian Federation,"INSTITUTE OF CHEMISTRY, FAR EASTERN BRANCH, RUSSIAN ACADEMY OF SCIENCES",Engineering and Research Services,40590.0,IAEA-2016-d64abe9aaf2e
2016,WHO,Russian Federation,INSTITUTE OF POLIOMYELITIS AND VIRAL ENCEPHALITIDES M.P.CHUMAKOV OF RAMS,Healthcare Services,119493.0,WHO-2016-db7d4f88156a
2015,UN Secretariat,Russian Federation,INTERDIALECT PLUS LLC,"Editorial, Design, Graphic Services",300000.0,UN Secretariat-2015-b773a170c3e4
2015,UN Secretariat,Russian Federation,INTERDIALECT PLUS LLC,"Editorial, Design, Graphic Services",100000.0,UN Secretariat-2015-824a5ce89817
2016,WHO,Russian Federation,INTERDIALECT+,"Editorial, Design, Graphic Services",33119.51,WHO-2016-1f8c43b83c2a
2017,ITU,Russian Federation,INTERDIALECT+,Unspecified Services,34920.69,ITU-2017-1eba261fa180
2015,UNOV,Russian Federation,INTERDIALECT+ LLC,"Editorial, Design, Graphic Services",236199.54,UNOV-2015-da8ee9ac7c3a
2016,UNOV,Russian Federation,INTERDIALECT+ LLC,"Editorial, Design, Graphic Services",163287.17,UNOV-2016-d6b1262191cb
2016,UN Secretariat,Russian Federation,INTERDIALECT+ LLC,"Editorial, Design, Graphic Services",130000.0,UN Secretariat-2016-e24bbdff985a
2016,UN Secretariat,Russian Federation,INTERDIALECT+ LLC,"Editorial, Design, Graphic Services",122215.44,UN Secretariat-2016-5cc4b1e750ec
2016,UN Secretariat,Russian Federation,INTERDIALECT+ LLC,"Editorial, Design, Graphic Services",100000.0,UN Secretariat-2016-3dcb353089c8
2016,UN Secretariat,Russian Federation,INTERDIALECT+ LLC,"Editorial, Design, Graphic Services",48934.56,UN Secretariat-2016-4b346f8acced
2017,UN Secretariat,Russian Federation,INTERDIALECT+ LLC,"Editorial, Design, Graphic Services",187630.0,UN Secretariat-2017-0ad539f0d6e4
2017,UNOV,Russian Federation,INTERDIALECT+ LLC,"Editorial, Design, Graphic Services",150000.0,UNOV-2017-228e40f93ad9
2017,UN Secretariat,Russian Federation,INTERDIALECT+ LLC,"Editorial, Design, Graphic Services",125000.0,UN Secretariat-2017-1a2a2f142a41
2017,UN Secretariat,Russian Federation,INTERDIALECT+ LLC,"Editorial, Design, Graphic Services",50000.0,UN Secretariat-2017-114a5d446b40
2018,UNOV,Russian Federation,INTERDIALECT+ LLC,"Editorial, Design, Graphic Services",100000.0,UNOV-2018-ae8e2b94e8e5
2018,UNOV,Russian Federation,INTERDIALECT+ LLC,"Editorial, Design, Graphic Services",90000.0,UNOV-2018-461220935789
2018,UN Secretariat,Russian Federation,INTERDIALECT+ LLC,"Editorial, Design, Graphic Services",85000.0,UN Secretariat-2018-69e50d674a55
2018,UN Secretariat,Russian Federation,INTERDIALECT+ LLC,"Editorial, Design, Graphic Services",75000.0,UN Secretariat-2018-89c49b30e997
2018,UN Secretariat,Russian Federation,INTERDIALECT+ LLC,"Editorial, Design, Graphic Services",60000.0,UN Secretariat-2018-b2a6e123bd8c
2018,UN Secretariat,Russian Federation,INTERDIALECT+ LLC,"Editorial, Design, Graphic Services",30000.0,UN Secretariat-2018-c58744031a1e
2019,UN Secretariat,Russian Federation,INTERDIALECT+ LLC,"Editorial, Design, Graphic Services",128340.06,UN Secretariat-2019-536ab9fa3c15
2019,UNOV,Russian Federation,INTERDIALECT+ LLC,"Editorial, Design, Graphic Services",100000.0,UNOV-2019-6023c70f05e5
2019,UN Secretariat,Russian Federation,INTERDIALECT+ LLC,"Editorial, Design, Graphic Services",40166.28,UN Secretariat-2019-6d25415ea55c
2020,UNOV,Russian Federation,INTERDIALECT+ LLC,"Editorial, Design, Graphic Services",120000.0,UNOV-2020-88623a1cc8c8
2020,UNOV,Russian Federation,INTERDIALECT+ LLC,"Editorial, Design, Graphic Services",30283.47,UNOV-2020-68fd0f364e3d
2021,UNOV,Russian Federation,INTERDIALECT+ LLC,"Editorial, Design, Graphic Services",50000.0,UNOV-2021-10db4d718730
2021,UNOV,Russian Federation,INTERDIALECT+ LLC,"Editorial, Design, Graphic Services",30000.0,UNOV-2021-b495f7c47e07
2021,UNOV,Russian Federation,INTERDIALECT+ LLC,"Editorial, Design, Graphic Services",30000.0,UNOV-2021-e33c5c715d79
2022,UN Secretariat,Russian Federation,INTERDIALECT+ LLC,"Editorial, Design, Graphic Services",100000.0,UN Secretariat-2022-62eba2f62ee5
2022,UN Secretariat,Russian Federation,INTERDIALECT+ LLC,"Editorial, Design, Graphic Services",30000.0,UN Secretariat-2022-20054d23c794
2023,UN Secretariat,Russian Federation,INTERDIALECT+ LLC,"Editorial, Design, Graphic Services",80000.0,UN Secretariat-2023-384c0a3c09e7
2023,UN Secretariat,Russian Federation,INTERDIALECT+ LLC,"Editorial, Design, Graphic Services",30000.0,UN Secretariat-2023-2446245bdc48
2024,UN Secretariat,Russian Federation,INTERDIALECT+ LLC,"Editorial, Design, Graphic Services",50000.0,UN Secretariat-2024-8e58a521a696
2024,UN Secretariat,Russian Federation,INTERDIALECT+ LLC,"Editorial, Design, Graphic Services",40000.0,UN Secretariat-2024-8a078e76b535
2024,UN Secretariat,Russian Federation,INTERDIALECT+ LLC,"Editorial, Design, Graphic Services",40000.0,UN Secretariat-2024-0259bf221e9a
2024,UN Secretariat,Russian Federation,INTERDIALECT+ LLC,"Editorial, Design, Graphic Services",34300.0,UN Secretariat-2024-8fd1c37c5fd0
2025,UN Secretariat,Russian Federation,INTERDIALECT+ LLC,"Editorial, Design, Graphic Services",60000.0,UN Secretariat-2025-220995accde9
2025,UN Secretariat,Russian Federation,INTERDIALECT+ LLC,"Editorial, Design, Graphic Services",50000.0,UN Secretariat-2025-77ae81cfb64b
2018,UNIDO,Russian Federation,INTERNATIONAL CENTRE FOR SCIENTIFIC,Environmental Services,45100.0,UNIDO-2018-ce6ba0fc0bee
2018,UNIDO,Russian Federation,INTERNATIONAL CENTRE FOR SCIENTIFIC,Education and Training Services,39211.1,UNIDO-2018-c0cd0e2a5305
2021,ILO,Russian Federation,INTERNATIONAL RESEARCH INSTITUTE FOR ADVANCED SYSTEMS IRIAS,Management and Admin Services,31866.0,ILO-2021-0c27e160e9b3
2018,UNDP,Russian Federation,IP FILIMONOV ANDREY BORISOVICH,Motor Vehicles and Parts,77469.0,UNDP-2018-8f45637ef812
2018,UNDP,Russian Federation,IP FILIMONOV ANDREY BORISOVICH,Engineering and Research Services,3600.0,UNDP-2018-8f45637ef812
2018,UNDP,Russian Federation,IP FILIMONOV ANDREY BORISOVICH,"Transportation, Storage, Mail Services",3500.0,UNDP-2018-8f45637ef812
2020,IOM,Russian Federation,IP GLADKOV OLEG NIKOLAYEVICH,Building and Maintenance Services,31998.14,IOM-2020-cfe00140927e
2019,UNIDO,Russian Federation,IP KHAIRUDINOVA,Management and Admin Services,30080.6,UNIDO-2019-51f1f0775b99
2018,UNIDO,Russian Federation,IP KOCHETOV,Management and Admin Services,38687.3,UNIDO-2018-4a661a903cfe
2018,UNIDO,Russian Federation,IP SEMENOV,Management and Admin Services,37175.38,UNIDO-2018-4c4e4849b810
2024,IAEA,Russian Federation,"ISOTOPE JSC - ISOTOPE-REGIONAL ALLIANCE, JOINT STOCK COMPANY",Laboratory and Testing Equipment,33477.79,IAEA-2024-7e0da23aaa34
2025,IAEA,Russian Federation,"ISOTOPE JSC - ISOTOPE-REGIONAL ALLIANCE, JOINT STOCK COMPANY",Laboratory and Testing Equipment,56382.72,IAEA-2025-724f01b03cee
2015,UNDP,Russian Federation,IZDATELSTVO VES MIR,"Editorial, Design, Graphic Services",35687.0,UNDP-2015-d60dee50dd4d
2017,UNDP,Russian Federation,IZDATELSTVO VES MIR,"Editorial, Design, Graphic Services",35687.0,UNDP-2017-ab2b52ee1454
2020,UNDP,Russian Federation,J.S.C. G-TECH,Politics and Civic Affairs Services,35500.0,UNDP-2020-f1d0dfa1be1e
2020,UNDP,Russian Federation,J.S.C. G-TECH,Politics and Civic Affairs Services,35500.0,UNDP-2020-4b18e9e8568c
2015,IAEA,Russian Federation,"JOINT STOCK COMPANY ""V.G. KHLOPIN RADIUM INSTITUTE"" (KRI)",Engineering and Research Services,135000.0,IAEA-2015-8f274b7ab275
2019,IAEA,Russian Federation,JOINT STOCK COMPANY NATIONAL TECHNICAL PHYSICS AND AUTOMATION RESEARCH INSTITUTE (JSC «NIITFA»),Medical Equipment and Supplies,72315.77,IAEA-2019-18a2ae4015a0
2018,WFP,Russian Federation,JOINT STOCK COMPANY NIZHNEVARTOVSKA,"Transportation, Storage, Mail Services",335610.0,WFP-2018-1358bdd41f57
2018,WFP,Russian Federation,JOINT STOCK COMPANY NIZHNEVARTOVSKA,"Transportation, Storage, Mail Services",310552.0,WFP-2018-ba402555232f
2018,WFP,Russian Federation,JOINT STOCK COMPANY NIZHNEVARTOVSKA,"Transportation, Storage, Mail Services",220396.0,WFP-2018-b9c99799e550
2018,WFP,Russian Federation,JOINT STOCK COMPANY NIZHNEVARTOVSKA,"Transportation, Storage, Mail Services",166420.0,WFP-2018-a5389d858569
2018,WFP,Russian Federation,JOINT STOCK COMPANY NIZHNEVARTOVSKA,"Transportation, Storage, Mail Services",149598.0,WFP-2018-59400f7f066a
2018,WFP,Russian Federation,JOINT STOCK COMPANY NIZHNEVARTOVSKA,"Transportation, Storage, Mail Services",149598.0,WFP-2018-7261178d2d18
2018,WFP,Russian Federation,JOINT STOCK COMPANY NIZHNEVARTOVSKA,"Transportation, Storage, Mail Services",149598.0,WFP-2018-bb390f2c417a
2018,WFP,Russian Federation,JOINT STOCK COMPANY NIZHNEVARTOVSKA,"Transportation, Storage, Mail Services",149598.0,WFP-2018-a3ff1dbd66df
2018,WFP,Russian Federation,JOINT STOCK COMPANY NIZHNEVARTOVSKA,"Transportation, Storage, Mail Services",149598.0,WFP-2018-312fafb903ac
2018,WFP,Russian Federation,JOINT STOCK COMPANY NIZHNEVARTOVSKA,"Transportation, Storage, Mail Services",141598.0,WFP-2018-c25068b09a6c
2018,WFP,Russian Federation,JOINT STOCK COMPANY NIZHNEVARTOVSKA,"Transportation, Storage, Mail Services",141598.0,WFP-2018-a8486f16c862
2018,WFP,Russian Federation,JOINT STOCK COMPANY NIZHNEVARTOVSKA,"Transportation, Storage, Mail Services",141598.0,WFP-2018-b813c3c9df86
2018,WFP,Russian Federation,JOINT STOCK COMPANY NIZHNEVARTOVSKA,"Transportation, Storage, Mail Services",135600.0,WFP-2018-451567f328dd
2018,WFP,Russian Federation,JOINT STOCK COMPANY NIZHNEVARTOVSKA,"Transportation, Storage, Mail Services",130298.9,WFP-2018-4b157e507d85
2018,WFP,Russian Federation,JOINT STOCK COMPANY NIZHNEVARTOVSKA,"Transportation, Storage, Mail Services",122727.6,WFP-2018-040ab35f4b29
2018,WFP,Russian Federation,JOINT STOCK COMPANY NIZHNEVARTOVSKA,"Transportation, Storage, Mail Services",120055.0,WFP-2018-4ee16965e64a
2018,WFP,Russian Federation,JOINT STOCK COMPANY NIZHNEVARTOVSKA,"Transportation, Storage, Mail Services",120055.0,WFP-2018-648b4d8ee89f
2018,WFP,Russian Federation,JOINT STOCK COMPANY NIZHNEVARTOVSKA,"Transportation, Storage, Mail Services",120055.0,WFP-2018-11881ad45a10
2018,WFP,Russian Federation,JOINT STOCK COMPANY NIZHNEVARTOVSKA,"Transportation, Storage, Mail Services",120055.0,WFP-2018-b8e2263d48cb
2018,WFP,Russian Federation,JOINT STOCK COMPANY NIZHNEVARTOVSKA,"Transportation, Storage, Mail Services",120055.0,WFP-2018-2b58fd50bf4e
2018,WFP,Russian Federation,JOINT STOCK COMPANY NIZHNEVARTOVSKA,"Transportation, Storage, Mail Services",120055.0,WFP-2018-b7a7dd25f7ae
2018,WFP,Russian Federation,JOINT STOCK COMPANY NIZHNEVARTOVSKA,"Transportation, Storage, Mail Services",120055.0,WFP-2018-5e6dc25658cb
2018,WFP,Russian Federation,JOINT STOCK COMPANY NIZHNEVARTOVSKA,"Transportation, Storage, Mail Services",120055.0,WFP-2018-48cb73953627
2018,WFP,Russian Federation,JOINT STOCK COMPANY NIZHNEVARTOVSKA,"Transportation, Storage, Mail Services",120055.0,WFP-2018-fa815c18953f
2018,WFP,Russian Federation,JOINT STOCK COMPANY NIZHNEVARTOVSKA,"Transportation, Storage, Mail Services",120055.0,WFP-2018-4d4575d1445e
2018,WFP,Russian Federation,JOINT STOCK COMPANY NIZHNEVARTOVSKA,"Transportation, Storage, Mail Services",120055.0,WFP-2018-6f53df369732
2018,WFP,Russian Federation,JOINT STOCK COMPANY NIZHNEVARTOVSKA,"Transportation, Storage, Mail Services",95300.0,WFP-2018-8a2f782a0103
2018,WFP,Russian Federation,JOINT STOCK COMPANY NIZHNEVARTOVSKA,"Transportation, Storage, Mail Services",89079.52,WFP-2018-e4bdc3a5cd02
2018,WFP,Russian Federation,JOINT STOCK COMPANY NIZHNEVARTOVSKA,Financial and Insurance Services,1915.0,WFP-2018-4ee16965e64a
2018,WFP,Russian Federation,JOINT STOCK COMPANY NIZHNEVARTOVSKA,Financial and Insurance Services,1915.0,WFP-2018-48cb73953627
2018,WFP,Russian Federation,JOINT STOCK COMPANY NIZHNEVARTOVSKA,Financial and Insurance Services,1915.0,WFP-2018-b813c3c9df86
2018,WFP,Russian Federation,JOINT STOCK COMPANY NIZHNEVARTOVSKA,Financial and Insurance Services,1915.0,WFP-2018-648b4d8ee89f
2018,WFP,Russian Federation,JOINT STOCK COMPANY NIZHNEVARTOVSKA,Financial and Insurance Services,1915.0,WFP-2018-bb390f2c417a
2018,WFP,Russian Federation,JOINT STOCK COMPANY NIZHNEVARTOVSKA,Financial and Insurance Services,1915.0,WFP-2018-fa815c18953f
2018,WFP,Russian Federation,JOINT STOCK COMPANY NIZHNEVARTOVSKA,Financial and Insurance Services,1915.0,WFP-2018-312fafb903ac
2018,WFP,Russian Federation,JOINT STOCK COMPANY NIZHNEVARTOVSKA,Financial and Insurance Services,1915.0,WFP-2018-4d4575d1445e
2018,WFP,Russian Federation,JOINT STOCK COMPANY NIZHNEVARTOVSKA,Financial and Insurance Services,1915.0,WFP-2018-b7a7dd25f7ae
2018,WFP,Russian Federation,JOINT STOCK COMPANY NIZHNEVARTOVSKA,Financial and Insurance Services,1915.0,WFP-2018-5e6dc25658cb
2018,WFP,Russian Federation,JOINT STOCK COMPANY NIZHNEVARTOVSKA,Financial and Insurance Services,1915.0,WFP-2018-11881ad45a10
2018,WFP,Russian Federation,JOINT STOCK COMPANY NIZHNEVARTOVSKA,Financial and Insurance Services,1915.0,WFP-2018-c25068b09a6c
2018,WFP,Russian Federation,JOINT STOCK COMPANY NIZHNEVARTOVSKA,Financial and Insurance Services,1915.0,WFP-2018-6f53df369732
2018,WFP,Russian Federation,JOINT STOCK COMPANY NIZHNEVARTOVSKA,Financial and Insurance Services,1915.0,WFP-2018-b8e2263d48cb
2018,WFP,Russian Federation,JOINT STOCK COMPANY NIZHNEVARTOVSKA,Financial and Insurance Services,1915.0,WFP-2018-7261178d2d18
2018,WFP,Russian Federation,JOINT STOCK COMPANY NIZHNEVARTOVSKA,Financial and Insurance Services,1915.0,WFP-2018-59400f7f066a
2018,WFP,Russian Federation,JOINT STOCK COMPANY NIZHNEVARTOVSKA,Financial and Insurance Services,1915.0,WFP-2018-2b58fd50bf4e
2018,WFP,Russian Federation,JOINT STOCK COMPANY NIZHNEVARTOVSKA,Financial and Insurance Services,1915.0,WFP-2018-a8486f16c862
2018,WFP,Russian Federation,JOINT STOCK COMPANY NIZHNEVARTOVSKA,Financial and Insurance Services,1915.0,WFP-2018-a3ff1dbd66df
2018,WFP,Russian Federation,JOINT STOCK COMPANY NIZHNEVARTOVSKA,Financial and Insurance Services,1667.9,WFP-2018-4b157e507d85
2018,WFP,Russian Federation,JOINT STOCK COMPANY NIZHNEVARTOVSKA,Financial and Insurance Services,1659.67,WFP-2018-040ab35f4b29
2018,WFP,Russian Federation,JOINT STOCK COMPANY NIZHNEVARTOVSKA,Financial and Insurance Services,1420.81,WFP-2018-e4bdc3a5cd02
2019,WFP,Russian Federation,JOINT STOCK COMPANY NIZHNEVARTOVSKA,"Transportation, Storage, Mail Services",284580.0,WFP-2019-aea17b38e22b
2019,WFP,Russian Federation,JOINT STOCK COMPANY NIZHNEVARTOVSKA,"Transportation, Storage, Mail Services",232890.0,WFP-2019-b1d56c9ef6ca
2019,WFP,Russian Federation,JOINT STOCK COMPANY NIZHNEVARTOVSKA,"Transportation, Storage, Mail Services",232890.0,WFP-2019-37fe33f56e42
2019,WFP,Russian Federation,JOINT STOCK COMPANY NIZHNEVARTOVSKA,"Transportation, Storage, Mail Services",212905.0,WFP-2019-993996033110
2019,WFP,Russian Federation,JOINT STOCK COMPANY NIZHNEVARTOVSKA,"Transportation, Storage, Mail Services",191790.0,WFP-2019-2f80c0bd4793
2019,WFP,Russian Federation,JOINT STOCK COMPANY NIZHNEVARTOVSKA,"Transportation, Storage, Mail Services",191790.0,WFP-2019-1b0e69b44f6b
2019,WFP,Russian Federation,JOINT STOCK COMPANY NIZHNEVARTOVSKA,"Transportation, Storage, Mail Services",191790.0,WFP-2019-6cb5ab68004d
2019,WFP,Russian Federation,JOINT STOCK COMPANY NIZHNEVARTOVSKA,"Transportation, Storage, Mail Services",189970.0,WFP-2019-bfa8cd1597f6
2019,WFP,Russian Federation,JOINT STOCK COMPANY NIZHNEVARTOVSKA,"Transportation, Storage, Mail Services",188790.0,WFP-2019-ba2e0782d9f4
2019,WFP,Russian Federation,JOINT STOCK COMPANY NIZHNEVARTOVSKA,"Transportation, Storage, Mail Services",188790.0,WFP-2019-5c52e2d6755d
2019,WFP,Russian Federation,JOINT STOCK COMPANY NIZHNEVARTOVSKA,"Transportation, Storage, Mail Services",188790.0,WFP-2019-012d17439e5f
2019,WFP,Russian Federation,JOINT STOCK COMPANY NIZHNEVARTOVSKA,"Transportation, Storage, Mail Services",188790.0,WFP-2019-f3b231f2cf83
2019,WFP,Russian Federation,JOINT STOCK COMPANY NIZHNEVARTOVSKA,"Transportation, Storage, Mail Services",188790.0,WFP-2019-e4d7b901bce0
2019,WFP,Russian Federation,JOINT STOCK COMPANY NIZHNEVARTOVSKA,"Transportation, Storage, Mail Services",175890.0,WFP-2019-4b516114eea3
2019,WFP,Russian Federation,JOINT STOCK COMPANY NIZHNEVARTOVSKA,"Transportation, Storage, Mail Services",175890.0,WFP-2019-0f5f92b0defe
2019,WFP,Russian Federation,JOINT STOCK COMPANY NIZHNEVARTOVSKA,"Transportation, Storage, Mail Services",175890.0,WFP-2019-91d688e67925
2019,WFP,Russian Federation,JOINT STOCK COMPANY NIZHNEVARTOVSKA,"Transportation, Storage, Mail Services",175890.0,WFP-2019-01cb338d3b25
2019,WFP,Russian Federation,JOINT STOCK COMPANY NIZHNEVARTOVSKA,"Transportation, Storage, Mail Services",175890.0,WFP-2019-7d1831c2b789
2019,WFP,Russian Federation,JOINT STOCK COMPANY NIZHNEVARTOVSKA,"Transportation, Storage, Mail Services",175890.0,WFP-2019-22ed46f5dd86
2019,WFP,Russian Federation,JOINT STOCK COMPANY NIZHNEVARTOVSKA,"Transportation, Storage, Mail Services",175890.0,WFP-2019-b8d9b17f0a3c
2019,WFP,Russian Federation,JOINT STOCK COMPANY NIZHNEVARTOVSKA,"Transportation, Storage, Mail Services",175890.0,WFP-2019-7bd16fdc2706
2019,WFP,Russian Federation,JOINT STOCK COMPANY NIZHNEVARTOVSKA,"Transportation, Storage, Mail Services",175890.0,WFP-2019-22555aa8f1b4
2019,WFP,Russian Federation,JOINT STOCK COMPANY NIZHNEVARTOVSKA,"Transportation, Storage, Mail Services",175890.0,WFP-2019-01e8e55b2ebd
2019,WFP,Russian Federation,JOINT STOCK COMPANY NIZHNEVARTOVSKA,"Transportation, Storage, Mail Services",175890.0,WFP-2019-10413e8ad499
2019,WFP,Russian Federation,JOINT STOCK COMPANY NIZHNEVARTOVSKA,"Transportation, Storage, Mail Services",174825.0,WFP-2019-7001413db72e
2019,WFP,Russian Federation,JOINT STOCK COMPANY NIZHNEVARTOVSKA,"Transportation, Storage, Mail Services",174825.0,WFP-2019-978fc1cf4e09
2019,WFP,Russian Federation,JOINT STOCK COMPANY NIZHNEVARTOVSKA,"Transportation, Storage, Mail Services",174825.0,WFP-2019-99620fe7d83f
2019,WFP,Russian Federation,JOINT STOCK COMPANY NIZHNEVARTOVSKA,"Transportation, Storage, Mail Services",174825.0,WFP-2019-1cc01fae81be
2019,WFP,Russian Federation,JOINT STOCK COMPANY NIZHNEVARTOVSKA,"Transportation, Storage, Mail Services",174825.0,WFP-2019-54ddd7b9775a
2019,WFP,Russian Federation,JOINT STOCK COMPANY NIZHNEVARTOVSKA,"Transportation, Storage, Mail Services",174825.0,WFP-2019-cd5bc2308654
2019,WFP,Russian Federation,JOINT STOCK COMPANY NIZHNEVARTOVSKA,"Transportation, Storage, Mail Services",174825.0,WFP-2019-4553350112e8
2019,WFP,Russian Federation,JOINT STOCK COMPANY NIZHNEVARTOVSKA,"Transportation, Storage, Mail Services",174825.0,WFP-2019-f31f0890542e
2019,WFP,Russian Federation,JOINT STOCK COMPANY NIZHNEVARTOVSKA,"Transportation, Storage, Mail Services",174825.0,WFP-2019-8aecdbfbf85b
2019,WFP,Russian Federation,JOINT STOCK COMPANY NIZHNEVARTOVSKA,"Transportation, Storage, Mail Services",174825.0,WFP-2019-c0374d6daf12
2019,WFP,Russian Federation,JOINT STOCK COMPANY NIZHNEVARTOVSKA,"Transportation, Storage, Mail Services",174825.0,WFP-2019-3b566c21240d
2019,WFP,Russian Federation,JOINT STOCK COMPANY NIZHNEVARTOVSKA,"Transportation, Storage, Mail Services",167372.0,WFP-2019-5f63884feacb
2019,WFP,Russian Federation,JOINT STOCK COMPANY NIZHNEVARTOVSKA,"Transportation, Storage, Mail Services",160485.56,WFP-2019-88eeb6b1f2ce
2019,WFP,Russian Federation,JOINT STOCK COMPANY NIZHNEVARTOVSKA,"Transportation, Storage, Mail Services",148360.0,WFP-2019-3faa74ec4a74
2019,WFP,Russian Federation,JOINT STOCK COMPANY NIZHNEVARTOVSKA,"Transportation, Storage, Mail Services",141598.0,WFP-2019-398018e6c981
2019,WFP,Russian Federation,JOINT STOCK COMPANY NIZHNEVARTOVSKA,"Transportation, Storage, Mail Services",141598.0,WFP-2019-37d0d9542f7c
2019,WFP,Russian Federation,JOINT STOCK COMPANY NIZHNEVARTOVSKA,"Transportation, Storage, Mail Services",139734.0,WFP-2019-014e75641b5a
2019,WFP,Russian Federation,JOINT STOCK COMPANY NIZHNEVARTOVSKA,"Transportation, Storage, Mail Services",120655.07,WFP-2019-c57d54d0d0de
2019,WFP,Russian Federation,JOINT STOCK COMPANY NIZHNEVARTOVSKA,"Transportation, Storage, Mail Services",120055.0,WFP-2019-01ffa943c12e
2019,WFP,Russian Federation,JOINT STOCK COMPANY NIZHNEVARTOVSKA,"Transportation, Storage, Mail Services",120055.0,WFP-2019-3fcd7ccb6e87
2019,WFP,Russian Federation,JOINT STOCK COMPANY NIZHNEVARTOVSKA,"Transportation, Storage, Mail Services",120055.0,WFP-2019-fe0f60fe4ace
2019,WFP,Russian Federation,JOINT STOCK COMPANY NIZHNEVARTOVSKA,"Transportation, Storage, Mail Services",120055.0,WFP-2019-0e656a36ccfc
2019,WFP,Russian Federation,JOINT STOCK COMPANY NIZHNEVARTOVSKA,"Transportation, Storage, Mail Services",120055.0,WFP-2019-ed2fa86ef27f
2019,WFP,Russian Federation,JOINT STOCK COMPANY NIZHNEVARTOVSKA,"Transportation, Storage, Mail Services",120055.0,WFP-2019-a892f6e5aee5
2019,WFP,Russian Federation,JOINT STOCK COMPANY NIZHNEVARTOVSKA,"Transportation, Storage, Mail Services",120055.0,WFP-2019-101b1cd1583a
2019,WFP,Russian Federation,JOINT STOCK COMPANY NIZHNEVARTOVSKA,"Transportation, Storage, Mail Services",120055.0,WFP-2019-a05e2b318b62
2019,WFP,Russian Federation,JOINT STOCK COMPANY NIZHNEVARTOVSKA,"Transportation, Storage, Mail Services",120055.0,WFP-2019-4eefb203c96e
2019,WFP,Russian Federation,JOINT STOCK COMPANY NIZHNEVARTOVSKA,"Transportation, Storage, Mail Services",120055.0,WFP-2019-c41bb20fb113
2019,WFP,Russian Federation,JOINT STOCK COMPANY NIZHNEVARTOVSKA,"Transportation, Storage, Mail Services",120055.0,WFP-2019-b3a80be7b861
2019,WFP,Russian Federation,JOINT STOCK COMPANY NIZHNEVARTOVSKA,"Transportation, Storage, Mail Services",120055.0,WFP-2019-8f528bd40578
2019,WFP,Russian Federation,JOINT STOCK COMPANY NIZHNEVARTOVSKA,"Transportation, Storage, Mail Services",105240.0,WFP-2019-5899de543abc
2019,WFP,Russian Federation,JOINT STOCK COMPANY NIZHNEVARTOVSKA,"Transportation, Storage, Mail Services",102736.39,WFP-2019-df94ab56d074
2019,WFP,Russian Federation,JOINT STOCK COMPANY NIZHNEVARTOVSKA,"Transportation, Storage, Mail Services",102736.39,WFP-2019-3130a689be43
2019,WFP,Russian Federation,JOINT STOCK COMPANY NIZHNEVARTOVSKA,"Transportation, Storage, Mail Services",93156.0,WFP-2019-48422c086f00
2019,WFP,Russian Federation,JOINT STOCK COMPANY NIZHNEVARTOVSKA,"Transportation, Storage, Mail Services",93156.0,WFP-2019-d282957ef24d
2019,WFP,Russian Federation,JOINT STOCK COMPANY NIZHNEVARTOVSKA,"Transportation, Storage, Mail Services",92151.43,WFP-2019-e58094550356
2019,WFP,Russian Federation,JOINT STOCK COMPANY NIZHNEVARTOVSKA,"Transportation, Storage, Mail Services",89053.61,WFP-2019-b7958027b411
2019,WFP,Russian Federation,JOINT STOCK COMPANY NIZHNEVARTOVSKA,"Transportation, Storage, Mail Services",89053.61,WFP-2019-c33cb8b17452
2019,WFP,Russian Federation,JOINT STOCK COMPANY NIZHNEVARTOVSKA,"Transportation, Storage, Mail Services",87660.61,WFP-2019-2a812c3ba13a
2019,WFP,Russian Federation,JOINT STOCK COMPANY NIZHNEVARTOVSKA,"Transportation, Storage, Mail Services",76050.0,WFP-2019-f5ca976fc156
2019,WFP,Russian Federation,JOINT STOCK COMPANY NIZHNEVARTOVSKA,"Transportation, Storage, Mail Services",73756.68,WFP-2019-b2a1cb296baa
2019,WFP,Russian Federation,JOINT STOCK COMPANY NIZHNEVARTOVSKA,"Transportation, Storage, Mail Services",73310.06,WFP-2019-3c0fb15acca3
2019,WFP,Russian Federation,JOINT STOCK COMPANY NIZHNEVARTOVSKA,"Transportation, Storage, Mail Services",69867.0,WFP-2019-2f4a4904b451
2019,WFP,Russian Federation,JOINT STOCK COMPANY NIZHNEVARTOVSKA,"Transportation, Storage, Mail Services",63960.0,WFP-2019-272bcbbea334
2019,WFP,Russian Federation,JOINT STOCK COMPANY NIZHNEVARTOVSKA,"Transportation, Storage, Mail Services",62848.57,WFP-2019-d96e5286fecd
2019,WFP,Russian Federation,JOINT STOCK COMPANY NIZHNEVARTOVSKA,"Transportation, Storage, Mail Services",58000.0,WFP-2019-bd4174f92e3b
2019,WFP,Russian Federation,JOINT STOCK COMPANY NIZHNEVARTOVSKA,"Transportation, Storage, Mail Services",47246.86,WFP-2019-f016124c5a20
2019,WFP,Russian Federation,JOINT STOCK COMPANY NIZHNEVARTOVSKA,"Transportation, Storage, Mail Services",46814.44,WFP-2019-3dd17e4e6ff9
2019,WFP,Russian Federation,JOINT STOCK COMPANY NIZHNEVARTOVSKA,"Transportation, Storage, Mail Services",45000.0,WFP-2019-f026ae4037f5
2019,WFP,Russian Federation,JOINT STOCK COMPANY NIZHNEVARTOVSKA,"Transportation, Storage, Mail Services",41651.5,WFP-2019-4467429a681c
2019,WFP,Russian Federation,JOINT STOCK COMPANY NIZHNEVARTOVSKA,"Transportation, Storage, Mail Services",37275.0,WFP-2019-7cf52afb3ad7
2019,WFP,Russian Federation,JOINT STOCK COMPANY NIZHNEVARTOVSKA,"Transportation, Storage, Mail Services",32614.0,WFP-2019-269e10322ef1
2019,WFP,Russian Federation,JOINT STOCK COMPANY NIZHNEVARTOVSKA,"Transportation, Storage, Mail Services",30450.0,WFP-2019-c507216f5b1d
2019,WFP,Russian Federation,JOINT STOCK COMPANY NIZHNEVARTOVSKA,Building and Maintenance Services,30000.0,WFP-2019-48c1aa9c554b
2019,WFP,Russian Federation,JOINT STOCK COMPANY NIZHNEVARTOVSKA,"Transportation, Storage, Mail Services",30000.0,WFP-2019-fa942d1539f1
2019,WFP,Russian Federation,JOINT STOCK COMPANY NIZHNEVARTOVSKA,"Transportation, Storage, Mail Services",30000.0,WFP-2019-c00567d3a4fb
2019,WFP,Russian Federation,JOINT STOCK COMPANY NIZHNEVARTOVSKA,Building and Maintenance Services,15000.0,WFP-2019-c57d54d0d0de
2019,WFP,Russian Federation,JOINT STOCK COMPANY NIZHNEVARTOVSKA,Building and Maintenance Services,15000.0,WFP-2019-d282957ef24d
2019,WFP,Russian Federation,JOINT STOCK COMPANY NIZHNEVARTOVSKA,Building and Maintenance Services,3000.0,WFP-2019-c00567d3a4fb
2019,WFP,Russian Federation,JOINT STOCK COMPANY NIZHNEVARTOVSKA,Financial and Insurance Services,2000.0,WFP-2019-993996033110
2019,WFP,Russian Federation,JOINT STOCK COMPANY NIZHNEVARTOVSKA,Financial and Insurance Services,2000.0,WFP-2019-37fe33f56e42
2019,WFP,Russian Federation,JOINT STOCK COMPANY NIZHNEVARTOVSKA,Financial and Insurance Services,2000.0,WFP-2019-b1d56c9ef6ca
2019,WFP,Russian Federation,JOINT STOCK COMPANY NIZHNEVARTOVSKA,Financial and Insurance Services,1915.0,WFP-2019-1b0e69b44f6b
2019,WFP,Russian Federation,JOINT STOCK COMPANY NIZHNEVARTOVSKA,Financial and Insurance Services,1915.0,WFP-2019-6cb5ab68004d
2019,WFP,Russian Federation,JOINT STOCK COMPANY NIZHNEVARTOVSKA,Financial and Insurance Services,1915.0,WFP-2019-01cb338d3b25
2019,WFP,Russian Federation,JOINT STOCK COMPANY NIZHNEVARTOVSKA,Financial and Insurance Services,1915.0,WFP-2019-012d17439e5f
2019,WFP,Russian Federation,JOINT STOCK COMPANY NIZHNEVARTOVSKA,Financial and Insurance Services,1915.0,WFP-2019-ed2fa86ef27f
2019,WFP,Russian Federation,JOINT STOCK COMPANY NIZHNEVARTOVSKA,Financial and Insurance Services,1915.0,WFP-2019-10413e8ad499
2019,WFP,Russian Federation,JOINT STOCK COMPANY NIZHNEVARTOVSKA,Financial and Insurance Services,1915.0,WFP-2019-f3b231f2cf83
2019,WFP,Russian Federation,JOINT STOCK COMPANY NIZHNEVARTOVSKA,Financial and Insurance Services,1915.0,WFP-2019-91d688e67925
2019,WFP,Russian Federation,JOINT STOCK COMPANY NIZHNEVARTOVSKA,Financial and Insurance Services,1915.0,WFP-2019-cd5bc2308654
2019,WFP,Russian Federation,JOINT STOCK COMPANY NIZHNEVARTOVSKA,Financial and Insurance Services,1915.0,WFP-2019-ba2e0782d9f4
2019,WFP,Russian Federation,JOINT STOCK COMPANY NIZHNEVARTOVSKA,Financial and Insurance Services,1915.0,WFP-2019-f31f0890542e
2019,WFP,Russian Federation,JOINT STOCK COMPANY NIZHNEVARTOVSKA,Financial and Insurance Services,1915.0,WFP-2019-0e656a36ccfc
2019,WFP,Russian Federation,JOINT STOCK COMPANY NIZHNEVARTOVSKA,Financial and Insurance Services,1915.0,WFP-2019-b8d9b17f0a3c
2019,WFP,Russian Federation,JOINT STOCK COMPANY NIZHNEVARTOVSKA,Financial and Insurance Services,1915.0,WFP-2019-01e8e55b2ebd
2019,WFP,Russian Federation,JOINT STOCK COMPANY NIZHNEVARTOVSKA,Financial and Insurance Services,1915.0,WFP-2019-c41bb20fb113
2019,WFP,Russian Federation,JOINT STOCK COMPANY NIZHNEVARTOVSKA,Financial and Insurance Services,1915.0,WFP-2019-101b1cd1583a
2019,WFP,Russian Federation,JOINT STOCK COMPANY NIZHNEVARTOVSKA,Financial and Insurance Services,1915.0,WFP-2019-22ed46f5dd86
2019,WFP,Russian Federation,JOINT STOCK COMPANY NIZHNEVARTOVSKA,Financial and Insurance Services,1915.0,WFP-2019-e4d7b901bce0
2019,WFP,Russian Federation,JOINT STOCK COMPANY NIZHNEVARTOVSKA,Financial and Insurance Services,1915.0,WFP-2019-b3a80be7b861
2019,WFP,Russian Federation,JOINT STOCK COMPANY NIZHNEVARTOVSKA,Financial and Insurance Services,1915.0,WFP-2019-5c52e2d6755d
2019,WFP,Russian Federation,JOINT STOCK COMPANY NIZHNEVARTOVSKA,Financial and Insurance Services,1915.0,WFP-2019-4b516114eea3
2019,WFP,Russian Federation,JOINT STOCK COMPANY NIZHNEVARTOVSKA,Financial and Insurance Services,1915.0,WFP-2019-c0374d6daf12
2019,WFP,Russian Federation,JOINT STOCK COMPANY NIZHNEVARTOVSKA,Financial and Insurance Services,1915.0,WFP-2019-54ddd7b9775a
2019,WFP,Russian Federation,JOINT STOCK COMPANY NIZHNEVARTOVSKA,Financial and Insurance Services,1915.0,WFP-2019-0f5f92b0defe
2019,WFP,Russian Federation,JOINT STOCK COMPANY NIZHNEVARTOVSKA,Financial and Insurance Services,1915.0,WFP-2019-398018e6c981
2019,WFP,Russian Federation,JOINT STOCK COMPANY NIZHNEVARTOVSKA,Financial and Insurance Services,1915.0,WFP-2019-01ffa943c12e
2019,WFP,Russian Federation,JOINT STOCK COMPANY NIZHNEVARTOVSKA,Financial and Insurance Services,1915.0,WFP-2019-7bd16fdc2706
2019,WFP,Russian Federation,JOINT STOCK COMPANY NIZHNEVARTOVSKA,Financial and Insurance Services,1915.0,WFP-2019-4eefb203c96e
2019,WFP,Russian Federation,JOINT STOCK COMPANY NIZHNEVARTOVSKA,Financial and Insurance Services,1915.0,WFP-2019-7d1831c2b789
2019,WFP,Russian Federation,JOINT STOCK COMPANY NIZHNEVARTOVSKA,Financial and Insurance Services,1915.0,WFP-2019-fe0f60fe4ace
2019,WFP,Russian Federation,JOINT STOCK COMPANY NIZHNEVARTOVSKA,Financial and Insurance Services,1915.0,WFP-2019-3b566c21240d
2019,WFP,Russian Federation,JOINT STOCK COMPANY NIZHNEVARTOVSKA,Financial and Insurance Services,1915.0,WFP-2019-978fc1cf4e09
2019,WFP,Russian Federation,JOINT STOCK COMPANY NIZHNEVARTOVSKA,Financial and Insurance Services,1915.0,WFP-2019-a892f6e5aee5
2019,WFP,Russian Federation,JOINT STOCK COMPANY NIZHNEVARTOVSKA,Financial and Insurance Services,1915.0,WFP-2019-37d0d9542f7c
2019,WFP,Russian Federation,JOINT STOCK COMPANY NIZHNEVARTOVSKA,Financial and Insurance Services,1915.0,WFP-2019-7001413db72e
2019,WFP,Russian Federation,JOINT STOCK COMPANY NIZHNEVARTOVSKA,Financial and Insurance Services,1915.0,WFP-2019-1cc01fae81be
2019,WFP,Russian Federation,JOINT STOCK COMPANY NIZHNEVARTOVSKA,Financial and Insurance Services,1915.0,WFP-2019-2f80c0bd4793
2019,WFP,Russian Federation,JOINT STOCK COMPANY NIZHNEVARTOVSKA,Financial and Insurance Services,1915.0,WFP-2019-8f528bd40578
2019,WFP,Russian Federation,JOINT STOCK COMPANY NIZHNEVARTOVSKA,Financial and Insurance Services,1915.0,WFP-2019-a05e2b318b62
2019,WFP,Russian Federation,JOINT STOCK COMPANY NIZHNEVARTOVSKA,Financial and Insurance Services,1915.0,WFP-2019-22555aa8f1b4
2019,WFP,Russian Federation,JOINT STOCK COMPANY NIZHNEVARTOVSKA,Financial and Insurance Services,1915.0,WFP-2019-99620fe7d83f
2019,WFP,Russian Federation,JOINT STOCK COMPANY NIZHNEVARTOVSKA,Financial and Insurance Services,1915.0,WFP-2019-8aecdbfbf85b
2019,WFP,Russian Federation,JOINT STOCK COMPANY NIZHNEVARTOVSKA,Financial and Insurance Services,1915.0,WFP-2019-3fcd7ccb6e87
2019,WFP,Russian Federation,JOINT STOCK COMPANY NIZHNEVARTOVSKA,Financial and Insurance Services,1915.0,WFP-2019-4553350112e8
2019,WFP,Russian Federation,JOINT STOCK COMPANY NIZHNEVARTOVSKA,Financial and Insurance Services,1482.58,WFP-2019-88eeb6b1f2ce
2019,WFP,Russian Federation,JOINT STOCK COMPANY NIZHNEVARTOVSKA,Financial and Insurance Services,1200.0,WFP-2019-014e75641b5a
2019,WFP,Russian Federation,JOINT STOCK COMPANY NIZHNEVARTOVSKA,Financial and Insurance Services,1133.33,WFP-2019-c57d54d0d0de
2019,WFP,Russian Federation,JOINT STOCK COMPANY NIZHNEVARTOVSKA,Financial and Insurance Services,1025.89,WFP-2019-3130a689be43
2019,WFP,Russian Federation,JOINT STOCK COMPANY NIZHNEVARTOVSKA,Financial and Insurance Services,1025.89,WFP-2019-df94ab56d074
2019,WFP,Russian Federation,JOINT STOCK COMPANY NIZHNEVARTOVSKA,Financial and Insurance Services,889.11,WFP-2019-c33cb8b17452
2019,WFP,Russian Federation,JOINT STOCK COMPANY NIZHNEVARTOVSKA,Financial and Insurance Services,889.11,WFP-2019-b7958027b411
2019,WFP,Russian Federation,JOINT STOCK COMPANY NIZHNEVARTOVSKA,Financial and Insurance Services,889.11,WFP-2019-2a812c3ba13a
2019,WFP,Russian Federation,JOINT STOCK COMPANY NIZHNEVARTOVSKA,Financial and Insurance Services,803.06,WFP-2019-b2a1cb296baa
2019,WFP,Russian Federation,JOINT STOCK COMPANY NIZHNEVARTOVSKA,Financial and Insurance Services,803.06,WFP-2019-3c0fb15acca3
2019,WFP,Russian Federation,JOINT STOCK COMPANY NIZHNEVARTOVSKA,Financial and Insurance Services,800.0,WFP-2019-d282957ef24d
2019,WFP,Russian Federation,JOINT STOCK COMPANY NIZHNEVARTOVSKA,Financial and Insurance Services,800.0,WFP-2019-48422c086f00
2019,WFP,Russian Federation,JOINT STOCK COMPANY NIZHNEVARTOVSKA,Financial and Insurance Services,600.0,WFP-2019-2f4a4904b451
2019,WFP,Russian Federation,JOINT STOCK COMPANY NIZHNEVARTOVSKA,Financial and Insurance Services,432.42,WFP-2019-3dd17e4e6ff9
2019,WFP,Russian Federation,JOINT STOCK COMPANY NIZHNEVARTOVSKA,Financial and Insurance Services,191.5,WFP-2019-4467429a681c
2020,WFP,Russian Federation,JOINT STOCK COMPANY NIZHNEVARTOVSKA,"Transportation, Storage, Mail Services",350715.0,WFP-2020-5b4721a80c84
2020,WFP,Russian Federation,JOINT STOCK COMPANY NIZHNEVARTOVSKA,"Transportation, Storage, Mail Services",350715.0,WFP-2020-64d42df6f498
2020,WFP,Russian Federation,JOINT STOCK COMPANY NIZHNEVARTOVSKA,"Transportation, Storage, Mail Services",350715.0,WFP-2020-ad514660d1ad
2020,WFP,Russian Federation,JOINT STOCK COMPANY NIZHNEVARTOVSKA,"Transportation, Storage, Mail Services",230380.0,WFP-2020-6430c4e79e06
2020,WFP,Russian Federation,JOINT STOCK COMPANY NIZHNEVARTOVSKA,"Transportation, Storage, Mail Services",212905.0,WFP-2020-2cf0c8dca12b
2020,WFP,Russian Federation,JOINT STOCK COMPANY NIZHNEVARTOVSKA,"Transportation, Storage, Mail Services",212905.0,WFP-2020-06070007d371
2020,WFP,Russian Federation,JOINT STOCK COMPANY NIZHNEVARTOVSKA,"Transportation, Storage, Mail Services",208505.0,WFP-2020-f2cc11ca907c
2020,WFP,Russian Federation,JOINT STOCK COMPANY NIZHNEVARTOVSKA,"Transportation, Storage, Mail Services",208505.0,WFP-2020-463a975cb4c7
2020,WFP,Russian Federation,JOINT STOCK COMPANY NIZHNEVARTOVSKA,"Transportation, Storage, Mail Services",208505.0,WFP-2020-0a669111c7e3
2020,WFP,Russian Federation,JOINT STOCK COMPANY NIZHNEVARTOVSKA,"Transportation, Storage, Mail Services",208505.0,WFP-2020-ad8692badf0d
2020,WFP,Russian Federation,JOINT STOCK COMPANY NIZHNEVARTOVSKA,"Transportation, Storage, Mail Services",208505.0,WFP-2020-019105e99930
2020,WFP,Russian Federation,JOINT STOCK COMPANY NIZHNEVARTOVSKA,"Transportation, Storage, Mail Services",208505.0,WFP-2020-c7c44f2e636b
2020,WFP,Russian Federation,JOINT STOCK COMPANY NIZHNEVARTOVSKA,"Transportation, Storage, Mail Services",208505.0,WFP-2020-7b462d4d8386
2020,WFP,Russian Federation,JOINT STOCK COMPANY NIZHNEVARTOVSKA,"Transportation, Storage, Mail Services",208505.0,WFP-2020-c68f38859f7c
2020,WFP,Russian Federation,JOINT STOCK COMPANY NIZHNEVARTOVSKA,"Transportation, Storage, Mail Services",198180.0,WFP-2020-e1618db1ffde
2020,WFP,Russian Federation,JOINT STOCK COMPANY NIZHNEVARTOVSKA,"Transportation, Storage, Mail Services",198180.0,WFP-2020-9553e7bf3f0f
2020,WFP,Russian Federation,JOINT STOCK COMPANY NIZHNEVARTOVSKA,"Transportation, Storage, Mail Services",198180.0,WFP-2020-45c52dcce3ce
2020,WFP,Russian Federation,JOINT STOCK COMPANY NIZHNEVARTOVSKA,"Transportation, Storage, Mail Services",198180.0,WFP-2020-ccada157bbb8
2020,WFP,Russian Federation,JOINT STOCK COMPANY NIZHNEVARTOVSKA,"Transportation, Storage, Mail Services",198180.0,WFP-2020-454839afcd99
2020,WFP,Russian Federation,JOINT STOCK COMPANY NIZHNEVARTOVSKA,"Transportation, Storage, Mail Services",198180.0,WFP-2020-d9188fb06d64
2020,WFP,Russian Federation,JOINT STOCK COMPANY NIZHNEVARTOVSKA,"Transportation, Storage, Mail Services",196770.0,WFP-2020-e6ac961b5c0f
2020,WFP,Russian Federation,JOINT STOCK COMPANY NIZHNEVARTOVSKA,"Transportation, Storage, Mail Services",196770.0,WFP-2020-4fc6ac72a60c
2020,WFP,Russian Federation,JOINT STOCK COMPANY NIZHNEVARTOVSKA,"Transportation, Storage, Mail Services",188790.0,WFP-2020-144202a92b05
2020,WFP,Russian Federation,JOINT STOCK COMPANY NIZHNEVARTOVSKA,"Transportation, Storage, Mail Services",188790.0,WFP-2020-eaa12dba018f
2020,WFP,Russian Federation,JOINT STOCK COMPANY NIZHNEVARTOVSKA,"Transportation, Storage, Mail Services",188790.0,WFP-2020-874d889a1d98
2020,WFP,Russian Federation,JOINT STOCK COMPANY NIZHNEVARTOVSKA,"Transportation, Storage, Mail Services",188790.0,WFP-2020-2da43745d2c1
2020,WFP,Russian Federation,JOINT STOCK COMPANY NIZHNEVARTOVSKA,"Transportation, Storage, Mail Services",188790.0,WFP-2020-2822e720780e
2020,WFP,Russian Federation,JOINT STOCK COMPANY NIZHNEVARTOVSKA,"Transportation, Storage, Mail Services",188790.0,WFP-2020-6a2a98a16900
2020,WFP,Russian Federation,JOINT STOCK COMPANY NIZHNEVARTOVSKA,"Transportation, Storage, Mail Services",180400.0,WFP-2020-2c7266a75d50
2020,WFP,Russian Federation,JOINT STOCK COMPANY NIZHNEVARTOVSKA,"Transportation, Storage, Mail Services",180400.0,WFP-2020-8cd2cd2e1957
2020,WFP,Russian Federation,JOINT STOCK COMPANY NIZHNEVARTOVSKA,"Transportation, Storage, Mail Services",180400.0,WFP-2020-2701c4ef91a7
2020,WFP,Russian Federation,JOINT STOCK COMPANY NIZHNEVARTOVSKA,"Transportation, Storage, Mail Services",180400.0,WFP-2020-5ed5da1a7a95
2020,WFP,Russian Federation,JOINT STOCK COMPANY NIZHNEVARTOVSKA,"Transportation, Storage, Mail Services",175890.0,WFP-2020-8f9538fa9ea5
2020,WFP,Russian Federation,JOINT STOCK COMPANY NIZHNEVARTOVSKA,"Transportation, Storage, Mail Services",175890.0,WFP-2020-f34fa4b1a960
2020,WFP,Russian Federation,JOINT STOCK COMPANY NIZHNEVARTOVSKA,"Transportation, Storage, Mail Services",175890.0,WFP-2020-a0d7ae3cd7de
2020,WFP,Russian Federation,JOINT STOCK COMPANY NIZHNEVARTOVSKA,"Transportation, Storage, Mail Services",175890.0,WFP-2020-7129b700f0f5
2020,WFP,Russian Federation,JOINT STOCK COMPANY NIZHNEVARTOVSKA,"Transportation, Storage, Mail Services",175890.0,WFP-2020-7f8febfff206
2020,WFP,Russian Federation,JOINT STOCK COMPANY NIZHNEVARTOVSKA,"Transportation, Storage, Mail Services",175890.0,WFP-2020-fd4ceef59ba5
2020,WFP,Russian Federation,JOINT STOCK COMPANY NIZHNEVARTOVSKA,"Transportation, Storage, Mail Services",175890.0,WFP-2020-bcda7c50018f
2020,WFP,Russian Federation,JOINT STOCK COMPANY NIZHNEVARTOVSKA,"Transportation, Storage, Mail Services",175890.0,WFP-2020-3fc50841b0f5
2020,WFP,Russian Federation,JOINT STOCK COMPANY NIZHNEVARTOVSKA,"Transportation, Storage, Mail Services",175890.0,WFP-2020-9442b40c0813
2020,WFP,Russian Federation,JOINT STOCK COMPANY NIZHNEVARTOVSKA,"Transportation, Storage, Mail Services",174825.0,WFP-2020-59256ba10312
2020,WFP,Russian Federation,JOINT STOCK COMPANY NIZHNEVARTOVSKA,"Transportation, Storage, Mail Services",174825.0,WFP-2020-212ec88235d9
2020,WFP,Russian Federation,JOINT STOCK COMPANY NIZHNEVARTOVSKA,"Transportation, Storage, Mail Services",174825.0,WFP-2020-06a294d162a5
2020,WFP,Russian Federation,JOINT STOCK COMPANY NIZHNEVARTOVSKA,"Transportation, Storage, Mail Services",174825.0,WFP-2020-464b209fdd75
2020,WFP,Russian Federation,JOINT STOCK COMPANY NIZHNEVARTOVSKA,"Transportation, Storage, Mail Services",174825.0,WFP-2020-f93697b1e8b0
2020,WFP,Russian Federation,JOINT STOCK COMPANY NIZHNEVARTOVSKA,"Transportation, Storage, Mail Services",174825.0,WFP-2020-e28b9ff14a4e
2020,WFP,Russian Federation,JOINT STOCK COMPANY NIZHNEVARTOVSKA,"Transportation, Storage, Mail Services",174825.0,WFP-2020-d656fd226100
2020,WFP,Russian Federation,JOINT STOCK COMPANY NIZHNEVARTOVSKA,"Transportation, Storage, Mail Services",174825.0,WFP-2020-e3dbce3ae16a
2020,WFP,Russian Federation,JOINT STOCK COMPANY NIZHNEVARTOVSKA,"Transportation, Storage, Mail Services",174825.0,WFP-2020-635957fad8fa
2020,WFP,Russian Federation,JOINT STOCK COMPANY NIZHNEVARTOVSKA,"Transportation, Storage, Mail Services",167571.1,WFP-2020-8b9c457f9432
2020,WFP,Russian Federation,JOINT STOCK COMPANY NIZHNEVARTOVSKA,"Transportation, Storage, Mail Services",163023.0,WFP-2020-c54789bc61fa
2020,WFP,Russian Federation,JOINT STOCK COMPANY NIZHNEVARTOVSKA,"Transportation, Storage, Mail Services",139734.0,WFP-2020-c4c7118b6b9b
2020,WFP,Russian Federation,JOINT STOCK COMPANY NIZHNEVARTOVSKA,"Transportation, Storage, Mail Services",130593.71,WFP-2020-829806f4336f
2020,WFP,Russian Federation,JOINT STOCK COMPANY NIZHNEVARTOVSKA,"Transportation, Storage, Mail Services",120655.07,WFP-2020-b2300d1958ad
2020,WFP,Russian Federation,JOINT STOCK COMPANY NIZHNEVARTOVSKA,"Transportation, Storage, Mail Services",92249.93,WFP-2020-0e8fd5e6379a
2020,WFP,Russian Federation,JOINT STOCK COMPANY NIZHNEVARTOVSKA,"Transportation, Storage, Mail Services",85884.32,WFP-2020-fade3a29cc0d
2020,WFP,Russian Federation,JOINT STOCK COMPANY NIZHNEVARTOVSKA,"Transportation, Storage, Mail Services",79923.74,WFP-2020-1b27b8ad723c
2020,WFP,Russian Federation,JOINT STOCK COMPANY NIZHNEVARTOVSKA,"Transportation, Storage, Mail Services",38387.0,WFP-2020-cf65c1001c82
2020,WFP,Russian Federation,JOINT STOCK COMPANY NIZHNEVARTOVSKA,"Transportation, Storage, Mail Services",31947.42,WFP-2020-13a23013cedd
2020,WFP,Russian Federation,JOINT STOCK COMPANY NIZHNEVARTOVSKA,"Transportation, Storage, Mail Services",30975.48,WFP-2020-794593395bb9
2020,WFP,Russian Federation,JOINT STOCK COMPANY NIZHNEVARTOVSKA,"Transportation, Storage, Mail Services",30000.0,WFP-2020-b699e18443f0
2020,WFP,Russian Federation,JOINT STOCK COMPANY NIZHNEVARTOVSKA,"Transportation, Storage, Mail Services",30000.0,WFP-2020-e6b1381d9bc9
2020,WFP,Russian Federation,JOINT STOCK COMPANY NIZHNEVARTOVSKA,Building and Maintenance Services,15000.0,WFP-2020-829806f4336f
2020,WFP,Russian Federation,JOINT STOCK COMPANY NIZHNEVARTOVSKA,Building and Maintenance Services,15000.0,WFP-2020-1b27b8ad723c
2020,WFP,Russian Federation,JOINT STOCK COMPANY NIZHNEVARTOVSKA,Financial and Insurance Services,3830.0,WFP-2020-5b4721a80c84
2020,WFP,Russian Federation,JOINT STOCK COMPANY NIZHNEVARTOVSKA,Financial and Insurance Services,3830.0,WFP-2020-ad514660d1ad
2020,WFP,Russian Federation,JOINT STOCK COMPANY NIZHNEVARTOVSKA,Financial and Insurance Services,3830.0,WFP-2020-64d42df6f498
2020,WFP,Russian Federation,JOINT STOCK COMPANY NIZHNEVARTOVSKA,Financial and Insurance Services,2000.0,WFP-2020-2cf0c8dca12b
2020,WFP,Russian Federation,JOINT STOCK COMPANY NIZHNEVARTOVSKA,Financial and Insurance Services,2000.0,WFP-2020-7b462d4d8386
2020,WFP,Russian Federation,JOINT STOCK COMPANY NIZHNEVARTOVSKA,Financial and Insurance Services,2000.0,WFP-2020-ad8692badf0d
2020,WFP,Russian Federation,JOINT STOCK COMPANY NIZHNEVARTOVSKA,Financial and Insurance Services,2000.0,WFP-2020-06070007d371
2020,WFP,Russian Federation,JOINT STOCK COMPANY NIZHNEVARTOVSKA,Financial and Insurance Services,2000.0,WFP-2020-c68f38859f7c
2020,WFP,Russian Federation,JOINT STOCK COMPANY NIZHNEVARTOVSKA,Financial and Insurance Services,2000.0,WFP-2020-c7c44f2e636b
2020,WFP,Russian Federation,JOINT STOCK COMPANY NIZHNEVARTOVSKA,Financial and Insurance Services,2000.0,WFP-2020-463a975cb4c7
2020,WFP,Russian Federation,JOINT STOCK COMPANY NIZHNEVARTOVSKA,Financial and Insurance Services,2000.0,WFP-2020-019105e99930
2020,WFP,Russian Federation,JOINT STOCK COMPANY NIZHNEVARTOVSKA,Financial and Insurance Services,2000.0,WFP-2020-0a669111c7e3
2020,WFP,Russian Federation,JOINT STOCK COMPANY NIZHNEVARTOVSKA,Financial and Insurance Services,2000.0,WFP-2020-f2cc11ca907c
2020,WFP,Russian Federation,JOINT STOCK COMPANY NIZHNEVARTOVSKA,Financial and Insurance Services,2000.0,WFP-2020-6430c4e79e06
2020,WFP,Russian Federation,JOINT STOCK COMPANY NIZHNEVARTOVSKA,Financial and Insurance Services,1915.0,WFP-2020-a0d7ae3cd7de
2020,WFP,Russian Federation,JOINT STOCK COMPANY NIZHNEVARTOVSKA,Financial and Insurance Services,1915.0,WFP-2020-874d889a1d98
2020,WFP,Russian Federation,JOINT STOCK COMPANY NIZHNEVARTOVSKA,Financial and Insurance Services,1915.0,WFP-2020-06a294d162a5
2020,WFP,Russian Federation,JOINT STOCK COMPANY NIZHNEVARTOVSKA,Financial and Insurance Services,1915.0,WFP-2020-e28b9ff14a4e
2020,WFP,Russian Federation,JOINT STOCK COMPANY NIZHNEVARTOVSKA,Financial and Insurance Services,1915.0,WFP-2020-e1618db1ffde
2020,WFP,Russian Federation,JOINT STOCK COMPANY NIZHNEVARTOVSKA,Financial and Insurance Services,1915.0,WFP-2020-d656fd226100
2020,WFP,Russian Federation,JOINT STOCK COMPANY NIZHNEVARTOVSKA,Financial and Insurance Services,1915.0,WFP-2020-9553e7bf3f0f
2020,WFP,Russian Federation,JOINT STOCK COMPANY NIZHNEVARTOVSKA,Financial and Insurance Services,1915.0,WFP-2020-d9188fb06d64
2020,WFP,Russian Federation,JOINT STOCK COMPANY NIZHNEVARTOVSKA,Financial and Insurance Services,1915.0,WFP-2020-635957fad8fa
2020,WFP,Russian Federation,JOINT STOCK COMPANY NIZHNEVARTOVSKA,Financial and Insurance Services,1915.0,WFP-2020-ccada157bbb8
2020,WFP,Russian Federation,JOINT STOCK COMPANY NIZHNEVARTOVSKA,Financial and Insurance Services,1915.0,WFP-2020-fd4ceef59ba5
2020,WFP,Russian Federation,JOINT STOCK COMPANY NIZHNEVARTOVSKA,Financial and Insurance Services,1915.0,WFP-2020-7f8febfff206
2020,WFP,Russian Federation,JOINT STOCK COMPANY NIZHNEVARTOVSKA,Financial and Insurance Services,1915.0,WFP-2020-2da43745d2c1
2020,WFP,Russian Federation,JOINT STOCK COMPANY NIZHNEVARTOVSKA,Financial and Insurance Services,1915.0,WFP-2020-7129b700f0f5
2020,WFP,Russian Federation,JOINT STOCK COMPANY NIZHNEVARTOVSKA,Financial and Insurance Services,1915.0,WFP-2020-f93697b1e8b0
2020,WFP,Russian Federation,JOINT STOCK COMPANY NIZHNEVARTOVSKA,Financial and Insurance Services,1915.0,WFP-2020-59256ba10312
2020,WFP,Russian Federation,JOINT STOCK COMPANY NIZHNEVARTOVSKA,Financial and Insurance Services,1915.0,WFP-2020-e3dbce3ae16a
2020,WFP,Russian Federation,JOINT STOCK COMPANY NIZHNEVARTOVSKA,Financial and Insurance Services,1915.0,WFP-2020-eaa12dba018f
2020,WFP,Russian Federation,JOINT STOCK COMPANY NIZHNEVARTOVSKA,Financial and Insurance Services,1915.0,WFP-2020-212ec88235d9
2020,WFP,Russian Federation,JOINT STOCK COMPANY NIZHNEVARTOVSKA,Financial and Insurance Services,1915.0,WFP-2020-3fc50841b0f5
2020,WFP,Russian Federation,JOINT STOCK COMPANY NIZHNEVARTOVSKA,Financial and Insurance Services,1915.0,WFP-2020-bcda7c50018f
2020,WFP,Russian Federation,JOINT STOCK COMPANY NIZHNEVARTOVSKA,Financial and Insurance Services,1915.0,WFP-2020-8f9538fa9ea5
2020,WFP,Russian Federation,JOINT STOCK COMPANY NIZHNEVARTOVSKA,Financial and Insurance Services,1915.0,WFP-2020-6a2a98a16900
2020,WFP,Russian Federation,JOINT STOCK COMPANY NIZHNEVARTOVSKA,Financial and Insurance Services,1915.0,WFP-2020-454839afcd99
2020,WFP,Russian Federation,JOINT STOCK COMPANY NIZHNEVARTOVSKA,Financial and Insurance Services,1915.0,WFP-2020-9442b40c0813
2020,WFP,Russian Federation,JOINT STOCK COMPANY NIZHNEVARTOVSKA,Financial and Insurance Services,1915.0,WFP-2020-f34fa4b1a960
2020,WFP,Russian Federation,JOINT STOCK COMPANY NIZHNEVARTOVSKA,Financial and Insurance Services,1915.0,WFP-2020-464b209fdd75
2020,WFP,Russian Federation,JOINT STOCK COMPANY NIZHNEVARTOVSKA,Financial and Insurance Services,1915.0,WFP-2020-144202a92b05
2020,WFP,Russian Federation,JOINT STOCK COMPANY NIZHNEVARTOVSKA,Financial and Insurance Services,1915.0,WFP-2020-45c52dcce3ce
2020,WFP,Russian Federation,JOINT STOCK COMPANY NIZHNEVARTOVSKA,Financial and Insurance Services,1915.0,WFP-2020-2822e720780e
2020,WFP,Russian Federation,JOINT STOCK COMPANY NIZHNEVARTOVSKA,Financial and Insurance Services,1400.0,WFP-2020-c54789bc61fa
2020,WFP,Russian Federation,JOINT STOCK COMPANY NIZHNEVARTOVSKA,Financial and Insurance Services,1200.0,WFP-2020-c4c7118b6b9b
2020,WFP,Russian Federation,JOINT STOCK COMPANY NIZHNEVARTOVSKA,Financial and Insurance Services,1133.33,WFP-2020-b2300d1958ad
2020,WFP,Russian Federation,JOINT STOCK COMPANY NIZHNEVARTOVSKA,Financial and Insurance Services,866.67,WFP-2020-0e8fd5e6379a
2020,WFP,Russian Federation,JOINT STOCK COMPANY NIZHNEVARTOVSKA,Financial and Insurance Services,494.19,WFP-2020-794593395bb9
2021,WFP,Russian Federation,JOINT STOCK COMPANY NIZHNEVARTOVSKA,"Transportation, Storage, Mail Services",456402.0,WFP-2021-bb9460a77c46
2021,WFP,Russian Federation,JOINT STOCK COMPANY NIZHNEVARTOVSKA,"Transportation, Storage, Mail Services",350735.0,WFP-2021-be4bb2f84e32
2021,WFP,Russian Federation,JOINT STOCK COMPANY NIZHNEVARTOVSKA,"Transportation, Storage, Mail Services",350735.0,WFP-2021-8821f6014f32
2021,WFP,Russian Federation,JOINT STOCK COMPANY NIZHNEVARTOVSKA,"Transportation, Storage, Mail Services",350735.0,WFP-2021-bb05c52e073b
2021,WFP,Russian Federation,JOINT STOCK COMPANY NIZHNEVARTOVSKA,"Transportation, Storage, Mail Services",350735.0,WFP-2021-4e4285becb82
2021,WFP,Russian Federation,JOINT STOCK COMPANY NIZHNEVARTOVSKA,"Transportation, Storage, Mail Services",350735.0,WFP-2021-4544538d7b8a
2021,WFP,Russian Federation,JOINT STOCK COMPANY NIZHNEVARTOVSKA,"Transportation, Storage, Mail Services",350735.0,WFP-2021-ef451b6e8deb
2021,WFP,Russian Federation,JOINT STOCK COMPANY NIZHNEVARTOVSKA,"Transportation, Storage, Mail Services",350735.0,WFP-2021-544547418ac9
2021,WFP,Russian Federation,JOINT STOCK COMPANY NIZHNEVARTOVSKA,"Transportation, Storage, Mail Services",350735.0,WFP-2021-6dd3954b8b64
2021,WFP,Russian Federation,JOINT STOCK COMPANY NIZHNEVARTOVSKA,"Transportation, Storage, Mail Services",282000.0,WFP-2021-1338b9e8b328
2021,WFP,Russian Federation,JOINT STOCK COMPANY NIZHNEVARTOVSKA,"Transportation, Storage, Mail Services",230380.0,WFP-2021-0e28677c6cb8
2021,WFP,Russian Federation,JOINT STOCK COMPANY NIZHNEVARTOVSKA,"Transportation, Storage, Mail Services",216005.0,WFP-2021-67eeae191834
2021,WFP,Russian Federation,JOINT STOCK COMPANY NIZHNEVARTOVSKA,"Transportation, Storage, Mail Services",208505.0,WFP-2021-bad45f9d9ee0
2021,WFP,Russian Federation,JOINT STOCK COMPANY NIZHNEVARTOVSKA,"Transportation, Storage, Mail Services",208505.0,WFP-2021-de5ac84321b8
2021,WFP,Russian Federation,JOINT STOCK COMPANY NIZHNEVARTOVSKA,"Transportation, Storage, Mail Services",208505.0,WFP-2021-299ac0f56fc2
2021,WFP,Russian Federation,JOINT STOCK COMPANY NIZHNEVARTOVSKA,"Transportation, Storage, Mail Services",208505.0,WFP-2021-9a2a24fa8d78
2021,WFP,Russian Federation,JOINT STOCK COMPANY NIZHNEVARTOVSKA,"Transportation, Storage, Mail Services",208505.0,WFP-2021-f8fd72542eb0
2021,WFP,Russian Federation,JOINT STOCK COMPANY NIZHNEVARTOVSKA,"Transportation, Storage, Mail Services",208505.0,WFP-2021-acca6ba1a88f
2021,WFP,Russian Federation,JOINT STOCK COMPANY NIZHNEVARTOVSKA,"Transportation, Storage, Mail Services",208505.0,WFP-2021-3056d65b128f
2021,WFP,Russian Federation,JOINT STOCK COMPANY NIZHNEVARTOVSKA,"Transportation, Storage, Mail Services",206210.0,WFP-2021-935e3305d99c
2021,WFP,Russian Federation,JOINT STOCK COMPANY NIZHNEVARTOVSKA,"Transportation, Storage, Mail Services",206210.0,WFP-2021-145ce9ce211c
2021,WFP,Russian Federation,JOINT STOCK COMPANY NIZHNEVARTOVSKA,"Transportation, Storage, Mail Services",206210.0,WFP-2021-add52f1f6421
2021,WFP,Russian Federation,JOINT STOCK COMPANY NIZHNEVARTOVSKA,"Transportation, Storage, Mail Services",206210.0,WFP-2021-605323ebc336
2021,WFP,Russian Federation,JOINT STOCK COMPANY NIZHNEVARTOVSKA,"Transportation, Storage, Mail Services",204810.0,WFP-2021-6510c8faa5d0
2021,WFP,Russian Federation,JOINT STOCK COMPANY NIZHNEVARTOVSKA,"Transportation, Storage, Mail Services",201402.0,WFP-2021-3a518c4be97e
2021,WFP,Russian Federation,JOINT STOCK COMPANY NIZHNEVARTOVSKA,"Transportation, Storage, Mail Services",201402.0,WFP-2021-0771e1cd4fec
2021,WFP,Russian Federation,JOINT STOCK COMPANY NIZHNEVARTOVSKA,"Transportation, Storage, Mail Services",201402.0,WFP-2021-5a638e08e224
2021,WFP,Russian Federation,JOINT STOCK COMPANY NIZHNEVARTOVSKA,"Transportation, Storage, Mail Services",201402.0,WFP-2021-c2c3f02cfb61
2021,WFP,Russian Federation,JOINT STOCK COMPANY NIZHNEVARTOVSKA,"Transportation, Storage, Mail Services",201402.0,WFP-2021-90bc9a68af8b
2021,WFP,Russian Federation,JOINT STOCK COMPANY NIZHNEVARTOVSKA,"Transportation, Storage, Mail Services",201402.0,WFP-2021-b6f0eaab72a2
2021,WFP,Russian Federation,JOINT STOCK COMPANY NIZHNEVARTOVSKA,"Transportation, Storage, Mail Services",201402.0,WFP-2021-4443819857df
2021,WFP,Russian Federation,JOINT STOCK COMPANY NIZHNEVARTOVSKA,"Transportation, Storage, Mail Services",201402.0,WFP-2021-3cad4fb1513f
2021,WFP,Russian Federation,JOINT STOCK COMPANY NIZHNEVARTOVSKA,"Transportation, Storage, Mail Services",201402.0,WFP-2021-f980bcd23e99
2021,WFP,Russian Federation,JOINT STOCK COMPANY NIZHNEVARTOVSKA,"Transportation, Storage, Mail Services",201402.0,WFP-2021-3ec0c89a5355
2021,WFP,Russian Federation,JOINT STOCK COMPANY NIZHNEVARTOVSKA,"Transportation, Storage, Mail Services",201402.0,WFP-2021-64f5e410998a
2021,WFP,Russian Federation,JOINT STOCK COMPANY NIZHNEVARTOVSKA,"Transportation, Storage, Mail Services",199559.46,WFP-2021-219f8abe90a2
2021,WFP,Russian Federation,JOINT STOCK COMPANY NIZHNEVARTOVSKA,"Transportation, Storage, Mail Services",198180.0,WFP-2021-16c02ab53aa9
2021,WFP,Russian Federation,JOINT STOCK COMPANY NIZHNEVARTOVSKA,"Transportation, Storage, Mail Services",197400.0,WFP-2021-f8ee4f12adba
2021,WFP,Russian Federation,JOINT STOCK COMPANY NIZHNEVARTOVSKA,"Transportation, Storage, Mail Services",197400.0,WFP-2021-e9e74b261900
2021,WFP,Russian Federation,JOINT STOCK COMPANY NIZHNEVARTOVSKA,"Transportation, Storage, Mail Services",197400.0,WFP-2021-cb23e00da256
2021,WFP,Russian Federation,JOINT STOCK COMPANY NIZHNEVARTOVSKA,"Transportation, Storage, Mail Services",197400.0,WFP-2021-9910ef9467c4
2021,WFP,Russian Federation,JOINT STOCK COMPANY NIZHNEVARTOVSKA,"Transportation, Storage, Mail Services",196770.0,WFP-2021-502d0e395776
2021,WFP,Russian Federation,JOINT STOCK COMPANY NIZHNEVARTOVSKA,"Transportation, Storage, Mail Services",196770.0,WFP-2021-8e9bde8ef918
2021,WFP,Russian Federation,JOINT STOCK COMPANY NIZHNEVARTOVSKA,"Transportation, Storage, Mail Services",196770.0,WFP-2021-bc11f09829c8
2021,WFP,Russian Federation,JOINT STOCK COMPANY NIZHNEVARTOVSKA,"Transportation, Storage, Mail Services",196770.0,WFP-2021-9e96c5b74c50
2021,WFP,Russian Federation,JOINT STOCK COMPANY NIZHNEVARTOVSKA,"Transportation, Storage, Mail Services",196770.0,WFP-2021-b563eac92d37
2021,WFP,Russian Federation,JOINT STOCK COMPANY NIZHNEVARTOVSKA,"Transportation, Storage, Mail Services",196770.0,WFP-2021-92aae253e005
2021,WFP,Russian Federation,JOINT STOCK COMPANY NIZHNEVARTOVSKA,"Transportation, Storage, Mail Services",196770.0,WFP-2021-b80c812fbb4c
2021,WFP,Russian Federation,JOINT STOCK COMPANY NIZHNEVARTOVSKA,"Transportation, Storage, Mail Services",196770.0,WFP-2021-47cc8ba0007e
2021,WFP,Russian Federation,JOINT STOCK COMPANY NIZHNEVARTOVSKA,"Transportation, Storage, Mail Services",196770.0,WFP-2021-e4d662c39093
2021,WFP,Russian Federation,JOINT STOCK COMPANY NIZHNEVARTOVSKA,"Transportation, Storage, Mail Services",196770.0,WFP-2021-20000536d365
2021,WFP,Russian Federation,JOINT STOCK COMPANY NIZHNEVARTOVSKA,"Transportation, Storage, Mail Services",196770.0,WFP-2021-0fb17a37a695
2021,WFP,Russian Federation,JOINT STOCK COMPANY NIZHNEVARTOVSKA,"Transportation, Storage, Mail Services",192390.0,WFP-2021-17306b43b6e3
2021,WFP,Russian Federation,JOINT STOCK COMPANY NIZHNEVARTOVSKA,"Transportation, Storage, Mail Services",182500.0,WFP-2021-27c8b49e42a5
2021,WFP,Russian Federation,JOINT STOCK COMPANY NIZHNEVARTOVSKA,"Transportation, Storage, Mail Services",180400.0,WFP-2021-5ec2a645f832
2021,WFP,Russian Federation,JOINT STOCK COMPANY NIZHNEVARTOVSKA,"Transportation, Storage, Mail Services",180400.0,WFP-2021-af26fc7f55d5
2021,WFP,Russian Federation,JOINT STOCK COMPANY NIZHNEVARTOVSKA,"Transportation, Storage, Mail Services",180400.0,WFP-2021-1e84fc7120e7
2021,WFP,Russian Federation,JOINT STOCK COMPANY NIZHNEVARTOVSKA,"Transportation, Storage, Mail Services",180400.0,WFP-2021-3ea70c3b47c6
2021,WFP,Russian Federation,JOINT STOCK COMPANY NIZHNEVARTOVSKA,"Transportation, Storage, Mail Services",180400.0,WFP-2021-f6c8bbecbd3d
2021,WFP,Russian Federation,JOINT STOCK COMPANY NIZHNEVARTOVSKA,"Transportation, Storage, Mail Services",175910.0,WFP-2021-b71c74b9cf16
2021,WFP,Russian Federation,JOINT STOCK COMPANY NIZHNEVARTOVSKA,"Transportation, Storage, Mail Services",175910.0,WFP-2021-6a3f2deaede2
2021,WFP,Russian Federation,JOINT STOCK COMPANY NIZHNEVARTOVSKA,"Transportation, Storage, Mail Services",175910.0,WFP-2021-287c4d060589
2021,WFP,Russian Federation,JOINT STOCK COMPANY NIZHNEVARTOVSKA,"Transportation, Storage, Mail Services",174825.0,WFP-2021-9a012ab7cc8d
2021,WFP,Russian Federation,JOINT STOCK COMPANY NIZHNEVARTOVSKA,"Transportation, Storage, Mail Services",174825.0,WFP-2021-5f74cb470685
2021,WFP,Russian Federation,JOINT STOCK COMPANY NIZHNEVARTOVSKA,"Transportation, Storage, Mail Services",174825.0,WFP-2021-9aa837ea0f62
2021,WFP,Russian Federation,JOINT STOCK COMPANY NIZHNEVARTOVSKA,"Transportation, Storage, Mail Services",170333.33,WFP-2021-29d0710d7100
2021,WFP,Russian Federation,JOINT STOCK COMPANY NIZHNEVARTOVSKA,"Transportation, Storage, Mail Services",147500.0,WFP-2021-eac78198e2c7
2021,WFP,Russian Federation,JOINT STOCK COMPANY NIZHNEVARTOVSKA,"Transportation, Storage, Mail Services",147059.0,WFP-2021-fe937c7dbfe7
2021,WFP,Russian Federation,JOINT STOCK COMPANY NIZHNEVARTOVSKA,"Transportation, Storage, Mail Services",145476.26,WFP-2021-9aa9d6cf7e40
2021,WFP,Russian Federation,JOINT STOCK COMPANY NIZHNEVARTOVSKA,"Transportation, Storage, Mail Services",145476.26,WFP-2021-0a29a3dc2f51
2021,WFP,Russian Federation,JOINT STOCK COMPANY NIZHNEVARTOVSKA,"Transportation, Storage, Mail Services",126830.0,WFP-2021-a3ecc739b0f8
2021,WFP,Russian Federation,JOINT STOCK COMPANY NIZHNEVARTOVSKA,"Transportation, Storage, Mail Services",120593.71,WFP-2021-da4ca3e2a185
2021,WFP,Russian Federation,JOINT STOCK COMPANY NIZHNEVARTOVSKA,"Transportation, Storage, Mail Services",118925.68,WFP-2021-36eea8b19b9b
2021,WFP,Russian Federation,JOINT STOCK COMPANY NIZHNEVARTOVSKA,"Transportation, Storage, Mail Services",118140.67,WFP-2021-2272dae0e6bb
2021,WFP,Russian Federation,JOINT STOCK COMPANY NIZHNEVARTOVSKA,"Transportation, Storage, Mail Services",108640.0,WFP-2021-dc907a4e6c2d
2021,WFP,Russian Federation,JOINT STOCK COMPANY NIZHNEVARTOVSKA,"Transportation, Storage, Mail Services",102133.32,WFP-2021-5c4a45ca4abe
2021,WFP,Russian Federation,JOINT STOCK COMPANY NIZHNEVARTOVSKA,"Transportation, Storage, Mail Services",101514.94,WFP-2021-0dbecd67638a
2021,WFP,Russian Federation,JOINT STOCK COMPANY NIZHNEVARTOVSKA,"Transportation, Storage, Mail Services",100514.0,WFP-2021-f53620f925a4
2021,WFP,Russian Federation,JOINT STOCK COMPANY NIZHNEVARTOVSKA,"Transportation, Storage, Mail Services",96750.0,WFP-2021-4e7315b23e92
2021,WFP,Russian Federation,JOINT STOCK COMPANY NIZHNEVARTOVSKA,"Transportation, Storage, Mail Services",90364.33,WFP-2021-5fc4a89a3015
2021,WFP,Russian Federation,JOINT STOCK COMPANY NIZHNEVARTOVSKA,"Transportation, Storage, Mail Services",90364.33,WFP-2021-577f03ee96a3
2021,WFP,Russian Federation,JOINT STOCK COMPANY NIZHNEVARTOVSKA,"Transportation, Storage, Mail Services",77322.58,WFP-2021-5305e35f12e3
2021,WFP,Russian Federation,JOINT STOCK COMPANY NIZHNEVARTOVSKA,"Transportation, Storage, Mail Services",76176.29,WFP-2021-6c70f79d0a85
2021,WFP,Russian Federation,JOINT STOCK COMPANY NIZHNEVARTOVSKA,"Transportation, Storage, Mail Services",44550.0,WFP-2021-3cc6f36ea372
2021,WFP,Russian Federation,JOINT STOCK COMPANY NIZHNEVARTOVSKA,"Transportation, Storage, Mail Services",43447.58,WFP-2021-62681c0c6d0c
2021,WFP,Russian Federation,JOINT STOCK COMPANY NIZHNEVARTOVSKA,"Transportation, Storage, Mail Services",38210.24,WFP-2021-23def58f3dfe
2021,WFP,Russian Federation,JOINT STOCK COMPANY NIZHNEVARTOVSKA,"Transportation, Storage, Mail Services",36887.0,WFP-2021-0e44e4d44a96
2021,WFP,Russian Federation,JOINT STOCK COMPANY NIZHNEVARTOVSKA,"Transportation, Storage, Mail Services",34923.74,WFP-2021-72ce6fd5961a
2021,WFP,Russian Federation,JOINT STOCK COMPANY NIZHNEVARTOVSKA,"Transportation, Storage, Mail Services",33569.3,WFP-2021-6323204fb73d
2021,WFP,Russian Federation,JOINT STOCK COMPANY NIZHNEVARTOVSKA,Building and Maintenance Services,30000.0,WFP-2021-fe937c7dbfe7
2021,WFP,Russian Federation,JOINT STOCK COMPANY NIZHNEVARTOVSKA,Building and Maintenance Services,15000.0,WFP-2021-f980bcd23e99
2021,WFP,Russian Federation,JOINT STOCK COMPANY NIZHNEVARTOVSKA,Building and Maintenance Services,15000.0,WFP-2021-bb9460a77c46
2021,WFP,Russian Federation,JOINT STOCK COMPANY NIZHNEVARTOVSKA,Financial and Insurance Services,3830.0,WFP-2021-8821f6014f32
2021,WFP,Russian Federation,JOINT STOCK COMPANY NIZHNEVARTOVSKA,Financial and Insurance Services,3830.0,WFP-2021-6dd3954b8b64
2021,WFP,Russian Federation,JOINT STOCK COMPANY NIZHNEVARTOVSKA,Financial and Insurance Services,3830.0,WFP-2021-4e4285becb82
2021,WFP,Russian Federation,JOINT STOCK COMPANY NIZHNEVARTOVSKA,Financial and Insurance Services,3830.0,WFP-2021-ef451b6e8deb
2021,WFP,Russian Federation,JOINT STOCK COMPANY NIZHNEVARTOVSKA,Financial and Insurance Services,3830.0,WFP-2021-be4bb2f84e32
2021,WFP,Russian Federation,JOINT STOCK COMPANY NIZHNEVARTOVSKA,Financial and Insurance Services,3830.0,WFP-2021-bb05c52e073b
2021,WFP,Russian Federation,JOINT STOCK COMPANY NIZHNEVARTOVSKA,Financial and Insurance Services,3830.0,WFP-2021-544547418ac9
2021,WFP,Russian Federation,JOINT STOCK COMPANY NIZHNEVARTOVSKA,Financial and Insurance Services,3830.0,WFP-2021-4544538d7b8a
2021,WFP,Russian Federation,JOINT STOCK COMPANY NIZHNEVARTOVSKA,Financial and Insurance Services,2000.0,WFP-2021-9a2a24fa8d78
2021,WFP,Russian Federation,JOINT STOCK COMPANY NIZHNEVARTOVSKA,Financial and Insurance Services,2000.0,WFP-2021-f8fd72542eb0
2021,WFP,Russian Federation,JOINT STOCK COMPANY NIZHNEVARTOVSKA,Financial and Insurance Services,2000.0,WFP-2021-67eeae191834
2021,WFP,Russian Federation,JOINT STOCK COMPANY NIZHNEVARTOVSKA,Financial and Insurance Services,2000.0,WFP-2021-3056d65b128f
2021,WFP,Russian Federation,JOINT STOCK COMPANY NIZHNEVARTOVSKA,Financial and Insurance Services,2000.0,WFP-2021-acca6ba1a88f
2021,WFP,Russian Federation,JOINT STOCK COMPANY NIZHNEVARTOVSKA,Financial and Insurance Services,2000.0,WFP-2021-0e28677c6cb8
2021,WFP,Russian Federation,JOINT STOCK COMPANY NIZHNEVARTOVSKA,Financial and Insurance Services,2000.0,WFP-2021-de5ac84321b8
2021,WFP,Russian Federation,JOINT STOCK COMPANY NIZHNEVARTOVSKA,Financial and Insurance Services,2000.0,WFP-2021-299ac0f56fc2
2021,WFP,Russian Federation,JOINT STOCK COMPANY NIZHNEVARTOVSKA,Financial and Insurance Services,2000.0,WFP-2021-bad45f9d9ee0
2021,WFP,Russian Federation,JOINT STOCK COMPANY NIZHNEVARTOVSKA,Financial and Insurance Services,2000.0,WFP-2021-27c8b49e42a5
2021,WFP,Russian Federation,JOINT STOCK COMPANY NIZHNEVARTOVSKA,Financial and Insurance Services,1915.0,WFP-2021-9aa837ea0f62
2021,WFP,Russian Federation,JOINT STOCK COMPANY NIZHNEVARTOVSKA,Financial and Insurance Services,1915.0,WFP-2021-5f74cb470685
2021,WFP,Russian Federation,JOINT STOCK COMPANY NIZHNEVARTOVSKA,Financial and Insurance Services,1915.0,WFP-2021-9a012ab7cc8d
2021,WFP,Russian Federation,JOINT STOCK COMPANY NIZHNEVARTOVSKA,Financial and Insurance Services,1915.0,WFP-2021-16c02ab53aa9
2021,WFP,Russian Federation,JOINT STOCK COMPANY NIZHNEVARTOVSKA,Financial and Insurance Services,1915.0,WFP-2021-b71c74b9cf16
2021,WFP,Russian Federation,JOINT STOCK COMPANY NIZHNEVARTOVSKA,Financial and Insurance Services,1915.0,WFP-2021-6a3f2deaede2
2021,WFP,Russian Federation,JOINT STOCK COMPANY NIZHNEVARTOVSKA,Financial and Insurance Services,1915.0,WFP-2021-287c4d060589
2021,WFP,Russian Federation,JOINT STOCK COMPANY NIZHNEVARTOVSKA,Financial and Insurance Services,1606.12,WFP-2021-fe937c7dbfe7
2021,WFP,Russian Federation,JOINT STOCK COMPANY NIZHNEVARTOVSKA,Financial and Insurance Services,1161.29,WFP-2021-2272dae0e6bb
2021,WFP,Russian Federation,JOINT STOCK COMPANY NIZHNEVARTOVSKA,Financial and Insurance Services,1111.94,WFP-2021-5c4a45ca4abe
2021,WFP,Russian Federation,JOINT STOCK COMPANY NIZHNEVARTOVSKA,Financial and Insurance Services,1111.94,WFP-2021-0dbecd67638a
2021,WFP,Russian Federation,JOINT STOCK COMPANY NIZHNEVARTOVSKA,Financial and Insurance Services,838.71,WFP-2021-5fc4a89a3015
2021,WFP,Russian Federation,JOINT STOCK COMPANY NIZHNEVARTOVSKA,Financial and Insurance Services,838.71,WFP-2021-577f03ee96a3
2021,WFP,Russian Federation,JOINT STOCK COMPANY NIZHNEVARTOVSKA,Financial and Insurance Services,800.0,WFP-2021-bb9460a77c46
2022,WFP,Russian Federation,JOINT STOCK COMPANY NIZHNEVARTOVSKA,"Transportation, Storage, Mail Services",423000.0,WFP-2022-69b1f859fafe
2022,WFP,Russian Federation,JOINT STOCK COMPANY NIZHNEVARTOVSKA,"Transportation, Storage, Mail Services",350735.0,WFP-2022-378bcd055afe
2022,WFP,Russian Federation,JOINT STOCK COMPANY NIZHNEVARTOVSKA,"Transportation, Storage, Mail Services",350735.0,WFP-2022-06b90a69965d
2022,WFP,Russian Federation,JOINT STOCK COMPANY NIZHNEVARTOVSKA,"Transportation, Storage, Mail Services",350735.0,WFP-2022-abf1fbc1bf7f
2022,WFP,Russian Federation,JOINT STOCK COMPANY NIZHNEVARTOVSKA,"Transportation, Storage, Mail Services",350735.0,WFP-2022-b7e7505dca35
2022,WFP,Russian Federation,JOINT STOCK COMPANY NIZHNEVARTOVSKA,"Transportation, Storage, Mail Services",350735.0,WFP-2022-943ca90ab45c
2022,WFP,Russian Federation,JOINT STOCK COMPANY NIZHNEVARTOVSKA,"Transportation, Storage, Mail Services",350735.0,WFP-2022-d88942a74c73
2022,WFP,Russian Federation,JOINT STOCK COMPANY NIZHNEVARTOVSKA,"Transportation, Storage, Mail Services",216005.0,WFP-2022-1fcbb14e07c7
2022,WFP,Russian Federation,JOINT STOCK COMPANY NIZHNEVARTOVSKA,"Transportation, Storage, Mail Services",216005.0,WFP-2022-b034f32fd53b
2022,WFP,Russian Federation,JOINT STOCK COMPANY NIZHNEVARTOVSKA,"Transportation, Storage, Mail Services",216005.0,WFP-2022-dc099e255969
2022,WFP,Russian Federation,JOINT STOCK COMPANY NIZHNEVARTOVSKA,"Transportation, Storage, Mail Services",216005.0,WFP-2022-06110faa47b1
2022,WFP,Russian Federation,JOINT STOCK COMPANY NIZHNEVARTOVSKA,"Transportation, Storage, Mail Services",216005.0,WFP-2022-eb07d0231dd1
2022,WFP,Russian Federation,JOINT STOCK COMPANY NIZHNEVARTOVSKA,"Transportation, Storage, Mail Services",216005.0,WFP-2022-64baa1aebac7
2022,WFP,Russian Federation,JOINT STOCK COMPANY NIZHNEVARTOVSKA,"Transportation, Storage, Mail Services",216005.0,WFP-2022-d2f6027a02df
2022,WFP,Russian Federation,JOINT STOCK COMPANY NIZHNEVARTOVSKA,"Transportation, Storage, Mail Services",216005.0,WFP-2022-58fea4bf0e25
2022,WFP,Russian Federation,JOINT STOCK COMPANY NIZHNEVARTOVSKA,"Transportation, Storage, Mail Services",216005.0,WFP-2022-8d807b34e616
2022,WFP,Russian Federation,JOINT STOCK COMPANY NIZHNEVARTOVSKA,"Transportation, Storage, Mail Services",203676.0,WFP-2022-6560d70d8329
2022,WFP,Russian Federation,JOINT STOCK COMPANY NIZHNEVARTOVSKA,"Transportation, Storage, Mail Services",201602.0,WFP-2022-c88b2a5d10c5
2022,WFP,Russian Federation,JOINT STOCK COMPANY NIZHNEVARTOVSKA,"Transportation, Storage, Mail Services",201602.0,WFP-2022-6c9388e04cf2
2022,WFP,Russian Federation,JOINT STOCK COMPANY NIZHNEVARTOVSKA,"Transportation, Storage, Mail Services",201602.0,WFP-2022-93ec258cf5df
2022,WFP,Russian Federation,JOINT STOCK COMPANY NIZHNEVARTOVSKA,"Transportation, Storage, Mail Services",201602.0,WFP-2022-e1cf8399763b
2022,WFP,Russian Federation,JOINT STOCK COMPANY NIZHNEVARTOVSKA,"Transportation, Storage, Mail Services",201602.0,WFP-2022-39933ec3ef63
2022,WFP,Russian Federation,JOINT STOCK COMPANY NIZHNEVARTOVSKA,"Transportation, Storage, Mail Services",201602.0,WFP-2022-1cb82711c005
2022,WFP,Russian Federation,JOINT STOCK COMPANY NIZHNEVARTOVSKA,"Transportation, Storage, Mail Services",201602.0,WFP-2022-91338a21d9d3
2022,WFP,Russian Federation,JOINT STOCK COMPANY NIZHNEVARTOVSKA,"Transportation, Storage, Mail Services",201602.0,WFP-2022-565fcd9cf35d
2022,WFP,Russian Federation,JOINT STOCK COMPANY NIZHNEVARTOVSKA,"Transportation, Storage, Mail Services",201402.0,WFP-2022-b098b0c7c14c
2022,WFP,Russian Federation,JOINT STOCK COMPANY NIZHNEVARTOVSKA,"Transportation, Storage, Mail Services",199559.46,WFP-2022-5ae47f832a9b
2022,WFP,Russian Federation,JOINT STOCK COMPANY NIZHNEVARTOVSKA,"Transportation, Storage, Mail Services",197400.0,WFP-2022-4fdc8935c827
2022,WFP,Russian Federation,JOINT STOCK COMPANY NIZHNEVARTOVSKA,"Transportation, Storage, Mail Services",197400.0,WFP-2022-a7f2241790c3
2022,WFP,Russian Federation,JOINT STOCK COMPANY NIZHNEVARTOVSKA,"Transportation, Storage, Mail Services",197400.0,WFP-2022-34111cca7753
2022,WFP,Russian Federation,JOINT STOCK COMPANY NIZHNEVARTOVSKA,"Transportation, Storage, Mail Services",197400.0,WFP-2022-089df3fb0cd0
2022,WFP,Russian Federation,JOINT STOCK COMPANY NIZHNEVARTOVSKA,"Transportation, Storage, Mail Services",197400.0,WFP-2022-a263a7c63d76
2022,WFP,Russian Federation,JOINT STOCK COMPANY NIZHNEVARTOVSKA,"Transportation, Storage, Mail Services",197400.0,WFP-2022-3f2825f083cc
2022,WFP,Russian Federation,JOINT STOCK COMPANY NIZHNEVARTOVSKA,"Transportation, Storage, Mail Services",197400.0,WFP-2022-3331c26c6a9d
2022,WFP,Russian Federation,JOINT STOCK COMPANY NIZHNEVARTOVSKA,"Transportation, Storage, Mail Services",196770.0,WFP-2022-21e9329cc5c3
2022,WFP,Russian Federation,JOINT STOCK COMPANY NIZHNEVARTOVSKA,"Transportation, Storage, Mail Services",196770.0,WFP-2022-a5a2f4cddf6e
2022,WFP,Russian Federation,JOINT STOCK COMPANY NIZHNEVARTOVSKA,"Transportation, Storage, Mail Services",196770.0,WFP-2022-c103ccafc27a
2022,WFP,Russian Federation,JOINT STOCK COMPANY NIZHNEVARTOVSKA,"Transportation, Storage, Mail Services",196770.0,WFP-2022-6179ee83af4c
2022,WFP,Russian Federation,JOINT STOCK COMPANY NIZHNEVARTOVSKA,"Transportation, Storage, Mail Services",196770.0,WFP-2022-6e2c8dcfc58d
2022,WFP,Russian Federation,JOINT STOCK COMPANY NIZHNEVARTOVSKA,"Transportation, Storage, Mail Services",196770.0,WFP-2022-e9d4a2e7fc96
2022,WFP,Russian Federation,JOINT STOCK COMPANY NIZHNEVARTOVSKA,"Transportation, Storage, Mail Services",196770.0,WFP-2022-8de08d4b9517
2022,WFP,Russian Federation,JOINT STOCK COMPANY NIZHNEVARTOVSKA,"Transportation, Storage, Mail Services",196770.0,WFP-2022-62cbc83735f9
2022,WFP,Russian Federation,JOINT STOCK COMPANY NIZHNEVARTOVSKA,"Transportation, Storage, Mail Services",177970.0,WFP-2022-2429d1f0eccc
2022,WFP,Russian Federation,JOINT STOCK COMPANY NIZHNEVARTOVSKA,"Transportation, Storage, Mail Services",175910.0,WFP-2022-b10412b38ea4
2022,WFP,Russian Federation,JOINT STOCK COMPANY NIZHNEVARTOVSKA,"Transportation, Storage, Mail Services",175910.0,WFP-2022-3d5b2caacf5f
2022,WFP,Russian Federation,JOINT STOCK COMPANY NIZHNEVARTOVSKA,"Transportation, Storage, Mail Services",174825.0,WFP-2022-1551d2ad77fa
2022,WFP,Russian Federation,JOINT STOCK COMPANY NIZHNEVARTOVSKA,"Transportation, Storage, Mail Services",174825.0,WFP-2022-08fffb90ff52
2022,WFP,Russian Federation,JOINT STOCK COMPANY NIZHNEVARTOVSKA,"Transportation, Storage, Mail Services",159189.76,WFP-2022-27c1e9524e6e
2022,WFP,Russian Federation,JOINT STOCK COMPANY NIZHNEVARTOVSKA,"Transportation, Storage, Mail Services",120593.71,WFP-2022-433066fad815
2022,WFP,Russian Federation,JOINT STOCK COMPANY NIZHNEVARTOVSKA,"Transportation, Storage, Mail Services",104505.06,WFP-2022-718aca9d2ba2
2022,WFP,Russian Federation,JOINT STOCK COMPANY NIZHNEVARTOVSKA,"Transportation, Storage, Mail Services",85115.4,WFP-2022-30f03b53cbf9
2022,WFP,Russian Federation,JOINT STOCK COMPANY NIZHNEVARTOVSKA,"Transportation, Storage, Mail Services",84590.4,WFP-2022-81f565987525
2022,WFP,Russian Federation,JOINT STOCK COMPANY NIZHNEVARTOVSKA,"Transportation, Storage, Mail Services",76176.29,WFP-2022-a0bd33812960
2022,WFP,Russian Federation,JOINT STOCK COMPANY NIZHNEVARTOVSKA,"Transportation, Storage, Mail Services",76176.29,WFP-2022-c0b514154f8b
2022,WFP,Russian Federation,JOINT STOCK COMPANY NIZHNEVARTOVSKA,"Transportation, Storage, Mail Services",73757.0,WFP-2022-7fbd1a65f437
2022,WFP,Russian Federation,JOINT STOCK COMPANY NIZHNEVARTOVSKA,"Transportation, Storage, Mail Services",73302.0,WFP-2022-79b32ec5ebd8
2022,WFP,Russian Federation,JOINT STOCK COMPANY NIZHNEVARTOVSKA,"Transportation, Storage, Mail Services",63250.0,WFP-2022-7cfa662b3dd1
2022,WFP,Russian Federation,JOINT STOCK COMPANY NIZHNEVARTOVSKA,"Transportation, Storage, Mail Services",61507.55,WFP-2022-45eb567988c2
2022,WFP,Russian Federation,JOINT STOCK COMPANY NIZHNEVARTOVSKA,"Transportation, Storage, Mail Services",45000.0,WFP-2022-81b8578e722b
2022,WFP,Russian Federation,JOINT STOCK COMPANY NIZHNEVARTOVSKA,"Transportation, Storage, Mail Services",40000.0,WFP-2022-485defacc08f
2022,WFP,Russian Federation,JOINT STOCK COMPANY NIZHNEVARTOVSKA,"Transportation, Storage, Mail Services",30600.0,WFP-2022-cd896f50ae1e
2022,WFP,Russian Federation,JOINT STOCK COMPANY NIZHNEVARTOVSKA,"Transportation, Storage, Mail Services",30000.0,WFP-2022-b4146a840b04
2022,WFP,Russian Federation,JOINT STOCK COMPANY NIZHNEVARTOVSKA,"Transportation, Storage, Mail Services",30000.0,WFP-2022-e279f6cdca50
2022,WFP,Russian Federation,JOINT STOCK COMPANY NIZHNEVARTOVSKA,Financial and Insurance Services,3830.0,WFP-2022-abf1fbc1bf7f
2022,WFP,Russian Federation,JOINT STOCK COMPANY NIZHNEVARTOVSKA,Financial and Insurance Services,3830.0,WFP-2022-b7e7505dca35
2022,WFP,Russian Federation,JOINT STOCK COMPANY NIZHNEVARTOVSKA,Financial and Insurance Services,3830.0,WFP-2022-378bcd055afe
2022,WFP,Russian Federation,JOINT STOCK COMPANY NIZHNEVARTOVSKA,Financial and Insurance Services,3830.0,WFP-2022-943ca90ab45c
2022,WFP,Russian Federation,JOINT STOCK COMPANY NIZHNEVARTOVSKA,Financial and Insurance Services,3830.0,WFP-2022-06b90a69965d
2022,WFP,Russian Federation,JOINT STOCK COMPANY NIZHNEVARTOVSKA,Financial and Insurance Services,3830.0,WFP-2022-d88942a74c73
2022,WFP,Russian Federation,JOINT STOCK COMPANY NIZHNEVARTOVSKA,Financial and Insurance Services,2223.88,WFP-2022-6560d70d8329
2022,WFP,Russian Federation,JOINT STOCK COMPANY NIZHNEVARTOVSKA,Financial and Insurance Services,2000.0,WFP-2022-dc099e255969
2022,WFP,Russian Federation,JOINT STOCK COMPANY NIZHNEVARTOVSKA,Financial and Insurance Services,2000.0,WFP-2022-06110faa47b1
2022,WFP,Russian Federation,JOINT STOCK COMPANY NIZHNEVARTOVSKA,Financial and Insurance Services,2000.0,WFP-2022-eb07d0231dd1
2022,WFP,Russian Federation,JOINT STOCK COMPANY NIZHNEVARTOVSKA,Financial and Insurance Services,2000.0,WFP-2022-58fea4bf0e25
2022,WFP,Russian Federation,JOINT STOCK COMPANY NIZHNEVARTOVSKA,Financial and Insurance Services,2000.0,WFP-2022-1fcbb14e07c7
2022,WFP,Russian Federation,JOINT STOCK COMPANY NIZHNEVARTOVSKA,Financial and Insurance Services,2000.0,WFP-2022-8d807b34e616
2022,WFP,Russian Federation,JOINT STOCK COMPANY NIZHNEVARTOVSKA,Financial and Insurance Services,2000.0,WFP-2022-64baa1aebac7
2022,WFP,Russian Federation,JOINT STOCK COMPANY NIZHNEVARTOVSKA,Financial and Insurance Services,2000.0,WFP-2022-d2f6027a02df
2022,WFP,Russian Federation,JOINT STOCK COMPANY NIZHNEVARTOVSKA,Financial and Insurance Services,2000.0,WFP-2022-b034f32fd53b
2022,WFP,Russian Federation,JOINT STOCK COMPANY NIZHNEVARTOVSKA,Financial and Insurance Services,1915.0,WFP-2022-08fffb90ff52
2022,WFP,Russian Federation,JOINT STOCK COMPANY NIZHNEVARTOVSKA,Financial and Insurance Services,1915.0,WFP-2022-1551d2ad77fa
2022,WFP,Russian Federation,JOINT STOCK COMPANY NIZHNEVARTOVSKA,Financial and Insurance Services,1915.0,WFP-2022-b10412b38ea4
2022,WFP,Russian Federation,JOINT STOCK COMPANY NIZHNEVARTOVSKA,Financial and Insurance Services,1915.0,WFP-2022-3d5b2caacf5f
2022,WFP,Russian Federation,JOINT STOCK COMPANY NIZHNEVARTOVSKA,Financial and Insurance Services,967.74,WFP-2022-718aca9d2ba2
2022,WFP,Russian Federation,JOINT STOCK COMPANY NIZHNEVARTOVSKA,Financial and Insurance Services,926.61,WFP-2022-81f565987525
2022,WFP,Russian Federation,JOINT STOCK COMPANY NIZHNEVARTOVSKA,Financial and Insurance Services,926.61,WFP-2022-30f03b53cbf9
2022,WFP,Russian Federation,JOINT STOCK COMPANY NIZHNEVARTOVSKA,Financial and Insurance Services,803.06,WFP-2022-7fbd1a65f437
2022,WFP,Russian Federation,JOINT STOCK COMPANY NIZHNEVARTOVSKA,Financial and Insurance Services,803.06,WFP-2022-79b32ec5ebd8
2019,IAEA,Russian Federation,JOINT STOCK COMPANY TENEX,"Transportation, Storage, Mail Services",468655.1,IAEA-2019-51082d6514e3
2020,IAEA,Russian Federation,JOINT STOCK COMPANY TENEX,Industrial Cleaning Services,1984050.06,IAEA-2020-80855224b3a7
2021,IAEA,Russian Federation,JOINT STOCK COMPANY TENEX,Industrial Cleaning Services,5984344.42,IAEA-2021-8e7db1d3cf6a
2022,WFP,Russian Federation,JOINT STOCK COMPANY UTAIR – HELICOP,"Transportation, Storage, Mail Services",301200.0,WFP-2022-8ada528c672a
2022,WFP,Russian Federation,JOINT STOCK COMPANY UTAIR – HELICOP,"Transportation, Storage, Mail Services",236645.0,WFP-2022-d5bac29c1896
2022,WFP,Russian Federation,JOINT STOCK COMPANY UTAIR – HELICOP,"Transportation, Storage, Mail Services",211062.0,WFP-2022-43bd17f64f1e
2022,WFP,Russian Federation,JOINT STOCK COMPANY UTAIR – HELICOP,"Transportation, Storage, Mail Services",185920.0,WFP-2022-65a3c454ddc2
2022,WFP,Russian Federation,JOINT STOCK COMPANY UTAIR – HELICOP,"Transportation, Storage, Mail Services",185920.0,WFP-2022-e30519d1acdc
2022,WFP,Russian Federation,JOINT STOCK COMPANY UTAIR – HELICOP,"Transportation, Storage, Mail Services",185920.0,WFP-2022-937980c9ac82
2022,WFP,Russian Federation,JOINT STOCK COMPANY UTAIR – HELICOP,"Transportation, Storage, Mail Services",185920.0,WFP-2022-b256aad4cd17
2022,WFP,Russian Federation,JOINT STOCK COMPANY UTAIR – HELICOP,"Transportation, Storage, Mail Services",185920.0,WFP-2022-e3ce7a9bc01a
2022,WFP,Russian Federation,JOINT STOCK COMPANY UTAIR – HELICOP,"Transportation, Storage, Mail Services",185920.0,WFP-2022-84e8e0b8957c
2022,WFP,Russian Federation,JOINT STOCK COMPANY UTAIR – HELICOP,"Transportation, Storage, Mail Services",185920.0,WFP-2022-a2f37b60eae8
2022,WFP,Russian Federation,JOINT STOCK COMPANY UTAIR – HELICOP,"Transportation, Storage, Mail Services",185920.0,WFP-2022-0e860e31aa04
2022,WFP,Russian Federation,JOINT STOCK COMPANY UTAIR – HELICOP,"Transportation, Storage, Mail Services",183220.0,WFP-2022-3259850c6d40
2022,WFP,Russian Federation,JOINT STOCK COMPANY UTAIR – HELICOP,"Transportation, Storage, Mail Services",183220.0,WFP-2022-21b46ddba0de
2022,WFP,Russian Federation,JOINT STOCK COMPANY UTAIR – HELICOP,"Transportation, Storage, Mail Services",183220.0,WFP-2022-51db964683aa
2022,WFP,Russian Federation,JOINT STOCK COMPANY UTAIR – HELICOP,"Transportation, Storage, Mail Services",172931.57,WFP-2022-ddf8c870c9e5
2022,WFP,Russian Federation,JOINT STOCK COMPANY UTAIR – HELICOP,"Transportation, Storage, Mail Services",161137.9,WFP-2022-a4ace8814a52
2022,WFP,Russian Federation,JOINT STOCK COMPANY UTAIR – HELICOP,"Transportation, Storage, Mail Services",150794.0,WFP-2022-e6bba2098d4f
2022,WFP,Russian Federation,JOINT STOCK COMPANY UTAIR – HELICOP,"Transportation, Storage, Mail Services",142969.51,WFP-2022-23176ffac7fa
2022,WFP,Russian Federation,JOINT STOCK COMPANY UTAIR – HELICOP,"Transportation, Storage, Mail Services",126160.04,WFP-2022-46dd08b50aa2
2022,WFP,Russian Federation,JOINT STOCK COMPANY UTAIR – HELICOP,"Transportation, Storage, Mail Services",115719.03,WFP-2022-eeee99479c82
2022,WFP,Russian Federation,JOINT STOCK COMPANY UTAIR – HELICOP,"Transportation, Storage, Mail Services",85165.0,WFP-2022-f37d8e5fbb58
2022,WFP,Russian Federation,JOINT STOCK COMPANY UTAIR – HELICOP,"Transportation, Storage, Mail Services",80000.0,WFP-2022-5f74cb18cbc4
2022,WFP,Russian Federation,JOINT STOCK COMPANY UTAIR – HELICOP,"Transportation, Storage, Mail Services",77712.58,WFP-2022-114f568feb3b
2022,WFP,Russian Federation,JOINT STOCK COMPANY UTAIR – HELICOP,"Transportation, Storage, Mail Services",64555.0,WFP-2022-7d7ec02b6b5e
2022,WFP,Russian Federation,JOINT STOCK COMPANY UTAIR – HELICOP,"Transportation, Storage, Mail Services",63895.0,WFP-2022-d0cce6aa016d
2022,WFP,Russian Federation,JOINT STOCK COMPANY UTAIR – HELICOP,"Transportation, Storage, Mail Services",50000.0,WFP-2022-278b7426ebd4
2022,WFP,Russian Federation,JOINT STOCK COMPANY UTAIR – HELICOP,"Transportation, Storage, Mail Services",50000.0,WFP-2022-4049fd1da393
2022,WFP,Russian Federation,JOINT STOCK COMPANY UTAIR – HELICOP,"Transportation, Storage, Mail Services",50000.0,WFP-2022-70660fdc2ae4
2022,WFP,Russian Federation,JOINT STOCK COMPANY UTAIR – HELICOP,"Transportation, Storage, Mail Services",49684.5,WFP-2022-2bbecc4a7a9f
2022,WFP,Russian Federation,JOINT STOCK COMPANY UTAIR – HELICOP,"Transportation, Storage, Mail Services",42287.5,WFP-2022-272fb779d106
2022,WFP,Russian Federation,JOINT STOCK COMPANY UTAIR – HELICOP,Building and Maintenance Services,20000.0,WFP-2022-5f74cb18cbc4
2022,WFP,Russian Federation,JOINT STOCK COMPANY UTAIR – HELICOP,Building and Maintenance Services,6000.0,WFP-2022-278b7426ebd4
2023,WFP,Russian Federation,JOINT STOCK COMPANY UTAIR*HELICOP,"Transportation, Storage, Mail Services",30000.0,WFP-2023-15733fed24a2
2019,ITU,Russian Federation,"JOINT-STOCK COMPANY ""TECHNOSERV A/S",IT and Communications Equipment,194065.02,ITU-2019-8bbcb2750266
2019,WHO,Russian Federation,JOINT-STOCK COMPANY SUMMIT,"Travel, Food and Lodging",47020.28,WHO-2019-9b97d6101480
2024,WFP,Russian Federation,JOINT-STOCK COMPANY YUZHMORRYBFLOT,Live Plant and Animal Material,504012.43,WFP-2024-1e7d86f3d840
2017,WFP,Russian Federation,"JSC ""MUKOMOLYE""",Food and Beverage Products,2289514.5,WFP-2017-98891d945ba5
2017,WFP,Russian Federation,"JSC ""MUKOMOLYE""",Food and Beverage Products,1532917.6,WFP-2017-415992c584ea
2017,WFP,Russian Federation,"JSC ""MUKOMOLYE""",Food and Beverage Products,413221.39,WFP-2017-6112c969efc3
2017,WFP,Russian Federation,"JSC ""MUKOMOLYE""",Food and Beverage Products,257214.75,WFP-2017-3ffa5bc20eb4
2021,WFP,Russian Federation,JSC BUREAU VERITAS RUS,Engineering and Research Services,30275.2,WFP-2021-e7fbcfd35cf0
2022,WFP,Russian Federation,JSC BUREAU VERITAS RUS,Engineering and Research Services,56719.14,WFP-2022-97e033d572e0
2017,UN Secretariat,Russian Federation,JSC CONVERS AVIA AIRLINE,"Transportation, Storage, Mail Services",1443534.11,UN Secretariat-2017-30f04710ea28
2017,UN Secretariat,Russian Federation,JSC CONVERS AVIA AIRLINE,"Transportation, Storage, Mail Services",751588.39,UN Secretariat-2017-015f62de0765
2017,UN Secretariat,Russian Federation,JSC CONVERS AVIA AIRLINE,"Transportation, Storage, Mail Services",705744.15,UN Secretariat-2017-6fefd772b740
2018,UN Secretariat,Russian Federation,JSC CONVERS AVIA AIRLINE,"Transportation, Storage, Mail Services",2178500.0,UN Secretariat-2018-71300e8e7fbd
2019,UN Secretariat,Russian Federation,JSC CONVERS AVIA AIRLINE,"Transportation, Storage, Mail Services",2159000.0,UN Secretariat-2019-fb362a86818b
2020,UN Secretariat,Russian Federation,JSC CONVERS AVIA AIRLINE,"Transportation, Storage, Mail Services",578787.0,UN Secretariat-2020-b7148702468a
2021,UNDP,Russian Federation,JSC CROS,Public Sector Related Services,46664.39,UNDP-2021-179821d60e54
2021,UNDP,Russian Federation,JSC CROS,Politics and Civic Affairs Services,27998.63,UNDP-2021-179821d60e54
2021,UNDP,Russian Federation,JSC CROS,Education and Training Services,18665.75,UNDP-2021-179821d60e54
2023,UNDP,Russian Federation,JSC CROS,Public Sector Related Services,23332.19,UNDP-2023-562fa1008922
2023,UNDP,Russian Federation,JSC CROS,Politics and Civic Affairs Services,18665.75,UNDP-2023-562fa1008922
2017,IAEA,Russian Federation,JSC DIAKONT,Laboratory and Testing Equipment,78350.17,IAEA-2017-bf169272d204
2020,IAEA,Russian Federation,JSC DIAKONT,Building and Maintenance Services,47161.55,IAEA-2020-28e6894ee18f
2021,IAEA,Russian Federation,JSC DIAKONT,Laboratory and Testing Equipment,50237.53,IAEA-2021-17878f053047
2018,IAEA,Russian Federation,JSC FCS AND HT SNPO ELERON,Building and Maintenance Services,153073.29,IAEA-2018-8ebb7dd6e1cc
2022,UNDP,Russian Federation,JSC INSTITUTE HYDROPROJECT,Healthcare Services,126693.0,UNDP-2022-af9e48bb2a8b
2021,WFP,Russian Federation,JSC KOROTOYAKSKIY ELEVATOR,Food and Beverage Products,2337862.5,WFP-2021-d5dca40da1be
2022,WFP,Russian Federation,JSC KOROTOYAKSKIY ELEVATOR,Food and Beverage Products,6983459.0,WFP-2022-dc2d83be339c
2022,WFP,Russian Federation,JSC KOROTOYAKSKIY ELEVATOR,Food and Beverage Products,2300000.0,WFP-2022-f894fd1c5bf2
2022,WFP,Russian Federation,JSC KOROTOYAKSKIY ELEVATOR,Food and Beverage Products,2266275.01,WFP-2022-501065d3486e
2022,WFP,Russian Federation,JSC KOROTOYAKSKIY ELEVATOR,Food and Beverage Products,192375.0,WFP-2022-a6db75ea0be0
2023,WFP,Russian Federation,JSC KOROTOYAKSKIY ELEVATOR,Food and Beverage Products,172800.0,WFP-2023-2cc2b1005828
2024,WFP,Russian Federation,JSC KOROTOYAKSKIY ELEVATOR,Food and Beverage Products,842190.0,WFP-2024-367048f3e415
2015,UNAIDS,Russian Federation,JSC MINT,"Travel, Food and Lodging",56059.47,UNAIDS-2015-5b7bea56b6f6
2018,WFP,Russian Federation,JSC MUKOMOLYE,Food and Beverage Products,275400.0,WFP-2018-98dfb3aa033c
2018,WFP,Russian Federation,JSC MUKOMOLYE,Food and Beverage Products,89987.04,WFP-2018-c91e4190484a
2019,WFP,Russian Federation,JSC MUKOMOLYE,Food and Beverage Products,513067.5,WFP-2019-8d554c2b2608
2019,WFP,Russian Federation,JSC MUKOMOLYE,Food and Beverage Products,357794.66,WFP-2019-ae30f38cb688
2019,WFP,Russian Federation,JSC MUKOMOLYE,Food and Beverage Products,198425.63,WFP-2019-31cbede30467
2019,WFP,Russian Federation,JSC MUKOMOLYE,Food and Beverage Products,98550.0,WFP-2019-7ef7357e02ae
2019,WFP,Russian Federation,JSC MUKOMOLYE,Food and Beverage Products,90886.8,WFP-2019-8000f9cee1a7
2016,UNOG,Russian Federation,JSC NIIAT,Financial and Insurance Services,30000.0,UNOG-2016-7da4a4b95932
2016,UN Secretariat,Russian Federation,JSC NIZHNEVARTOVSKAVIA,"Transportation, Storage, Mail Services",5731010.27,UN Secretariat-2016-f9fca5b0deb9
2016,UN Secretariat,Russian Federation,JSC NIZHNEVARTOVSKAVIA,"Transportation, Storage, Mail Services",5276967.0,UN Secretariat-2016-f136f7dbd4b6
2016,UN Secretariat,Russian Federation,JSC NIZHNEVARTOVSKAVIA,"Transportation, Storage, Mail Services",5083353.0,UN Secretariat-2016-369809251715
2016,UN Secretariat,Russian Federation,JSC NIZHNEVARTOVSKAVIA,"Transportation, Storage, Mail Services",3600923.53,UN Secretariat-2016-cfd524916d05
2016,UN Secretariat,Russian Federation,JSC NIZHNEVARTOVSKAVIA,"Transportation, Storage, Mail Services",2244803.29,UN Secretariat-2016-6b150a223281
2016,UN Secretariat,Russian Federation,JSC NIZHNEVARTOVSKAVIA,"Transportation, Storage, Mail Services",2122490.0,UN Secretariat-2016-35026d20bb8d
2016,UN Secretariat,Russian Federation,JSC NIZHNEVARTOVSKAVIA,"Transportation, Storage, Mail Services",2010905.0,UN Secretariat-2016-c9fd59da5a02
2016,UN Secretariat,Russian Federation,JSC NIZHNEVARTOVSKAVIA,"Transportation, Storage, Mail Services",1996438.25,UN Secretariat-2016-adf1de632223
2016,UN Secretariat,Russian Federation,JSC NIZHNEVARTOVSKAVIA,"Transportation, Storage, Mail Services",1957008.22,UN Secretariat-2016-6c825350b611
2016,UN Secretariat,Russian Federation,JSC NIZHNEVARTOVSKAVIA,"Transportation, Storage, Mail Services",1770140.44,UN Secretariat-2016-89d5ad832c1c
2016,UN Secretariat,Russian Federation,JSC NIZHNEVARTOVSKAVIA,"Transportation, Storage, Mail Services",1758608.22,UN Secretariat-2016-1caae1a4ba7e
2016,UN Secretariat,Russian Federation,JSC NIZHNEVARTOVSKAVIA,"Transportation, Storage, Mail Services",1602633.88,UN Secretariat-2016-9a5f16525ce5
2016,UN Secretariat,Russian Federation,JSC NIZHNEVARTOVSKAVIA,"Transportation, Storage, Mail Services",1277880.51,UN Secretariat-2016-0aba69162c07
2016,UN Secretariat,Russian Federation,JSC NIZHNEVARTOVSKAVIA,"Transportation, Storage, Mail Services",717413.7,UN Secretariat-2016-781d9edfafe9
2016,UN Secretariat,Russian Federation,JSC NIZHNEVARTOVSKAVIA,"Transportation, Storage, Mail Services",486047.0,UN Secretariat-2016-6cc609465879
2016,UN Secretariat,Russian Federation,JSC NIZHNEVARTOVSKAVIA,"Transportation, Storage, Mail Services",453010.41,UN Secretariat-2016-bed4030d3f85
2016,UN Secretariat,Russian Federation,JSC NIZHNEVARTOVSKAVIA,"Transportation, Storage, Mail Services",418041.0,UN Secretariat-2016-fb1442de1fe4
2016,UN Secretariat,Russian Federation,JSC NIZHNEVARTOVSKAVIA,"Transportation, Storage, Mail Services",363401.0,UN Secretariat-2016-8727685dbfcd
2016,UN Secretariat,Russian Federation,JSC NIZHNEVARTOVSKAVIA,"Transportation, Storage, Mail Services",265000.0,UN Secretariat-2016-9f028adeaae6
2017,UN Secretariat,Russian Federation,JSC NIZHNEVARTOVSKAVIA,"Transportation, Storage, Mail Services",4295619.87,UN Secretariat-2017-36c840c5ce25
2017,UN Secretariat,Russian Federation,JSC NIZHNEVARTOVSKAVIA,"Transportation, Storage, Mail Services",3281642.84,UN Secretariat-2017-2404162b4bc3
2017,UN Secretariat,Russian Federation,JSC NIZHNEVARTOVSKAVIA,"Transportation, Storage, Mail Services",3246619.0,UN Secretariat-2017-839991fbbe59
2017,UN Secretariat,Russian Federation,JSC NIZHNEVARTOVSKAVIA,"Transportation, Storage, Mail Services",2498281.18,UN Secretariat-2017-83c94a575379
2017,UN Secretariat,Russian Federation,JSC NIZHNEVARTOVSKAVIA,"Transportation, Storage, Mail Services",1980586.3,UN Secretariat-2017-7bea3e6988fc
2017,UN Secretariat,Russian Federation,JSC NIZHNEVARTOVSKAVIA,"Transportation, Storage, Mail Services",1905139.73,UN Secretariat-2017-aa298188e9d5
2017,UN Secretariat,Russian Federation,JSC NIZHNEVARTOVSKAVIA,"Transportation, Storage, Mail Services",1805887.95,UN Secretariat-2017-e82c3bd049ae
2017,UN Secretariat,Russian Federation,JSC NIZHNEVARTOVSKAVIA,"Transportation, Storage, Mail Services",1592981.0,UN Secretariat-2017-57d0e60f951d
2017,UN Secretariat,Russian Federation,JSC NIZHNEVARTOVSKAVIA,"Transportation, Storage, Mail Services",1432865.04,UN Secretariat-2017-85ea901cb9bb
2017,UN Secretariat,Russian Federation,JSC NIZHNEVARTOVSKAVIA,"Transportation, Storage, Mail Services",1320359.59,UN Secretariat-2017-5abf54f3bccc
2017,UN Secretariat,Russian Federation,JSC NIZHNEVARTOVSKAVIA,"Transportation, Storage, Mail Services",1297314.64,UN Secretariat-2017-ac25740eb6e2
2017,UN Secretariat,Russian Federation,JSC NIZHNEVARTOVSKAVIA,"Transportation, Storage, Mail Services",1042354.0,UN Secretariat-2017-caba60f68712
2017,UN Secretariat,Russian Federation,JSC NIZHNEVARTOVSKAVIA,"Transportation, Storage, Mail Services",954682.23,UN Secretariat-2017-37c02e27900e
2017,UN Secretariat,Russian Federation,JSC NIZHNEVARTOVSKAVIA,"Transportation, Storage, Mail Services",897818.27,UN Secretariat-2017-0c6112b6099f
2017,UN Secretariat,Russian Federation,JSC NIZHNEVARTOVSKAVIA,"Transportation, Storage, Mail Services",840891.75,UN Secretariat-2017-070c32e22b42
2017,UN Secretariat,Russian Federation,JSC NIZHNEVARTOVSKAVIA,"Transportation, Storage, Mail Services",839492.12,UN Secretariat-2017-8978d783744b
2017,UN Secretariat,Russian Federation,JSC NIZHNEVARTOVSKAVIA,"Transportation, Storage, Mail Services",736000.0,UN Secretariat-2017-08997b396102
2017,UN Secretariat,Russian Federation,JSC NIZHNEVARTOVSKAVIA,"Transportation, Storage, Mail Services",735935.62,UN Secretariat-2017-de1116b8e690
2017,UN Secretariat,Russian Federation,JSC NIZHNEVARTOVSKAVIA,"Transportation, Storage, Mail Services",632042.0,UN Secretariat-2017-66835d26ea20
2017,UN Secretariat,Russian Federation,JSC NIZHNEVARTOVSKAVIA,"Transportation, Storage, Mail Services",616671.0,UN Secretariat-2017-7f28d24f0cb5
2017,UN Secretariat,Russian Federation,JSC NIZHNEVARTOVSKAVIA,"Transportation, Storage, Mail Services",167752.05,UN Secretariat-2017-c67fa8937519
2017,UN Secretariat,Russian Federation,JSC NIZHNEVARTOVSKAVIA,"Transportation, Storage, Mail Services",167397.0,UN Secretariat-2017-38338dfdd314
2017,UN Secretariat,Russian Federation,JSC NIZHNEVARTOVSKAVIA,"Transportation, Storage, Mail Services",162427.02,UN Secretariat-2017-31c31ecbf1af
2017,UN Secretariat,Russian Federation,JSC NIZHNEVARTOVSKAVIA,"Transportation, Storage, Mail Services",136091.0,UN Secretariat-2017-5ad8261395a2
2017,UN Secretariat,Russian Federation,JSC NIZHNEVARTOVSKAVIA,"Transportation, Storage, Mail Services",135444.0,UN Secretariat-2017-e3e4395cb5dd
2017,UN Secretariat,Russian Federation,JSC NIZHNEVARTOVSKAVIA,"Transportation, Storage, Mail Services",80000.0,UN Secretariat-2017-812c128809b9
2017,UN Secretariat,Russian Federation,JSC NIZHNEVARTOVSKAVIA,"Transportation, Storage, Mail Services",40000.0,UN Secretariat-2017-b7fa283c790d
2017,UN Secretariat,Russian Federation,JSC NIZHNEVARTOVSKAVIA,"Transportation, Storage, Mail Services",40000.0,UN Secretariat-2017-b1b9d39f3931
2017,UN Secretariat,Russian Federation,JSC NIZHNEVARTOVSKAVIA,"Transportation, Storage, Mail Services",40000.0,UN Secretariat-2017-8eb387605e2b
2017,UN Secretariat,Russian Federation,JSC NIZHNEVARTOVSKAVIA,"Transportation, Storage, Mail Services",40000.0,UN Secretariat-2017-24c48b075571
2017,UN Secretariat,Russian Federation,JSC NIZHNEVARTOVSKAVIA,"Transportation, Storage, Mail Services",40000.0,UN Secretariat-2017-cdb469ff8571
2018,UN Secretariat,Russian Federation,JSC NIZHNEVARTOVSKAVIA,"Transportation, Storage, Mail Services",4295647.96,UN Secretariat-2018-fd73e54035e4
2018,UN Secretariat,Russian Federation,JSC NIZHNEVARTOVSKAVIA,"Transportation, Storage, Mail Services",2936074.0,UN Secretariat-2018-2c5839deba0c
2018,UN Secretariat,Russian Federation,JSC NIZHNEVARTOVSKAVIA,"Transportation, Storage, Mail Services",1357066.94,UN Secretariat-2018-58841c09bea5
2018,UN Secretariat,Russian Federation,JSC NIZHNEVARTOVSKAVIA,"Transportation, Storage, Mail Services",1314343.26,UN Secretariat-2018-566bb84ee941
2018,UN Secretariat,Russian Federation,JSC NIZHNEVARTOVSKAVIA,"Transportation, Storage, Mail Services",1293287.67,UN Secretariat-2018-9ef14f3e497b
2018,UN Secretariat,Russian Federation,JSC NIZHNEVARTOVSKAVIA,"Transportation, Storage, Mail Services",1110112.33,UN Secretariat-2018-521c762457d4
2018,UN Secretariat,Russian Federation,JSC NIZHNEVARTOVSKAVIA,"Transportation, Storage, Mail Services",446544.0,UN Secretariat-2018-22c9899ff189
2018,UN Secretariat,Russian Federation,JSC NIZHNEVARTOVSKAVIA,"Transportation, Storage, Mail Services",422958.0,UN Secretariat-2018-b89cb06b9ffc
2018,UN Secretariat,Russian Federation,JSC NIZHNEVARTOVSKAVIA,"Transportation, Storage, Mail Services",267761.04,UN Secretariat-2018-99c3e9b3293f
2018,UN Secretariat,Russian Federation,JSC NIZHNEVARTOVSKAVIA,"Transportation, Storage, Mail Services",232734.29,UN Secretariat-2018-1cfe85da3d36
2018,UN Secretariat,Russian Federation,JSC NIZHNEVARTOVSKAVIA,"Transportation, Storage, Mail Services",80000.0,UN Secretariat-2018-639f49192272
2018,UN Secretariat,Russian Federation,JSC NIZHNEVARTOVSKAVIA,"Transportation, Storage, Mail Services",40000.0,UN Secretariat-2018-08f1196aa66a
2018,UN Secretariat,Russian Federation,JSC NIZHNEVARTOVSKAVIA,"Transportation, Storage, Mail Services",40000.0,UN Secretariat-2018-6bd236e52717
2019,UN Secretariat,Russian Federation,JSC NIZHNEVARTOVSKAVIA,"Transportation, Storage, Mail Services",4812478.03,UN Secretariat-2019-2cf5c4d357af
2019,UN Secretariat,Russian Federation,JSC NIZHNEVARTOVSKAVIA,"Transportation, Storage, Mail Services",2107410.95,UN Secretariat-2019-d1598fe9fea3
2019,UN Secretariat,Russian Federation,JSC NIZHNEVARTOVSKAVIA,"Transportation, Storage, Mail Services",1361191.76,UN Secretariat-2019-497420df866e
2019,UN Secretariat,Russian Federation,JSC NIZHNEVARTOVSKAVIA,"Transportation, Storage, Mail Services",1011826.3,UN Secretariat-2019-ed4a199c2aae
2019,UN Secretariat,Russian Federation,JSC NIZHNEVARTOVSKAVIA,"Transportation, Storage, Mail Services",548825.01,UN Secretariat-2019-d4431678cac9
2019,UN Secretariat,Russian Federation,JSC NIZHNEVARTOVSKAVIA,"Transportation, Storage, Mail Services",232437.76,UN Secretariat-2019-8cb7b49da814
2019,UN Secretariat,Russian Federation,JSC NIZHNEVARTOVSKAVIA,"Transportation, Storage, Mail Services",89512.34,UN Secretariat-2019-b9799af0cc4e
2020,UN Secretariat,Russian Federation,JSC NIZHNEVARTOVSKAVIA,"Transportation, Storage, Mail Services",6194158.5,UN Secretariat-2020-29ea7eb56b39
2020,UN Secretariat,Russian Federation,JSC NIZHNEVARTOVSKAVIA,"Transportation, Storage, Mail Services",2433829.24,UN Secretariat-2020-47df9b1271fd
2020,UN Secretariat,Russian Federation,JSC NIZHNEVARTOVSKAVIA,"Transportation, Storage, Mail Services",1659014.72,UN Secretariat-2020-3b1448a198fa
2020,UN Secretariat,Russian Federation,JSC NIZHNEVARTOVSKAVIA,"Transportation, Storage, Mail Services",656598.3,UN Secretariat-2020-7b1c2639991a
2020,UN Secretariat,Russian Federation,JSC NIZHNEVARTOVSKAVIA,"Transportation, Storage, Mail Services",437796.2,UN Secretariat-2020-4a9256be24d1
2021,UN Secretariat,Russian Federation,JSC NIZHNEVARTOVSKAVIA,"Transportation, Storage, Mail Services",6189068.75,UN Secretariat-2021-798be3a86c0f
2021,UN Secretariat,Russian Federation,JSC NIZHNEVARTOVSKAVIA,"Transportation, Storage, Mail Services",687079.03,UN Secretariat-2021-5dc77167596c
2021,UN Secretariat,Russian Federation,JSC NIZHNEVARTOVSKAVIA,"Transportation, Storage, Mail Services",511607.0,UN Secretariat-2021-00bcc38764b4
2021,UN Secretariat,Russian Federation,JSC NIZHNEVARTOVSKAVIA,"Transportation, Storage, Mail Services",408067.53,UN Secretariat-2021-daf438e1f943
2022,UN Secretariat,Russian Federation,JSC NIZHNEVARTOVSKAVIA,"Transportation, Storage, Mail Services",1752450.09,UN Secretariat-2022-37c534dca62d
2022,UN Secretariat,Russian Federation,JSC NIZHNEVARTOVSKAVIA,"Transportation, Storage, Mail Services",493369.81,UN Secretariat-2022-1cd01ee95694
2023,UN Secretariat,Russian Federation,JSC NIZHNEVARTOVSKAVIA,"Transportation, Storage, Mail Services",108737.29,UN Secretariat-2023-d635668ef36e
2017,WFP,Russian Federation,JSC ORTUS MALGRAIN,Food and Beverage Products,962800.0,WFP-2017-6f232b09e330
2017,WFP,Russian Federation,JSC ORTUS MALGRAIN,Food and Beverage Products,44685.0,WFP-2017-8743d5587872
2018,WFP,Russian Federation,JSC ORTUS MALGRAIN,Food and Beverage Products,444600.0,WFP-2018-dbcef6bba2d4
2022,IAEA,Russian Federation,JSC SPC ASPECT,Laboratory and Testing Equipment,182676.5,IAEA-2022-ec2bed9c4884
2023,IAEA,Russian Federation,JSC SPC ASPECT,Laboratory and Testing Equipment,31643.24,IAEA-2023-e0bc3d8c6ba2
2015,UN Secretariat,Russian Federation,JSC VOSTOK AVIATION COMPANY,"Transportation, Storage, Mail Services",3875157.33,UN Secretariat-2015-089a3d1adca0
2015,UN Secretariat,Russian Federation,JSC VOSTOK AVIATION COMPANY,"Transportation, Storage, Mail Services",3264170.25,UN Secretariat-2015-4cd08d0e7604
2015,UN Secretariat,Russian Federation,JSC VOSTOK AVIATION COMPANY,"Transportation, Storage, Mail Services",2084166.33,UN Secretariat-2015-fcf9eebbe32c
2015,UN Secretariat,Russian Federation,JSC VOSTOK AVIATION COMPANY,"Transportation, Storage, Mail Services",2022262.35,UN Secretariat-2015-0f3af1494291
2015,UN Secretariat,Russian Federation,JSC VOSTOK AVIATION COMPANY,"Transportation, Storage, Mail Services",1632085.13,UN Secretariat-2015-94a71359a6e3
2015,UN Secretariat,Russian Federation,JSC VOSTOK AVIATION COMPANY,"Transportation, Storage, Mail Services",1356824.02,UN Secretariat-2015-35bf43e00420
2015,UN Secretariat,Russian Federation,JSC VOSTOK AVIATION COMPANY,"Transportation, Storage, Mail Services",1303008.0,UN Secretariat-2015-f4a3a5adcbed
2015,UN Secretariat,Russian Federation,JSC VOSTOK AVIATION COMPANY,"Transportation, Storage, Mail Services",1252903.76,UN Secretariat-2015-ef54a4fdd5a0
2015,UN Secretariat,Russian Federation,JSC VOSTOK AVIATION COMPANY,"Transportation, Storage, Mail Services",1068439.7,UN Secretariat-2015-a619d4e37029
2015,UN Secretariat,Russian Federation,JSC VOSTOK AVIATION COMPANY,"Transportation, Storage, Mail Services",700925.4,UN Secretariat-2015-8c0700d1951b
2015,UN Secretariat,Russian Federation,JSC VOSTOK AVIATION COMPANY,"Transportation, Storage, Mail Services",672641.0,UN Secretariat-2015-98981e189692
2015,UN Secretariat,Russian Federation,JSC VOSTOK AVIATION COMPANY,"Transportation, Storage, Mail Services",625722.8,UN Secretariat-2015-75313ea4d5a1
2015,UN Secretariat,Russian Federation,JSC VOSTOK AVIATION COMPANY,"Transportation, Storage, Mail Services",456833.34,UN Secretariat-2015-9cb796324f70
2015,UN Secretariat,Russian Federation,JSC VOSTOK AVIATION COMPANY,"Transportation, Storage, Mail Services",409738.0,UN Secretariat-2015-fff0ef860335
2015,UN Secretariat,Russian Federation,JSC VOSTOK AVIATION COMPANY,"Transportation, Storage, Mail Services",175000.0,UN Secretariat-2015-bd479a4286f4
2016,UN Secretariat,Russian Federation,JSC VOSTOK AVIATION COMPANY,"Transportation, Storage, Mail Services",4456123.29,UN Secretariat-2016-5954ed8a0927
2016,UN Secretariat,Russian Federation,JSC VOSTOK AVIATION COMPANY,"Transportation, Storage, Mail Services",4224686.27,UN Secretariat-2016-19cee48589dd
2016,UN Secretariat,Russian Federation,JSC VOSTOK AVIATION COMPANY,"Transportation, Storage, Mail Services",2197027.68,UN Secretariat-2016-caa6fa545cdd
2016,UN Secretariat,Russian Federation,JSC VOSTOK AVIATION COMPANY,"Transportation, Storage, Mail Services",2192882.32,UN Secretariat-2016-f5a7f86ddfa7
2016,UN Secretariat,Russian Federation,JSC VOSTOK AVIATION COMPANY,"Transportation, Storage, Mail Services",1275242.0,UN Secretariat-2016-108cc66a356d
2016,UN Secretariat,Russian Federation,JSC VOSTOK AVIATION COMPANY,"Transportation, Storage, Mail Services",685671.0,UN Secretariat-2016-cbd4f0ff88ac
2016,UN Secretariat,Russian Federation,JSC VOSTOK AVIATION COMPANY,"Transportation, Storage, Mail Services",595591.61,UN Secretariat-2016-e5e1953c5a39
2016,UN Secretariat,Russian Federation,JSC VOSTOK AVIATION COMPANY,"Transportation, Storage, Mail Services",593041.71,UN Secretariat-2016-ea52ab69c528
2016,UN Secretariat,Russian Federation,JSC VOSTOK AVIATION COMPANY,"Transportation, Storage, Mail Services",525455.73,UN Secretariat-2016-f5841c626d49
2016,UN Secretariat,Russian Federation,JSC VOSTOK AVIATION COMPANY,"Transportation, Storage, Mail Services",433424.39,UN Secretariat-2016-643539641697
2016,UN Secretariat,Russian Federation,JSC VOSTOK AVIATION COMPANY,"Transportation, Storage, Mail Services",68110.0,UN Secretariat-2016-0daf592ef80a
2016,UN Secretariat,Russian Federation,JSC VOSTOK AVIATION COMPANY,"Transportation, Storage, Mail Services",52528.4,UN Secretariat-2016-adfd9b798508
2016,UN Secretariat,Russian Federation,JSC VOSTOK AVIATION COMPANY,"Transportation, Storage, Mail Services",30000.0,UN Secretariat-2016-58cefacb17ca
2017,UN Secretariat,Russian Federation,JSC VOSTOK AVIATION COMPANY,"Transportation, Storage, Mail Services",2640662.52,UN Secretariat-2017-5379bf335f41
2017,UN Secretariat,Russian Federation,JSC VOSTOK AVIATION COMPANY,"Transportation, Storage, Mail Services",1965835.62,UN Secretariat-2017-f44bb1591afc
2017,UN Secretariat,Russian Federation,JSC VOSTOK AVIATION COMPANY,"Transportation, Storage, Mail Services",1106518.99,UN Secretariat-2017-0e24fbd21ee4
2017,UN Secretariat,Russian Federation,JSC VOSTOK AVIATION COMPANY,"Transportation, Storage, Mail Services",551668.49,UN Secretariat-2017-e7a0e751fd5f
2017,UN Secretariat,Russian Federation,JSC VOSTOK AVIATION COMPANY,"Transportation, Storage, Mail Services",455666.71,UN Secretariat-2017-c6f1e69ae36a
2017,UN Secretariat,Russian Federation,JSC VOSTOK AVIATION COMPANY,"Transportation, Storage, Mail Services",349334.0,UN Secretariat-2017-272f857b228f
2017,UN Secretariat,Russian Federation,JSC VOSTOK AVIATION COMPANY,"Transportation, Storage, Mail Services",175882.0,UN Secretariat-2017-44051e13aadc
2017,UN Secretariat,Russian Federation,JSC VOSTOK AVIATION COMPANY,"Transportation, Storage, Mail Services",50000.0,UN Secretariat-2017-8d12b0afbd6d
2018,UN Secretariat,Russian Federation,JSC VOSTOK AVIATION COMPANY,"Transportation, Storage, Mail Services",4412377.4,UN Secretariat-2018-ffa5e6c69621
2018,UN Secretariat,Russian Federation,JSC VOSTOK AVIATION COMPANY,"Transportation, Storage, Mail Services",3603973.95,UN Secretariat-2018-579565060160
2018,UN Secretariat,Russian Federation,JSC VOSTOK AVIATION COMPANY,"Transportation, Storage, Mail Services",1277783.13,UN Secretariat-2018-21cf44862449
2018,UN Secretariat,Russian Federation,JSC VOSTOK AVIATION COMPANY,"Transportation, Storage, Mail Services",766655.39,UN Secretariat-2018-45e5aebbe479
2018,UN Secretariat,Russian Federation,JSC VOSTOK AVIATION COMPANY,"Transportation, Storage, Mail Services",527529.86,UN Secretariat-2018-3af7af5016b6
2018,UN Secretariat,Russian Federation,JSC VOSTOK AVIATION COMPANY,"Transportation, Storage, Mail Services",517200.0,UN Secretariat-2018-5bc200dd25f5
2018,UN Secretariat,Russian Federation,JSC VOSTOK AVIATION COMPANY,"Transportation, Storage, Mail Services",198005.0,UN Secretariat-2018-cfaf51f96033
2018,UN Secretariat,Russian Federation,JSC VOSTOK AVIATION COMPANY,"Transportation, Storage, Mail Services",76500.0,UN Secretariat-2018-6665d36bbab8
2018,UN Secretariat,Russian Federation,JSC VOSTOK AVIATION COMPANY,"Transportation, Storage, Mail Services",52500.0,UN Secretariat-2018-a6e5d07698db
2018,UN Secretariat,Russian Federation,JSC VOSTOK AVIATION COMPANY,"Transportation, Storage, Mail Services",50000.0,UN Secretariat-2018-45bb0fc03f4a
2019,UN Secretariat,Russian Federation,JSC VOSTOK AVIATION COMPANY,"Transportation, Storage, Mail Services",255872.0,UN Secretariat-2019-6b4d039db9e0
2019,UN Secretariat,Russian Federation,JSC VOSTOK AVIATION COMPANY,"Transportation, Storage, Mail Services",67264.51,UN Secretariat-2019-1ff8adfc7294
2019,IAEA,Russian Federation,"JSC “D.V. EFREMOV INSTITUTE OF ELECTROPHYSICAL APPARATUS """,Building and Maintenance Services,58061.99,IAEA-2019-9a7ac47a4d5a
2015,IAEA,Russian Federation,JSC “ISOTOPE”,Chemicals,292932.01,IAEA-2015-bf9bab940c2b
2017,WHO,Russian Federation,JV BUSINESS CAR CO. LTD,Motor Vehicles and Parts,60583.0,WHO-2017-c2717d64122a
2019,UNAIDS,Russian Federation,JV BUSINESS CAR CO. LTD,Motor Vehicles and Parts,46780.39,UNAIDS-2019-1da1802c5301
2020,UNOPS,Russian Federation,KAMAZ FOREIGN TRADE COMPANY,Motor Vehicles and Parts,2523345.0,UNOPS-2020-50bccac7a12a
2020,UNOPS,Russian Federation,KAMAZ FOREIGN TRADE COMPANY,"Transportation, Storage, Mail Services",649036.0,UNOPS-2020-50bccac7a12a
2015,WFP,Russian Federation,KAMAZ FOREIGN TRADE COMPANY INCORPO,Motor Vehicles and Parts,87216.46,WFP-2015-271442424a3d
2016,WFP,Russian Federation,KAMAZ FOREIGN TRADE COMPANY INCORPO,Motor Vehicles and Parts,297000.0,WFP-2016-06154bd0e303
2016,WFP,Russian Federation,KAMAZ FOREIGN TRADE COMPANY INCORPO,Motor Vehicles and Parts,88831.28,WFP-2016-b849bc02d5ad
2016,WFP,Russian Federation,KAMAZ FOREIGN TRADE COMPANY INCORPO,Motor Vehicles and Parts,45096.1,WFP-2016-fb2fa9acb7b8
2017,WFP,Russian Federation,KAMAZ FOREIGN TRADE COMPANY INCORPO,Motor Vehicles and Parts,183774.24,WFP-2017-6797f68831c5
2017,WFP,Russian Federation,KAMAZ FOREIGN TRADE COMPANY INCORPO,Motor Vehicles and Parts,82232.4,WFP-2017-eea99746e25f
2017,WFP,Russian Federation,KAMAZ FOREIGN TRADE COMPANY INCORPO,Motor Vehicles and Parts,54436.5,WFP-2017-baecfec41ed7
2017,WFP,Russian Federation,KAMAZ FOREIGN TRADE COMPANY INCORPO,Motor Vehicles and Parts,48124.8,WFP-2017-62cf67749944
2017,WFP,Russian Federation,KAMAZ FOREIGN TRADE COMPANY INCORPO,Motor Vehicles and Parts,43509.32,WFP-2017-3da389ea60df
2017,WFP,Russian Federation,KAMAZ FOREIGN TRADE COMPANY INCORPO,Motor Vehicles and Parts,37605.05,WFP-2017-bd3c9d2bc35a
2017,WFP,Russian Federation,KAMAZ FOREIGN TRADE COMPANY INCORPO,Motor Vehicles and Parts,31939.0,WFP-2017-2fabc3becd53
2017,WFP,Russian Federation,KAMAZ FOREIGN TRADE COMPANY INCORPO,"Transportation, Storage, Mail Services",31036.93,WFP-2017-5e6c43efe50e
2017,WFP,Russian Federation,KAMAZ FOREIGN TRADE COMPANY INCORPO,Motor Vehicles and Parts,30731.4,WFP-2017-8271b870bb71
2017,WFP,Russian Federation,KAMAZ FOREIGN TRADE COMPANY INCORPO,"Transportation, Storage, Mail Services",10.4,WFP-2017-8271b870bb71
2018,WFP,Russian Federation,KAMAZ FOREIGN TRADE COMPANY INCORPO,"Transportation, Storage, Mail Services",236770.9,WFP-2018-2333a6d3f342
2018,WFP,Russian Federation,KAMAZ FOREIGN TRADE COMPANY INCORPO,Motor Vehicles and Parts,115246.59,WFP-2018-2112dd194232
2018,WFP,Russian Federation,KAMAZ FOREIGN TRADE COMPANY INCORPO,"Transportation, Storage, Mail Services",96840.4,WFP-2018-bc28755ff7ed
2018,WFP,Russian Federation,KAMAZ FOREIGN TRADE COMPANY INCORPO,Motor Vehicles and Parts,69407.2,WFP-2018-4a90a5a6f5ba
2018,WFP,Russian Federation,KAMAZ FOREIGN TRADE COMPANY INCORPO,Motor Vehicles and Parts,62851.63,WFP-2018-835532914992
2018,WFP,Russian Federation,KAMAZ FOREIGN TRADE COMPANY INCORPO,Motor Vehicles and Parts,33759.75,WFP-2018-9041b69d131e
2019,WFP,Russian Federation,KAMAZ FOREIGN TRADE COMPANY INCORPO,"Transportation, Storage, Mail Services",133914.94,WFP-2019-7ec2ef8de98e
2019,WFP,Russian Federation,KAMAZ FOREIGN TRADE COMPANY INCORPO,Motor Vehicles and Parts,126759.69,WFP-2019-84e77e0c2deb
2019,WFP,Russian Federation,KAMAZ FOREIGN TRADE COMPANY INCORPO,Motor Vehicles and Parts,69850.0,WFP-2019-5680ca47a488
2019,WFP,Russian Federation,KAMAZ FOREIGN TRADE COMPANY INCORPO,Motor Vehicles and Parts,55046.16,WFP-2019-942e444936fc
2019,WFP,Russian Federation,KAMAZ FOREIGN TRADE COMPANY INCORPO,"Transportation, Storage, Mail Services",52799.96,WFP-2019-bb3561b3485a
2020,WFP,Russian Federation,KAMAZ FOREIGN TRADE COMPANY INCORPO,Motor Vehicles and Parts,283793.66,WFP-2020-c14b999cc093
2020,WFP,Russian Federation,KAMAZ FOREIGN TRADE COMPANY INCORPO,Motor Vehicles and Parts,233560.0,WFP-2020-734d675208d3
2020,WFP,Russian Federation,KAMAZ FOREIGN TRADE COMPANY INCORPO,Motor Vehicles and Parts,139138.0,WFP-2020-83ae2cbce1ae
2020,WFP,Russian Federation,KAMAZ FOREIGN TRADE COMPANY INCORPO,Motor Vehicles and Parts,78303.84,WFP-2020-4934dd273fa0
2020,WFP,Russian Federation,KAMAZ FOREIGN TRADE COMPANY INCORPO,Motor Vehicles and Parts,70661.12,WFP-2020-6c1766f55034
2020,WFP,Russian Federation,KAMAZ FOREIGN TRADE COMPANY INCORPO,Motor Vehicles and Parts,64850.0,WFP-2020-cf3384568fdc
2021,WFP,Russian Federation,KAMAZ FOREIGN TRADE COMPANY INCORPO,Motor Vehicles and Parts,140198.46,WFP-2021-317f664b629b
2021,WFP,Russian Federation,KAMAZ FOREIGN TRADE COMPANY INCORPO,Motor Vehicles and Parts,89519.97,WFP-2021-35ceb87242ef
2021,WFP,Russian Federation,KAMAZ FOREIGN TRADE COMPANY INCORPO,Motor Vehicles and Parts,42498.25,WFP-2021-4a987512759b
2020,UNDP,Russian Federation,KB STRELKA,Politics and Civic Affairs Services,40039.0,UNDP-2020-c30d724dc901
2022,UN Secretariat,Russian Federation,KEPT TAX AND ADVISORY“ LLC,Financial and Insurance Services,300000.0,UN Secretariat-2022-35fc8962700d
2023,UN Secretariat,Russian Federation,KEPT TAX AND ADVISORY“ LLC,Financial and Insurance Services,299996.65,UN Secretariat-2023-8cd7e3a15c6e
2021,UNDP,Russian Federation,KGBPOU UYARSKY SELSKOKHOZYAISTVENNY,Education and Training Services,30165.92,UNDP-2021-773e4332d2bb
2017,UNESCO,Russian Federation,"KGBU DPO ""ALTAY KRAY INSTITUTE""",Politics and Civic Affairs Services,37350.0,UNESCO-2017-b20d08828ec6
2018,WFP,Russian Federation,KOMPLEKSNYE SKLADSKIE USLUGI LLC,Services Industry Equipment,109586.88,WFP-2018-086909662abf
2018,WFP,Russian Federation,KOMPLEKSNYE SKLADSKIE USLUGI LLC,Material Handling Machinery,5534.4,WFP-2018-086909662abf
2019,WFP,Russian Federation,KOMPLEKSNYE SKLADSKIE USLUGI LLC,Services Industry Equipment,29268.63,WFP-2019-6165e5dea833
2019,WFP,Russian Federation,KOMPLEKSNYE SKLADSKIE USLUGI LLC,Material Handling Machinery,1352.58,WFP-2019-6165e5dea833
2019,WFP,Russian Federation,KOMPLEKSNYE SKLADSKIE USLUGI LLC,Furniture,1254.79,WFP-2019-6165e5dea833
2020,WFP,Russian Federation,KOMPLEKSNYE SKLADSKIE USLUGI LLC,Services Industry Equipment,443649.72,WFP-2020-8e5fa6eac7f2
2020,WFP,Russian Federation,KOMPLEKSNYE SKLADSKIE USLUGI LLC,Material Handling Machinery,5929.12,WFP-2020-8e5fa6eac7f2
2018,UNDP,Russian Federation,KONSTANTIN BORISOV,Management and Admin Services,63000.0,UNDP-2018-77e8e14b2e97
2018,UNDP,Russian Federation,KONSTANTIN BORISOV,Management and Admin Services,63000.0,UNDP-2018-3f90aa70918c
2019,UNDP,Russian Federation,KONSTANTIN BORISOV,Management and Admin Services,83000.0,UNDP-2019-fb54b236824a
2019,UNDP,Russian Federation,KONSTANTIN BORISOV,Management and Admin Services,83000.0,UNDP-2019-1456cb528022
2017,UNDP,Russian Federation,KONTUR LLC,Tools and General Machinery,49700.0,UNDP-2017-50f6e323b912
2017,UNDP,Russian Federation,KONTUR LLC,"Transportation, Storage, Mail Services",1100.0,UNDP-2017-50f6e323b912
2025,WFP,Russian Federation,LA ROSEE SARL,"Transportation, Storage, Mail Services",50000.0,WFP-2025-01b5eb816e1f
2017,IAEA,Russian Federation,LABORATORY FOR MICROPARTICLE ANALYSIS (LMA),Engineering and Research Services,45101.01,IAEA-2017-b3f96eba9a52
2018,IAEA,Russian Federation,LABORATORY FOR MICROPARTICLE ANALYSIS (LMA),Engineering and Research Services,38061.47,IAEA-2018-2e4eaec8ce18
2019,IAEA,Russian Federation,LABORATORY FOR MICROPARTICLE ANALYSIS (LMA),Engineering and Research Services,39014.56,IAEA-2019-15d44c0a5422
2020,IAEA,Russian Federation,LABORATORY FOR MICROPARTICLE ANALYSIS (LMA),Laboratory and Testing Equipment,41274.18,IAEA-2020-bb7727ea2008
2021,IAEA,Russian Federation,LABORATORY FOR MICROPARTICLE ANALYSIS (LMA),Engineering and Research Services,39049.88,IAEA-2021-926862873d89
2025,IAEA,Russian Federation,LABORATORY FOR MICROPARTICLE ANALYSIS (LMA),Engineering and Research Services,32996.63,IAEA-2025-50c845c6c538
2019,UNESCO,Russian Federation,LABORATORY OF INTEGRATED,Education and Training Services,31767.2,UNESCO-2019-cbc61cb79ccc
2019,UNHCR,Russian Federation,LEGION LTD,Building and Maintenance Services,288000.0,UNHCR-2019-2d5dd96398da
2019,UNHCR,Russian Federation,LEGION LTD,"Structures, Construction Components",192000.0,UNHCR-2019-2d5dd96398da
2019,UNHCR,Russian Federation,LEGION LTD,Building and Maintenance Services,171000.0,UNHCR-2019-f3f70e0ed897
2019,UNHCR,Russian Federation,LEGION LTD,"Structures, Construction Components",114000.0,UNHCR-2019-f3f70e0ed897
2018,IOM,Russian Federation,LIBERTY INSURANCE JSC,Financial and Insurance Services,185866.29,IOM-2018-7ea0e603914d
2018,UNDP,Russian Federation,LIGHTING BUSINESS CONSULTING,Environmental Services,38000.0,UNDP-2018-f8497629fc5f
2018,IOM,Russian Federation,LIGHTNET COMPLEX,IT and Communications Equipment,62434.97,IOM-2018-7917fab3b524
2018,IOM,Russian Federation,LIGHTNET COMPLEX,Office Equipment,45707.57,IOM-2018-6d1a4c7376a6
2018,IOM,Russian Federation,LIGHTNET COMPLEX,IT and Communications Equipment,27019.52,IOM-2018-6d1a4c7376a6
2019,WHO,Russian Federation,LIMITED LIABILITY COMPANY  MANAGEMENT COMPANY “OKHOTNY RYAD,Education and Training Services,41486.79,WHO-2019-d0faba93f258
2021,WHO,Russian Federation,"LIMITED LIABILITY COMPANY "" MANAGEMENT COMPANY “OKHOTNY RYAD""",Management and Admin Services,40982.84,WHO-2021-f62ab9ffb70d
2020,UNESCO,Russian Federation,"LIMITED LIABILITY COMPANY ""AM",Building and Maintenance Services,61690.4,UNESCO-2020-20d67f78f323
2019,UN Secretariat,Russian Federation,LIMITED LIABILITY COMPANY ABAKAN A,"Transportation, Storage, Mail Services",7141353.81,UN Secretariat-2019-cd46eb3f387e
2019,UN Secretariat,Russian Federation,LIMITED LIABILITY COMPANY ABAKAN A,"Transportation, Storage, Mail Services",4069159.84,UN Secretariat-2019-0cdd891d193d
2019,UN Secretariat,Russian Federation,LIMITED LIABILITY COMPANY ABAKAN A,"Transportation, Storage, Mail Services",2098438.32,UN Secretariat-2019-05a64672ec7c
2019,UN Secretariat,Russian Federation,LIMITED LIABILITY COMPANY ABAKAN A,"Transportation, Storage, Mail Services",1736951.0,UN Secretariat-2019-95554e4d35ea
2019,UN Secretariat,Russian Federation,LIMITED LIABILITY COMPANY ABAKAN A,"Transportation, Storage, Mail Services",1068495.82,UN Secretariat-2019-acf6b397a0d6
2019,UN Secretariat,Russian Federation,LIMITED LIABILITY COMPANY ABAKAN A,"Transportation, Storage, Mail Services",838356.5,UN Secretariat-2019-4a70f23a8590
2019,UN Secretariat,Russian Federation,LIMITED LIABILITY COMPANY ABAKAN A,"Transportation, Storage, Mail Services",177155.97,UN Secretariat-2019-bd5c95b9a471
2020,UN Secretariat,Russian Federation,LIMITED LIABILITY COMPANY ABAKAN A,"Transportation, Storage, Mail Services",7946246.81,UN Secretariat-2020-12fe70d1e14b
2020,UN Secretariat,Russian Federation,LIMITED LIABILITY COMPANY ABAKAN A,"Transportation, Storage, Mail Services",4137293.15,UN Secretariat-2020-fbc769c06405
2020,UN Secretariat,Russian Federation,LIMITED LIABILITY COMPANY ABAKAN A,"Transportation, Storage, Mail Services",2141171.78,UN Secretariat-2020-6920646a475d
2020,UN Secretariat,Russian Federation,LIMITED LIABILITY COMPANY ABAKAN A,"Transportation, Storage, Mail Services",1801077.45,UN Secretariat-2020-0db199fd7c85
2020,UN Secretariat,Russian Federation,LIMITED LIABILITY COMPANY ABAKAN A,"Transportation, Storage, Mail Services",1514364.43,UN Secretariat-2020-33566b396738
2020,UN Secretariat,Russian Federation,LIMITED LIABILITY COMPANY ABAKAN A,"Transportation, Storage, Mail Services",1355295.95,UN Secretariat-2020-801f00d813f1
2020,UN Secretariat,Russian Federation,LIMITED LIABILITY COMPANY ABAKAN A,"Transportation, Storage, Mail Services",800000.0,UN Secretariat-2020-f2edb87c7bed
2020,UN Secretariat,Russian Federation,LIMITED LIABILITY COMPANY ABAKAN A,"Transportation, Storage, Mail Services",707880.2,UN Secretariat-2020-6bf9ab69e3d8
2020,UN Secretariat,Russian Federation,LIMITED LIABILITY COMPANY ABAKAN A,"Transportation, Storage, Mail Services",439637.14,UN Secretariat-2020-285b8c601d54
2020,UN Secretariat,Russian Federation,LIMITED LIABILITY COMPANY ABAKAN A,"Transportation, Storage, Mail Services",127446.17,UN Secretariat-2020-98a13109aea0
2020,UN Secretariat,Russian Federation,LIMITED LIABILITY COMPANY ABAKAN A,"Transportation, Storage, Mail Services",37715.75,UN Secretariat-2020-7688147bd10a
2021,UN Secretariat,Russian Federation,LIMITED LIABILITY COMPANY ABAKAN A,"Transportation, Storage, Mail Services",10660180.79,UN Secretariat-2021-c607176b44e2
2021,UN Secretariat,Russian Federation,LIMITED LIABILITY COMPANY ABAKAN A,"Transportation, Storage, Mail Services",5210828.86,UN Secretariat-2021-613ada2c7403
2021,UN Secretariat,Russian Federation,LIMITED LIABILITY COMPANY ABAKAN A,"Transportation, Storage, Mail Services",2032909.95,UN Secretariat-2021-9eb18e617412
2021,UN Secretariat,Russian Federation,LIMITED LIABILITY COMPANY ABAKAN A,"Transportation, Storage, Mail Services",1888437.38,UN Secretariat-2021-b8ffaadbb83b
2021,UN Secretariat,Russian Federation,LIMITED LIABILITY COMPANY ABAKAN A,"Transportation, Storage, Mail Services",646405.59,UN Secretariat-2021-b8cf22ccd247
2021,UN Secretariat,Russian Federation,LIMITED LIABILITY COMPANY ABAKAN A,"Transportation, Storage, Mail Services",455160.05,UN Secretariat-2021-ade39b425ad0
2021,UN Secretariat,Russian Federation,LIMITED LIABILITY COMPANY ABAKAN A,"Transportation, Storage, Mail Services",211246.97,UN Secretariat-2021-2f903cf97e3b
2022,UN Secretariat,Russian Federation,LIMITED LIABILITY COMPANY ABAKAN A,"Transportation, Storage, Mail Services",10645479.45,UN Secretariat-2022-22071ec25335
2022,UN Secretariat,Russian Federation,LIMITED LIABILITY COMPANY ABAKAN A,"Transportation, Storage, Mail Services",2489972.1,UN Secretariat-2022-0fb3e3e740b1
2022,UN Secretariat,Russian Federation,LIMITED LIABILITY COMPANY ABAKAN A,"Transportation, Storage, Mail Services",2425487.67,UN Secretariat-2022-558465a9b548
2022,UN Secretariat,Russian Federation,LIMITED LIABILITY COMPANY ABAKAN A,"Transportation, Storage, Mail Services",2071347.95,UN Secretariat-2022-4b36b3ae78c4
2022,UN Secretariat,Russian Federation,LIMITED LIABILITY COMPANY ABAKAN A,"Transportation, Storage, Mail Services",1693379.89,UN Secretariat-2022-d1f34ae9fa16
2022,UN Secretariat,Russian Federation,LIMITED LIABILITY COMPANY ABAKAN A,"Transportation, Storage, Mail Services",1326062.35,UN Secretariat-2022-791313d9451c
2022,UN Secretariat,Russian Federation,LIMITED LIABILITY COMPANY ABAKAN A,"Transportation, Storage, Mail Services",407363.43,UN Secretariat-2022-c5ad06578f8a
2023,UN Secretariat,Russian Federation,LIMITED LIABILITY COMPANY ABAKAN A,"Transportation, Storage, Mail Services",2422103.5,UN Secretariat-2023-42c64048bd24
2023,UN Secretariat,Russian Federation,LIMITED LIABILITY COMPANY ABAKAN A,"Transportation, Storage, Mail Services",2391818.36,UN Secretariat-2023-6785e364c77a
2023,UN Secretariat,Russian Federation,LIMITED LIABILITY COMPANY ABAKAN A,"Transportation, Storage, Mail Services",731727.15,UN Secretariat-2023-ecdc29edc19d
2023,UN Secretariat,Russian Federation,LIMITED LIABILITY COMPANY ABAKAN A,"Transportation, Storage, Mail Services",530459.01,UN Secretariat-2023-572daa69f66a
2020,WFP,Russian Federation,LIMITED LIABILITY COMPANY BAZIS PLY,Food and Beverage Products,10081065.6,WFP-2020-78ee56c3c1d1
2020,WFP,Russian Federation,LIMITED LIABILITY COMPANY BAZIS PLY,Food and Beverage Products,1574469.6,WFP-2020-f023ca941094
2020,WFP,Russian Federation,LIMITED LIABILITY COMPANY BAZIS PLY,Food and Beverage Products,703468.8,WFP-2020-1027c56bd9ef
2020,WFP,Russian Federation,LIMITED LIABILITY COMPANY BAZIS PLY,Food and Beverage Products,243190.5,WFP-2020-5690ee9fa165
2021,WFP,Russian Federation,LIMITED LIABILITY COMPANY BAZIS PLY,Food and Beverage Products,2605909.2,WFP-2021-7dd903a68df2
2021,WFP,Russian Federation,LIMITED LIABILITY COMPANY BAZIS PLY,Food and Beverage Products,2349864.0,WFP-2021-4ccb78bbb398
2021,WFP,Russian Federation,LIMITED LIABILITY COMPANY BAZIS PLY,Food and Beverage Products,1646353.8,WFP-2021-4173c3bbda4f
2021,WFP,Russian Federation,LIMITED LIABILITY COMPANY BAZIS PLY,Food and Beverage Products,1435282.8,WFP-2021-1b6d076a2426
2021,WFP,Russian Federation,LIMITED LIABILITY COMPANY BAZIS PLY,Food and Beverage Products,1302216.3,WFP-2021-bae3ef7ca828
2021,WFP,Russian Federation,LIMITED LIABILITY COMPANY BAZIS PLY,Food and Beverage Products,1122105.6,WFP-2021-e45dcf8b64d2
2021,WFP,Russian Federation,LIMITED LIABILITY COMPANY BAZIS PLY,Food and Beverage Products,578054.4,WFP-2021-280c50e2277b
2021,WFP,Russian Federation,LIMITED LIABILITY COMPANY BAZIS PLY,Food and Beverage Products,372820.8,WFP-2021-f4a4e95d7d74
2021,WFP,Russian Federation,LIMITED LIABILITY COMPANY BAZIS PLY,Food and Beverage Products,357033.6,WFP-2021-630dfb3dda61
2021,WFP,Russian Federation,LIMITED LIABILITY COMPANY BAZIS PLY,Food and Beverage Products,349250.4,WFP-2021-cebbc40a3fd3
2022,WFP,Russian Federation,LIMITED LIABILITY COMPANY BAZIS PLY,Food and Beverage Products,2028820.8,WFP-2022-472bf90279f2
2022,WFP,Russian Federation,LIMITED LIABILITY COMPANY BAZIS PLY,Food and Beverage Products,1255020.3,WFP-2022-818603625073
2022,WFP,Russian Federation,LIMITED LIABILITY COMPANY BAZIS PLY,Food and Beverage Products,1157047.2,WFP-2022-1c51b01ab959
2022,WFP,Russian Federation,LIMITED LIABILITY COMPANY BAZIS PLY,Food and Beverage Products,197340.0,WFP-2022-3d4e66c19e86
2022,WFP,Russian Federation,LIMITED LIABILITY COMPANY BAZIS PLY,Food and Beverage Products,177909.6,WFP-2022-dbebd06fd0e0
2023,WFP,Russian Federation,LIMITED LIABILITY COMPANY BAZIS PLY,Food and Beverage Products,2110158.0,WFP-2023-4ba2acd47de3
2023,WFP,Russian Federation,LIMITED LIABILITY COMPANY BAZIS PLY,Food and Beverage Products,1730175.0,WFP-2023-e086f9e48a4d
2023,WFP,Russian Federation,LIMITED LIABILITY COMPANY BAZIS PLY,Food and Beverage Products,1645484.4,WFP-2023-5e058c21e9eb
2023,WFP,Russian Federation,LIMITED LIABILITY COMPANY BAZIS PLY,Food and Beverage Products,1137575.4,WFP-2023-9038ff46a379
2023,WFP,Russian Federation,LIMITED LIABILITY COMPANY BAZIS PLY,Food and Beverage Products,777216.0,WFP-2023-ca6b6fc4b05a
2023,WFP,Russian Federation,LIMITED LIABILITY COMPANY BAZIS PLY,Food and Beverage Products,484545.6,WFP-2023-c6d07a0d9282
2023,WFP,Russian Federation,LIMITED LIABILITY COMPANY BAZIS PLY,Food and Beverage Products,395301.0,WFP-2023-3eb74c429e7c
2023,WFP,Russian Federation,LIMITED LIABILITY COMPANY BAZIS PLY,Food and Beverage Products,189446.4,WFP-2023-8a20920ddd0c
2023,WFP,Russian Federation,LIMITED LIABILITY COMPANY BAZIS PLY,Food and Beverage Products,162926.4,WFP-2023-54e5ce0f5bea
2023,WFP,Russian Federation,LIMITED LIABILITY COMPANY BAZIS PLY,Food and Beverage Products,91740.0,WFP-2023-f0160bb15dcd
2023,WFP,Russian Federation,LIMITED LIABILITY COMPANY BAZIS PLY,Food and Beverage Products,55750.0,WFP-2023-a01b231ab778
2023,WFP,Russian Federation,LIMITED LIABILITY COMPANY BAZIS PLY,Food and Beverage Products,39592.2,WFP-2023-a77b46fd834c
2024,WFP,Russian Federation,LIMITED LIABILITY COMPANY BAZIS PLY,Food and Beverage Products,4000399.2,WFP-2024-e970ce5cb21c
2024,WFP,Russian Federation,LIMITED LIABILITY COMPANY BAZIS PLY,Food and Beverage Products,2741770.2,WFP-2024-d8a57d42da4c
2024,WFP,Russian Federation,LIMITED LIABILITY COMPANY BAZIS PLY,Food and Beverage Products,2026944.0,WFP-2024-61c995d627ff
2024,WFP,Russian Federation,LIMITED LIABILITY COMPANY BAZIS PLY,Food and Beverage Products,1981666.2,WFP-2024-efcb936e5e10
2024,WFP,Russian Federation,LIMITED LIABILITY COMPANY BAZIS PLY,Food and Beverage Products,1916478.75,WFP-2024-62ddd58f4c9b
2024,WFP,Russian Federation,LIMITED LIABILITY COMPANY BAZIS PLY,Food and Beverage Products,1733459.4,WFP-2024-33d7674251a3
2024,WFP,Russian Federation,LIMITED LIABILITY COMPANY BAZIS PLY,Food and Beverage Products,1647940.8,WFP-2024-c2709d6d67b6
2024,WFP,Russian Federation,LIMITED LIABILITY COMPANY BAZIS PLY,Food and Beverage Products,1503316.8,WFP-2024-39e28dd416ee
2024,WFP,Russian Federation,LIMITED LIABILITY COMPANY BAZIS PLY,Food and Beverage Products,1359976.2,WFP-2024-9702907b8865
2024,WFP,Russian Federation,LIMITED LIABILITY COMPANY BAZIS PLY,Food and Beverage Products,1336447.2,WFP-2024-c025eaec25ae
2024,WFP,Russian Federation,LIMITED LIABILITY COMPANY BAZIS PLY,Food and Beverage Products,1270359.0,WFP-2024-65e5ed2854ca
2024,WFP,Russian Federation,LIMITED LIABILITY COMPANY BAZIS PLY,Food and Beverage Products,699882.6,WFP-2024-7f0bdaa115e2
2024,WFP,Russian Federation,LIMITED LIABILITY COMPANY BAZIS PLY,Food and Beverage Products,681278.4,WFP-2024-ebf7ac5b9630
2024,WFP,Russian Federation,LIMITED LIABILITY COMPANY BAZIS PLY,Engineering and Research Services,67151.82,WFP-2024-93b03e72f039
2021,WHO,Russian Federation,LIMITED LIABILITY COMPANY I20,Engineering and Research Services,53950.76,WHO-2021-e6422b4dd2db
2020,IAEA,Russian Federation,"LIMITED LIABILITY COMPANY SCIENTIFIC TECHNICAL CENTRE ""RADEK""",Laboratory and Testing Equipment,38339.02,IAEA-2020-acc20221bb54
2021,WFP,Russian Federation,LIMITED LIABILITY COMPANY ZVEZDA,Food and Beverage Products,435617.78,WFP-2021-d2991a2263bd
2022,WFP,Russian Federation,LIMITED LIABILITY COMPANY ZVEZDA,Food and Beverage Products,365800.05,WFP-2022-7e8e6665144d
2022,WFP,Russian Federation,LIMITED LIABILITY COMPANY ZVEZDA,Food and Beverage Products,126094.47,WFP-2022-34985a2c04c9
2016,UN Secretariat,Russian Federation,"LIMITED LIABILTY COMPANY ""ABAKAN AI","Transportation, Storage, Mail Services",1739293.0,UN Secretariat-2016-261a6cd0f6e2
2017,UN Secretariat,Russian Federation,LIMITED LIABILTY COMPANY ABAKAN AIR,"Transportation, Storage, Mail Services",3586605.75,UN Secretariat-2017-f6c57496a31c
2017,UN Secretariat,Russian Federation,LIMITED LIABILTY COMPANY ABAKAN AIR,"Transportation, Storage, Mail Services",3193863.63,UN Secretariat-2017-b8214e7a1aaf
2017,UN Secretariat,Russian Federation,LIMITED LIABILTY COMPANY ABAKAN AIR,"Transportation, Storage, Mail Services",1560239.73,UN Secretariat-2017-7ca369bdeea7
2017,UN Secretariat,Russian Federation,LIMITED LIABILTY COMPANY ABAKAN AIR,"Transportation, Storage, Mail Services",1137328.0,UN Secretariat-2017-14cdd584e58b
2017,UN Secretariat,Russian Federation,LIMITED LIABILTY COMPANY ABAKAN AIR,"Transportation, Storage, Mail Services",621960.27,UN Secretariat-2017-dd77ed242bef
2017,UN Secretariat,Russian Federation,LIMITED LIABILTY COMPANY ABAKAN AIR,"Transportation, Storage, Mail Services",492686.84,UN Secretariat-2017-9dc6d927ef13
2017,UN Secretariat,Russian Federation,LIMITED LIABILTY COMPANY ABAKAN AIR,"Transportation, Storage, Mail Services",491867.64,UN Secretariat-2017-813f0fed5deb
2017,UN Secretariat,Russian Federation,LIMITED LIABILTY COMPANY ABAKAN AIR,"Transportation, Storage, Mail Services",325000.36,UN Secretariat-2017-8d4c8bbf39a8
2017,UN Secretariat,Russian Federation,LIMITED LIABILTY COMPANY ABAKAN AIR,"Transportation, Storage, Mail Services",41205.0,UN Secretariat-2017-218903308526
2018,UN Secretariat,Russian Federation,LIMITED LIABILTY COMPANY ABAKAN AIR,"Transportation, Storage, Mail Services",4320355.27,UN Secretariat-2018-c89a34bdd83b
2018,UN Secretariat,Russian Federation,LIMITED LIABILTY COMPANY ABAKAN AIR,"Transportation, Storage, Mail Services",4098399.3,UN Secretariat-2018-05e488d04b25
2018,UN Secretariat,Russian Federation,LIMITED LIABILTY COMPANY ABAKAN AIR,"Transportation, Storage, Mail Services",2843100.0,UN Secretariat-2018-4c1d4b6a9c0c
2018,UN Secretariat,Russian Federation,LIMITED LIABILTY COMPANY ABAKAN AIR,"Transportation, Storage, Mail Services",2112120.0,UN Secretariat-2018-52dc4f65152e
2018,UN Secretariat,Russian Federation,LIMITED LIABILTY COMPANY ABAKAN AIR,"Transportation, Storage, Mail Services",908243.16,UN Secretariat-2018-b7bc29c614e0
2018,UN Secretariat,Russian Federation,LIMITED LIABILTY COMPANY ABAKAN AIR,"Transportation, Storage, Mail Services",384246.58,UN Secretariat-2018-0bfa54646aaa
2018,UN Secretariat,Russian Federation,LIMITED LIABILTY COMPANY ABAKAN AIR,"Transportation, Storage, Mail Services",337834.16,UN Secretariat-2018-2cc5cee73f63
2018,UN Secretariat,Russian Federation,LIMITED LIABILTY COMPANY ABAKAN AIR,"Transportation, Storage, Mail Services",119312.75,UN Secretariat-2018-b27ebfec41af
2018,UN Secretariat,Russian Federation,LIMITED LIABILTY COMPANY ABAKAN AIR,"Transportation, Storage, Mail Services",70000.0,UN Secretariat-2018-27fcf53a83ee
2018,UN Secretariat,Russian Federation,"LLC """"AIRCOMPANY """"IKAR""""","Transportation, Storage, Mail Services",1816639.85,UN Secretariat-2018-20055864054b
2018,UN Secretariat,Russian Federation,"LLC """"AIRCOMPANY """"IKAR""""","Transportation, Storage, Mail Services",269971.0,UN Secretariat-2018-be378258a449
2018,UN Secretariat,Russian Federation,"LLC """"AIRCOMPANY """"IKAR""""","Transportation, Storage, Mail Services",124484.75,UN Secretariat-2018-5e937f5f516c
2017,UN Secretariat,Russian Federation,"LLC """"AIRLINE """"VIM-AVIA""""","Transportation, Storage, Mail Services",490510.0,UN Secretariat-2017-f857b100d732
2017,UN Secretariat,Russian Federation,"LLC """"AIRLINE """"VIM-AVIA""""","Transportation, Storage, Mail Services",260695.0,UN Secretariat-2017-b36a876f9ebe
2015,UN Secretariat,Russian Federation,"LLC ""AIRLINE ""VIM-AVIA""","Transportation, Storage, Mail Services",1150270.0,UN Secretariat-2015-380733644ae5
2015,UN Secretariat,Russian Federation,"LLC ""AIRLINE ""VIM-AVIA""","Transportation, Storage, Mail Services",742370.0,UN Secretariat-2015-49c3b33d926d
2015,UN Secretariat,Russian Federation,"LLC ""AIRLINE ""VIM-AVIA""","Transportation, Storage, Mail Services",671890.0,UN Secretariat-2015-881753d2e050
2015,UN Secretariat,Russian Federation,"LLC ""AIRLINE ""VIM-AVIA""","Transportation, Storage, Mail Services",418885.0,UN Secretariat-2015-ba4637006c44
2015,UN Secretariat,Russian Federation,"LLC ""AIRLINE ""VIM-AVIA""","Transportation, Storage, Mail Services",310005.0,UN Secretariat-2015-cec688d71c50
2015,UN Secretariat,Russian Federation,"LLC ""AIRLINE ""VIM-AVIA""","Transportation, Storage, Mail Services",249890.0,UN Secretariat-2015-936b948b906b
2016,UN Secretariat,Russian Federation,"LLC ""AIRLINE ""VIM-AVIA""","Transportation, Storage, Mail Services",355955.0,UN Secretariat-2016-adab3a146c86
2016,UN Secretariat,Russian Federation,"LLC ""AIRLINE ""VIM-AVIA""","Transportation, Storage, Mail Services",299380.0,UN Secretariat-2016-69eec312df21
2016,UN Secretariat,Russian Federation,"LLC ""AIRLINE ""VIM-AVIA""","Transportation, Storage, Mail Services",268710.0,UN Secretariat-2016-76c0fb1fd81b
2016,UN Secretariat,Russian Federation,"LLC ""AIRLINE ""VIM-AVIA""","Transportation, Storage, Mail Services",226380.0,UN Secretariat-2016-2b2a74de8afe
2022,WHO,Russian Federation,LLC 4MEDS,Engineering and Research Services,38500.0,WHO-2022-24e4a8a78de8
2023,WHO,Russian Federation,LLC 4MEDS,Management and Admin Services,33000.0,WHO-2023-85a6eb3b7923
2025,WHO,Russian Federation,LLC 4MEDS,Management and Admin Services,37888.79,WHO-2025-d3ce5a26c1c1
2018,WFP,Russian Federation,LLC ABAKAN AIR,"Transportation, Storage, Mail Services",707680.0,WFP-2018-dd49ae559b2d
2018,WFP,Russian Federation,LLC ABAKAN AIR,"Transportation, Storage, Mail Services",707680.0,WFP-2018-1033cbae31b0
2018,WFP,Russian Federation,LLC ABAKAN AIR,"Transportation, Storage, Mail Services",707680.0,WFP-2018-3be0379a38c8
2018,WFP,Russian Federation,LLC ABAKAN AIR,"Transportation, Storage, Mail Services",707680.0,WFP-2018-a9d97b2e7398
2018,WFP,Russian Federation,LLC ABAKAN AIR,"Transportation, Storage, Mail Services",689780.0,WFP-2018-13b3e7134252
2018,WFP,Russian Federation,LLC ABAKAN AIR,"Transportation, Storage, Mail Services",677000.0,WFP-2018-b5da73436bb5
2018,WFP,Russian Federation,LLC ABAKAN AIR,"Transportation, Storage, Mail Services",667533.97,WFP-2018-78bf791ba781
2018,WFP,Russian Federation,LLC ABAKAN AIR,"Transportation, Storage, Mail Services",465720.0,WFP-2018-8e8ae474c1dd
2018,WFP,Russian Federation,LLC ABAKAN AIR,"Transportation, Storage, Mail Services",465720.0,WFP-2018-9aab97354e1e
2018,WFP,Russian Federation,LLC ABAKAN AIR,"Transportation, Storage, Mail Services",465720.0,WFP-2018-b6a508db64f1
2018,WFP,Russian Federation,LLC ABAKAN AIR,"Transportation, Storage, Mail Services",455200.0,WFP-2018-809a8b57f225
2018,WFP,Russian Federation,LLC ABAKAN AIR,"Transportation, Storage, Mail Services",455200.0,WFP-2018-28df400c3f2e
2018,WFP,Russian Federation,LLC ABAKAN AIR,"Transportation, Storage, Mail Services",452700.0,WFP-2018-0003779ddec6
2018,WFP,Russian Federation,LLC ABAKAN AIR,"Transportation, Storage, Mail Services",452700.0,WFP-2018-c95958633ed2
2018,WFP,Russian Federation,LLC ABAKAN AIR,"Transportation, Storage, Mail Services",452700.0,WFP-2018-e7ad9e44c084
2018,WFP,Russian Federation,LLC ABAKAN AIR,"Transportation, Storage, Mail Services",452700.0,WFP-2018-fa94b17d9960
2018,WFP,Russian Federation,LLC ABAKAN AIR,"Transportation, Storage, Mail Services",401200.0,WFP-2018-5b8bfafba5ba
2018,WFP,Russian Federation,LLC ABAKAN AIR,"Transportation, Storage, Mail Services",401200.0,WFP-2018-d8ca15670fbd
2018,WFP,Russian Federation,LLC ABAKAN AIR,"Transportation, Storage, Mail Services",401200.0,WFP-2018-007b88353167
2018,WFP,Russian Federation,LLC ABAKAN AIR,"Transportation, Storage, Mail Services",401200.0,WFP-2018-38c52a486225
2018,WFP,Russian Federation,LLC ABAKAN AIR,"Transportation, Storage, Mail Services",398700.0,WFP-2018-d3b3c46bdc98
2018,WFP,Russian Federation,LLC ABAKAN AIR,"Transportation, Storage, Mail Services",398700.0,WFP-2018-61dca798661f
2018,WFP,Russian Federation,LLC ABAKAN AIR,"Transportation, Storage, Mail Services",398700.0,WFP-2018-7a1a65e78088
2018,WFP,Russian Federation,LLC ABAKAN AIR,"Transportation, Storage, Mail Services",398700.0,WFP-2018-3a363b7f064f
2018,WFP,Russian Federation,LLC ABAKAN AIR,"Transportation, Storage, Mail Services",225355.0,WFP-2018-9be1047824ec
2018,WFP,Russian Federation,LLC ABAKAN AIR,"Transportation, Storage, Mail Services",218361.0,WFP-2018-f687e02e1c5c
2018,WFP,Russian Federation,LLC ABAKAN AIR,"Transportation, Storage, Mail Services",105924.0,WFP-2018-07b41495b14b
2018,WFP,Russian Federation,LLC ABAKAN AIR,"Transportation, Storage, Mail Services",80496.0,WFP-2018-9ee36a9f8edc
2018,WFP,Russian Federation,LLC ABAKAN AIR,Financial and Insurance Services,7100.0,WFP-2018-b5da73436bb5
2018,WFP,Russian Federation,LLC ABAKAN AIR,Financial and Insurance Services,2500.0,WFP-2018-7a1a65e78088
2018,WFP,Russian Federation,LLC ABAKAN AIR,Financial and Insurance Services,2500.0,WFP-2018-b6a508db64f1
2018,WFP,Russian Federation,LLC ABAKAN AIR,Financial and Insurance Services,2500.0,WFP-2018-61dca798661f
2018,WFP,Russian Federation,LLC ABAKAN AIR,Financial and Insurance Services,2500.0,WFP-2018-8e8ae474c1dd
2018,WFP,Russian Federation,LLC ABAKAN AIR,Financial and Insurance Services,2500.0,WFP-2018-0003779ddec6
2018,WFP,Russian Federation,LLC ABAKAN AIR,Financial and Insurance Services,2500.0,WFP-2018-fa94b17d9960
2018,WFP,Russian Federation,LLC ABAKAN AIR,Financial and Insurance Services,2500.0,WFP-2018-9aab97354e1e
2018,WFP,Russian Federation,LLC ABAKAN AIR,Financial and Insurance Services,2500.0,WFP-2018-c95958633ed2
2018,WFP,Russian Federation,LLC ABAKAN AIR,Financial and Insurance Services,2500.0,WFP-2018-e7ad9e44c084
2018,WFP,Russian Federation,LLC ABAKAN AIR,Financial and Insurance Services,2500.0,WFP-2018-3a363b7f064f
2018,WFP,Russian Federation,LLC ABAKAN AIR,Financial and Insurance Services,2500.0,WFP-2018-d3b3c46bdc98
2018,WFP,Russian Federation,LLC ABAKAN AIR,Financial and Insurance Services,1209.68,WFP-2018-9be1047824ec
2019,WFP,Russian Federation,LLC ABAKAN AIR,"Transportation, Storage, Mail Services",707680.0,WFP-2019-43cd2ca9ba7b
2019,WFP,Russian Federation,LLC ABAKAN AIR,"Transportation, Storage, Mail Services",707680.0,WFP-2019-3dc57e579094
2019,WFP,Russian Federation,LLC ABAKAN AIR,"Transportation, Storage, Mail Services",590180.0,WFP-2019-a624061d38e6
2019,WFP,Russian Federation,LLC ABAKAN AIR,"Transportation, Storage, Mail Services",590180.0,WFP-2019-61b9d9202c37
2019,WFP,Russian Federation,LLC ABAKAN AIR,"Transportation, Storage, Mail Services",590180.0,WFP-2019-f817d600aebc
2019,WFP,Russian Federation,LLC ABAKAN AIR,"Transportation, Storage, Mail Services",590180.0,WFP-2019-ec5964340ec0
2019,WFP,Russian Federation,LLC ABAKAN AIR,"Transportation, Storage, Mail Services",590180.0,WFP-2019-04b0b29891b5
2019,WFP,Russian Federation,LLC ABAKAN AIR,"Transportation, Storage, Mail Services",590180.0,WFP-2019-5e69e409be21
2019,WFP,Russian Federation,LLC ABAKAN AIR,"Transportation, Storage, Mail Services",590180.0,WFP-2019-ffd5cd3181be
2019,WFP,Russian Federation,LLC ABAKAN AIR,"Transportation, Storage, Mail Services",590180.0,WFP-2019-9d5efe757d93
2019,WFP,Russian Federation,LLC ABAKAN AIR,"Transportation, Storage, Mail Services",590180.0,WFP-2019-4266782e89b8
2019,WFP,Russian Federation,LLC ABAKAN AIR,"Transportation, Storage, Mail Services",590180.0,WFP-2019-dcc379f47fbe
2019,WFP,Russian Federation,LLC ABAKAN AIR,"Transportation, Storage, Mail Services",460888.06,WFP-2019-e70d8ae86615
2019,WFP,Russian Federation,LLC ABAKAN AIR,"Transportation, Storage, Mail Services",401200.0,WFP-2019-93b87b6dd423
2019,WFP,Russian Federation,LLC ABAKAN AIR,"Transportation, Storage, Mail Services",401200.0,WFP-2019-91d559e592c5
2019,WFP,Russian Federation,LLC ABAKAN AIR,"Transportation, Storage, Mail Services",401200.0,WFP-2019-912562b4da46
2019,WFP,Russian Federation,LLC ABAKAN AIR,"Transportation, Storage, Mail Services",401200.0,WFP-2019-bd69ceba5c64
2019,WFP,Russian Federation,LLC ABAKAN AIR,"Transportation, Storage, Mail Services",401200.0,WFP-2019-efc7d0440209
2019,WFP,Russian Federation,LLC ABAKAN AIR,"Transportation, Storage, Mail Services",401200.0,WFP-2019-ef32e8c8e69f
2019,WFP,Russian Federation,LLC ABAKAN AIR,"Transportation, Storage, Mail Services",401200.0,WFP-2019-123b43fa71f7
2019,WFP,Russian Federation,LLC ABAKAN AIR,"Transportation, Storage, Mail Services",401200.0,WFP-2019-ad876bb6e505
2019,WFP,Russian Federation,LLC ABAKAN AIR,"Transportation, Storage, Mail Services",401200.0,WFP-2019-a58335fcf302
2019,WFP,Russian Federation,LLC ABAKAN AIR,"Transportation, Storage, Mail Services",401200.0,WFP-2019-0edd79109f63
2019,WFP,Russian Federation,LLC ABAKAN AIR,"Transportation, Storage, Mail Services",401200.0,WFP-2019-2ded3ec65eb5
2019,WFP,Russian Federation,LLC ABAKAN AIR,"Transportation, Storage, Mail Services",401200.0,WFP-2019-d1e10ad58169
2019,WFP,Russian Federation,LLC ABAKAN AIR,"Transportation, Storage, Mail Services",398700.0,WFP-2019-940b2ffc08c6
2019,WFP,Russian Federation,LLC ABAKAN AIR,"Transportation, Storage, Mail Services",398700.0,WFP-2019-0430a3a88e51
2019,WFP,Russian Federation,LLC ABAKAN AIR,"Transportation, Storage, Mail Services",398700.0,WFP-2019-c824957c9693
2019,WFP,Russian Federation,LLC ABAKAN AIR,"Transportation, Storage, Mail Services",398700.0,WFP-2019-2ae01e6cb732
2019,WFP,Russian Federation,LLC ABAKAN AIR,"Transportation, Storage, Mail Services",398700.0,WFP-2019-4fbd73796d5f
2019,WFP,Russian Federation,LLC ABAKAN AIR,"Transportation, Storage, Mail Services",102870.0,WFP-2019-1ced9d7259d2
2019,WFP,Russian Federation,LLC ABAKAN AIR,Financial and Insurance Services,2500.0,WFP-2019-2ae01e6cb732
2019,WFP,Russian Federation,LLC ABAKAN AIR,Financial and Insurance Services,2500.0,WFP-2019-c824957c9693
2019,WFP,Russian Federation,LLC ABAKAN AIR,Financial and Insurance Services,2500.0,WFP-2019-4fbd73796d5f
2019,WFP,Russian Federation,LLC ABAKAN AIR,Financial and Insurance Services,2500.0,WFP-2019-940b2ffc08c6
2019,WFP,Russian Federation,LLC ABAKAN AIR,Financial and Insurance Services,2500.0,WFP-2019-0430a3a88e51
2019,WFP,Russian Federation,LLC ABAKAN AIR,Financial and Insurance Services,2419.35,WFP-2019-e70d8ae86615
2019,WFP,Russian Federation,LLC ABAKAN AIR,Financial and Insurance Services,645.16,WFP-2019-1ced9d7259d2
2020,WFP,Russian Federation,LLC ABAKAN AIR,"Transportation, Storage, Mail Services",761110.0,WFP-2020-f7c54d329d19
2020,WFP,Russian Federation,LLC ABAKAN AIR,"Transportation, Storage, Mail Services",710570.0,WFP-2020-d82da510e994
2020,WFP,Russian Federation,LLC ABAKAN AIR,"Transportation, Storage, Mail Services",690180.0,WFP-2020-1db4042feba5
2020,WFP,Russian Federation,LLC ABAKAN AIR,"Transportation, Storage, Mail Services",690180.0,WFP-2020-b341e8cfad9e
2020,WFP,Russian Federation,LLC ABAKAN AIR,"Transportation, Storage, Mail Services",690180.0,WFP-2020-f58f202377a0
2020,WFP,Russian Federation,LLC ABAKAN AIR,"Transportation, Storage, Mail Services",690180.0,WFP-2020-c2291d182bde
2020,WFP,Russian Federation,LLC ABAKAN AIR,"Transportation, Storage, Mail Services",590180.0,WFP-2020-cd528554e100
2020,WFP,Russian Federation,LLC ABAKAN AIR,"Transportation, Storage, Mail Services",590180.0,WFP-2020-6f87c1908709
2020,WFP,Russian Federation,LLC ABAKAN AIR,"Transportation, Storage, Mail Services",590180.0,WFP-2020-682dd7a15320
2020,WFP,Russian Federation,LLC ABAKAN AIR,"Transportation, Storage, Mail Services",590180.0,WFP-2020-4d4d60f35614
2020,WFP,Russian Federation,LLC ABAKAN AIR,"Transportation, Storage, Mail Services",590180.0,WFP-2020-45c9d08980f5
2020,WFP,Russian Federation,LLC ABAKAN AIR,"Transportation, Storage, Mail Services",590180.0,WFP-2020-941167b736c7
2020,WFP,Russian Federation,LLC ABAKAN AIR,"Transportation, Storage, Mail Services",590180.0,WFP-2020-5af266201c23
2020,WFP,Russian Federation,LLC ABAKAN AIR,"Transportation, Storage, Mail Services",567174.19,WFP-2020-643157acfe27
2020,WFP,Russian Federation,LLC ABAKAN AIR,"Transportation, Storage, Mail Services",401760.0,WFP-2020-b822cb2b0ecc
2020,WFP,Russian Federation,LLC ABAKAN AIR,"Transportation, Storage, Mail Services",401760.0,WFP-2020-ab09a98bf758
2020,WFP,Russian Federation,LLC ABAKAN AIR,"Transportation, Storage, Mail Services",398760.0,WFP-2020-5b1c32300cc9
2020,WFP,Russian Federation,LLC ABAKAN AIR,"Transportation, Storage, Mail Services",398760.0,WFP-2020-dd99a8cb8b18
2020,WFP,Russian Federation,LLC ABAKAN AIR,"Transportation, Storage, Mail Services",381260.0,WFP-2020-f9a74045f038
2020,WFP,Russian Federation,LLC ABAKAN AIR,"Transportation, Storage, Mail Services",381260.0,WFP-2020-eed6937cd47c
2020,WFP,Russian Federation,LLC ABAKAN AIR,"Transportation, Storage, Mail Services",381260.0,WFP-2020-563f266609f1
2020,WFP,Russian Federation,LLC ABAKAN AIR,"Transportation, Storage, Mail Services",381260.0,WFP-2020-bcb20c34b84c
2020,WFP,Russian Federation,LLC ABAKAN AIR,"Transportation, Storage, Mail Services",381260.0,WFP-2020-9008e7d10172
2020,WFP,Russian Federation,LLC ABAKAN AIR,"Transportation, Storage, Mail Services",381260.0,WFP-2020-bec57d2aa246
2020,WFP,Russian Federation,LLC ABAKAN AIR,"Transportation, Storage, Mail Services",381260.0,WFP-2020-18a54a34ea34
2020,WFP,Russian Federation,LLC ABAKAN AIR,"Transportation, Storage, Mail Services",381260.0,WFP-2020-f26d15b27581
2020,WFP,Russian Federation,LLC ABAKAN AIR,"Transportation, Storage, Mail Services",381260.0,WFP-2020-4e2512e73946
2020,WFP,Russian Federation,LLC ABAKAN AIR,"Transportation, Storage, Mail Services",379340.0,WFP-2020-90a7628b8df2
2020,WFP,Russian Federation,LLC ABAKAN AIR,"Transportation, Storage, Mail Services",379340.0,WFP-2020-ec380320b6d9
2020,WFP,Russian Federation,LLC ABAKAN AIR,"Transportation, Storage, Mail Services",379340.0,WFP-2020-d6058e2d1a15
2020,WFP,Russian Federation,LLC ABAKAN AIR,"Transportation, Storage, Mail Services",379340.0,WFP-2020-ea6388808daa
2020,WFP,Russian Federation,LLC ABAKAN AIR,"Transportation, Storage, Mail Services",379340.0,WFP-2020-88e8a5eca251
2020,WFP,Russian Federation,LLC ABAKAN AIR,"Transportation, Storage, Mail Services",379340.0,WFP-2020-9880d29aea29
2020,WFP,Russian Federation,LLC ABAKAN AIR,"Transportation, Storage, Mail Services",379340.0,WFP-2020-e8f36d685ac8
2020,WFP,Russian Federation,LLC ABAKAN AIR,"Transportation, Storage, Mail Services",379340.0,WFP-2020-9c0a086b1188
2020,WFP,Russian Federation,LLC ABAKAN AIR,"Transportation, Storage, Mail Services",379340.0,WFP-2020-fff5b3473842
2020,WFP,Russian Federation,LLC ABAKAN AIR,"Transportation, Storage, Mail Services",379340.0,WFP-2020-ead82c6d01de
2020,WFP,Russian Federation,LLC ABAKAN AIR,"Transportation, Storage, Mail Services",368953.06,WFP-2020-aa6b4975eb16
2020,WFP,Russian Federation,LLC ABAKAN AIR,Food and Beverage Products,155250.0,WFP-2020-a74c814f52ea
2020,WFP,Russian Federation,LLC ABAKAN AIR,Financial and Insurance Services,7000.0,WFP-2020-f58f202377a0
2020,WFP,Russian Federation,LLC ABAKAN AIR,Financial and Insurance Services,7000.0,WFP-2020-c2291d182bde
2020,WFP,Russian Federation,LLC ABAKAN AIR,Financial and Insurance Services,7000.0,WFP-2020-b341e8cfad9e
2020,WFP,Russian Federation,LLC ABAKAN AIR,Financial and Insurance Services,7000.0,WFP-2020-1db4042feba5
2020,WFP,Russian Federation,LLC ABAKAN AIR,Financial and Insurance Services,2500.0,WFP-2020-18a54a34ea34
2020,WFP,Russian Federation,LLC ABAKAN AIR,Financial and Insurance Services,2500.0,WFP-2020-9008e7d10172
2020,WFP,Russian Federation,LLC ABAKAN AIR,Financial and Insurance Services,2500.0,WFP-2020-bcb20c34b84c
2020,WFP,Russian Federation,LLC ABAKAN AIR,Financial and Insurance Services,2500.0,WFP-2020-eed6937cd47c
2020,WFP,Russian Federation,LLC ABAKAN AIR,Financial and Insurance Services,2500.0,WFP-2020-dd99a8cb8b18
2020,WFP,Russian Federation,LLC ABAKAN AIR,Financial and Insurance Services,2500.0,WFP-2020-9c0a086b1188
2020,WFP,Russian Federation,LLC ABAKAN AIR,Financial and Insurance Services,2500.0,WFP-2020-ead82c6d01de
2020,WFP,Russian Federation,LLC ABAKAN AIR,Financial and Insurance Services,2500.0,WFP-2020-4e2512e73946
2020,WFP,Russian Federation,LLC ABAKAN AIR,Financial and Insurance Services,2500.0,WFP-2020-d6058e2d1a15
2020,WFP,Russian Federation,LLC ABAKAN AIR,Financial and Insurance Services,2500.0,WFP-2020-f26d15b27581
2020,WFP,Russian Federation,LLC ABAKAN AIR,Financial and Insurance Services,2500.0,WFP-2020-bec57d2aa246
2020,WFP,Russian Federation,LLC ABAKAN AIR,Financial and Insurance Services,2500.0,WFP-2020-88e8a5eca251
2020,WFP,Russian Federation,LLC ABAKAN AIR,Financial and Insurance Services,2500.0,WFP-2020-9880d29aea29
2020,WFP,Russian Federation,LLC ABAKAN AIR,Financial and Insurance Services,2500.0,WFP-2020-b822cb2b0ecc
2020,WFP,Russian Federation,LLC ABAKAN AIR,Financial and Insurance Services,2500.0,WFP-2020-e8f36d685ac8
2020,WFP,Russian Federation,LLC ABAKAN AIR,Financial and Insurance Services,2500.0,WFP-2020-f9a74045f038
2020,WFP,Russian Federation,LLC ABAKAN AIR,Financial and Insurance Services,2500.0,WFP-2020-ec380320b6d9
2020,WFP,Russian Federation,LLC ABAKAN AIR,Financial and Insurance Services,2500.0,WFP-2020-ab09a98bf758
2020,WFP,Russian Federation,LLC ABAKAN AIR,Financial and Insurance Services,2500.0,WFP-2020-ea6388808daa
2020,WFP,Russian Federation,LLC ABAKAN AIR,Financial and Insurance Services,2500.0,WFP-2020-563f266609f1
2020,WFP,Russian Federation,LLC ABAKAN AIR,Financial and Insurance Services,2500.0,WFP-2020-90a7628b8df2
2020,WFP,Russian Federation,LLC ABAKAN AIR,Financial and Insurance Services,2500.0,WFP-2020-fff5b3473842
2020,WFP,Russian Federation,LLC ABAKAN AIR,Financial and Insurance Services,2500.0,WFP-2020-5b1c32300cc9
2020,WFP,Russian Federation,LLC ABAKAN AIR,Financial and Insurance Services,2419.35,WFP-2020-aa6b4975eb16
2021,WFP,Russian Federation,LLC ABAKAN AIR,Food and Beverage Products,3460833.0,WFP-2021-393b5ab25b25
2021,WFP,Russian Federation,LLC ABAKAN AIR,Food and Beverage Products,2396520.0,WFP-2021-dadf113e0f7e
2021,WFP,Russian Federation,LLC ABAKAN AIR,"Transportation, Storage, Mail Services",690180.0,WFP-2021-71754c69913b
2021,WFP,Russian Federation,LLC ABAKAN AIR,"Transportation, Storage, Mail Services",690180.0,WFP-2021-0c4c47645e09
2021,WFP,Russian Federation,LLC ABAKAN AIR,"Transportation, Storage, Mail Services",690180.0,WFP-2021-49a2d94f9455
2021,WFP,Russian Federation,LLC ABAKAN AIR,"Transportation, Storage, Mail Services",690180.0,WFP-2021-672c8ff9e7c8
2021,WFP,Russian Federation,LLC ABAKAN AIR,"Transportation, Storage, Mail Services",690180.0,WFP-2021-de5ba133671e
2021,WFP,Russian Federation,LLC ABAKAN AIR,"Transportation, Storage, Mail Services",690180.0,WFP-2021-8ad9798a1db4
2021,WFP,Russian Federation,LLC ABAKAN AIR,"Transportation, Storage, Mail Services",690180.0,WFP-2021-351e76df6d05
2021,WFP,Russian Federation,LLC ABAKAN AIR,"Transportation, Storage, Mail Services",690180.0,WFP-2021-0ec727fd9183
2021,WFP,Russian Federation,LLC ABAKAN AIR,"Transportation, Storage, Mail Services",690180.0,WFP-2021-94c4420d7206
2021,WFP,Russian Federation,LLC ABAKAN AIR,"Transportation, Storage, Mail Services",690180.0,WFP-2021-517990deadea
2021,WFP,Russian Federation,LLC ABAKAN AIR,"Transportation, Storage, Mail Services",432530.0,WFP-2021-24a2ce9eb5e0
2021,WFP,Russian Federation,LLC ABAKAN AIR,"Transportation, Storage, Mail Services",419760.0,WFP-2021-c004696ae22d
2021,WFP,Russian Federation,LLC ABAKAN AIR,"Transportation, Storage, Mail Services",419760.0,WFP-2021-57e3b41ade08
2021,WFP,Russian Federation,LLC ABAKAN AIR,"Transportation, Storage, Mail Services",419760.0,WFP-2021-47b52869217f
2021,WFP,Russian Federation,LLC ABAKAN AIR,"Transportation, Storage, Mail Services",419760.0,WFP-2021-9c14dbe52a70
2021,WFP,Russian Federation,LLC ABAKAN AIR,"Transportation, Storage, Mail Services",419760.0,WFP-2021-eb3e685b8d34
2021,WFP,Russian Federation,LLC ABAKAN AIR,"Transportation, Storage, Mail Services",419760.0,WFP-2021-77b235953e7e
2021,WFP,Russian Federation,LLC ABAKAN AIR,"Transportation, Storage, Mail Services",419760.0,WFP-2021-8ae818c8ff3e
2021,WFP,Russian Federation,LLC ABAKAN AIR,"Transportation, Storage, Mail Services",419760.0,WFP-2021-e895b87b7c7e
2021,WFP,Russian Federation,LLC ABAKAN AIR,"Transportation, Storage, Mail Services",419760.0,WFP-2021-eb8eff3824bf
2021,WFP,Russian Federation,LLC ABAKAN AIR,"Transportation, Storage, Mail Services",419760.0,WFP-2021-5080645b766b
2021,WFP,Russian Federation,LLC ABAKAN AIR,"Transportation, Storage, Mail Services",406210.06,WFP-2021-6cd7c601ed44
2021,WFP,Russian Federation,LLC ABAKAN AIR,"Transportation, Storage, Mail Services",336000.0,WFP-2021-cc621974abc0
2021,WFP,Russian Federation,LLC ABAKAN AIR,"Transportation, Storage, Mail Services",185700.0,WFP-2021-31b42fafcec2
2021,WFP,Russian Federation,LLC ABAKAN AIR,"Transportation, Storage, Mail Services",185700.0,WFP-2021-59209a8cd1c8
2021,WFP,Russian Federation,LLC ABAKAN AIR,"Transportation, Storage, Mail Services",185700.0,WFP-2021-17d8d1f21e31
2021,WFP,Russian Federation,LLC ABAKAN AIR,"Transportation, Storage, Mail Services",185700.0,WFP-2021-ab5585069f06
2021,WFP,Russian Federation,LLC ABAKAN AIR,"Transportation, Storage, Mail Services",185700.0,WFP-2021-9ee08b90f8e4
2021,WFP,Russian Federation,LLC ABAKAN AIR,"Transportation, Storage, Mail Services",158900.0,WFP-2021-5682e1b00de4
2021,WFP,Russian Federation,LLC ABAKAN AIR,"Transportation, Storage, Mail Services",158900.0,WFP-2021-05a5f15b8a11
2021,WFP,Russian Federation,LLC ABAKAN AIR,"Transportation, Storage, Mail Services",158900.0,WFP-2021-fa97a3194e4e
2021,WFP,Russian Federation,LLC ABAKAN AIR,"Transportation, Storage, Mail Services",158900.0,WFP-2021-161c214baa5b
2021,WFP,Russian Federation,LLC ABAKAN AIR,"Transportation, Storage, Mail Services",158900.0,WFP-2021-ce65d7dcd386
2021,WFP,Russian Federation,LLC ABAKAN AIR,"Transportation, Storage, Mail Services",119800.79,WFP-2021-c4e4f0b97f47
2021,WFP,Russian Federation,LLC ABAKAN AIR,"Transportation, Storage, Mail Services",102511.8,WFP-2021-d32c5fecd2f3
2021,WFP,Russian Federation,LLC ABAKAN AIR,"Transportation, Storage, Mail Services",88247.0,WFP-2021-6b8cf782ce70
2021,WFP,Russian Federation,LLC ABAKAN AIR,"Transportation, Storage, Mail Services",80864.0,WFP-2021-331516373b01
2021,WFP,Russian Federation,LLC ABAKAN AIR,"Transportation, Storage, Mail Services",56388.2,WFP-2021-51ca4c594f08
2021,WFP,Russian Federation,LLC ABAKAN AIR,"Transportation, Storage, Mail Services",41400.0,WFP-2021-edd67b4723df
2021,WFP,Russian Federation,LLC ABAKAN AIR,Financial and Insurance Services,7000.0,WFP-2021-517990deadea
2021,WFP,Russian Federation,LLC ABAKAN AIR,Financial and Insurance Services,7000.0,WFP-2021-0ec727fd9183
2021,WFP,Russian Federation,LLC ABAKAN AIR,Financial and Insurance Services,7000.0,WFP-2021-351e76df6d05
2021,WFP,Russian Federation,LLC ABAKAN AIR,Financial and Insurance Services,7000.0,WFP-2021-8ad9798a1db4
2021,WFP,Russian Federation,LLC ABAKAN AIR,Financial and Insurance Services,7000.0,WFP-2021-672c8ff9e7c8
2021,WFP,Russian Federation,LLC ABAKAN AIR,Financial and Insurance Services,7000.0,WFP-2021-71754c69913b
2021,WFP,Russian Federation,LLC ABAKAN AIR,Financial and Insurance Services,7000.0,WFP-2021-94c4420d7206
2021,WFP,Russian Federation,LLC ABAKAN AIR,Financial and Insurance Services,7000.0,WFP-2021-de5ba133671e
2021,WFP,Russian Federation,LLC ABAKAN AIR,Financial and Insurance Services,7000.0,WFP-2021-0c4c47645e09
2021,WFP,Russian Federation,LLC ABAKAN AIR,Financial and Insurance Services,7000.0,WFP-2021-49a2d94f9455
2021,WFP,Russian Federation,LLC ABAKAN AIR,Financial and Insurance Services,2500.0,WFP-2021-eb8eff3824bf
2021,WFP,Russian Federation,LLC ABAKAN AIR,Financial and Insurance Services,2500.0,WFP-2021-47b52869217f
2021,WFP,Russian Federation,LLC ABAKAN AIR,Financial and Insurance Services,2500.0,WFP-2021-c004696ae22d
2021,WFP,Russian Federation,LLC ABAKAN AIR,Financial and Insurance Services,2500.0,WFP-2021-ab5585069f06
2021,WFP,Russian Federation,LLC ABAKAN AIR,Financial and Insurance Services,2500.0,WFP-2021-9c14dbe52a70
2021,WFP,Russian Federation,LLC ABAKAN AIR,Financial and Insurance Services,2500.0,WFP-2021-5080645b766b
2021,WFP,Russian Federation,LLC ABAKAN AIR,Financial and Insurance Services,2500.0,WFP-2021-9ee08b90f8e4
2021,WFP,Russian Federation,LLC ABAKAN AIR,Financial and Insurance Services,2500.0,WFP-2021-8ae818c8ff3e
2021,WFP,Russian Federation,LLC ABAKAN AIR,Financial and Insurance Services,2500.0,WFP-2021-fa97a3194e4e
2021,WFP,Russian Federation,LLC ABAKAN AIR,Financial and Insurance Services,2500.0,WFP-2021-161c214baa5b
2021,WFP,Russian Federation,LLC ABAKAN AIR,Financial and Insurance Services,2500.0,WFP-2021-57e3b41ade08
2021,WFP,Russian Federation,LLC ABAKAN AIR,Financial and Insurance Services,2500.0,WFP-2021-e895b87b7c7e
2021,WFP,Russian Federation,LLC ABAKAN AIR,Financial and Insurance Services,2500.0,WFP-2021-59209a8cd1c8
2021,WFP,Russian Federation,LLC ABAKAN AIR,Financial and Insurance Services,2500.0,WFP-2021-05a5f15b8a11
2021,WFP,Russian Federation,LLC ABAKAN AIR,Financial and Insurance Services,2500.0,WFP-2021-17d8d1f21e31
2021,WFP,Russian Federation,LLC ABAKAN AIR,Financial and Insurance Services,2500.0,WFP-2021-ce65d7dcd386
2021,WFP,Russian Federation,LLC ABAKAN AIR,Financial and Insurance Services,2500.0,WFP-2021-77b235953e7e
2021,WFP,Russian Federation,LLC ABAKAN AIR,Financial and Insurance Services,2500.0,WFP-2021-eb3e685b8d34
2021,WFP,Russian Federation,LLC ABAKAN AIR,Financial and Insurance Services,2500.0,WFP-2021-cc621974abc0
2021,WFP,Russian Federation,LLC ABAKAN AIR,Financial and Insurance Services,2500.0,WFP-2021-5682e1b00de4
2021,WFP,Russian Federation,LLC ABAKAN AIR,Financial and Insurance Services,2500.0,WFP-2021-31b42fafcec2
2021,WFP,Russian Federation,LLC ABAKAN AIR,Financial and Insurance Services,2419.35,WFP-2021-6cd7c601ed44
2021,WFP,Russian Federation,LLC ABAKAN AIR,Financial and Insurance Services,1612.9,WFP-2021-c4e4f0b97f47
2021,WFP,Russian Federation,LLC ABAKAN AIR,Financial and Insurance Services,1612.9,WFP-2021-d32c5fecd2f3
2021,WFP,Russian Federation,LLC ABAKAN AIR,Financial and Insurance Services,887.1,WFP-2021-51ca4c594f08
2022,WFP,Russian Federation,LLC ABAKAN AIR,Food and Beverage Products,9426480.0,WFP-2022-9bf934456ec2
2022,WFP,Russian Federation,LLC ABAKAN AIR,Food and Beverage Products,4824000.0,WFP-2022-0455168cf998
2022,WFP,Russian Federation,LLC ABAKAN AIR,Food and Beverage Products,4500000.0,WFP-2022-bccbeda56557
2022,WFP,Russian Federation,LLC ABAKAN AIR,Food and Beverage Products,1060294.22,WFP-2022-e48db070b4ea
2022,WFP,Russian Federation,LLC ABAKAN AIR,"Transportation, Storage, Mail Services",690180.0,WFP-2022-59583338ccad
2022,WFP,Russian Federation,LLC ABAKAN AIR,"Transportation, Storage, Mail Services",690180.0,WFP-2022-c29c509fc952
2022,WFP,Russian Federation,LLC ABAKAN AIR,"Transportation, Storage, Mail Services",690180.0,WFP-2022-ef7c65f4fa88
2022,WFP,Russian Federation,LLC ABAKAN AIR,"Transportation, Storage, Mail Services",690180.0,WFP-2022-59edf31b90be
2022,WFP,Russian Federation,LLC ABAKAN AIR,"Transportation, Storage, Mail Services",690180.0,WFP-2022-7aea284ebecf
2022,WFP,Russian Federation,LLC ABAKAN AIR,"Transportation, Storage, Mail Services",690180.0,WFP-2022-225d7188077e
2022,WFP,Russian Federation,LLC ABAKAN AIR,"Transportation, Storage, Mail Services",667899.0,WFP-2022-3925a3ef18af
2022,WFP,Russian Federation,LLC ABAKAN AIR,"Transportation, Storage, Mail Services",419760.0,WFP-2022-9e75be2c6c42
2022,WFP,Russian Federation,LLC ABAKAN AIR,"Transportation, Storage, Mail Services",419760.0,WFP-2022-7593089be748
2022,WFP,Russian Federation,LLC ABAKAN AIR,"Transportation, Storage, Mail Services",419760.0,WFP-2022-15517a4e08cc
2022,WFP,Russian Federation,LLC ABAKAN AIR,"Transportation, Storage, Mail Services",419760.0,WFP-2022-bf6704c5a6d1
2022,WFP,Russian Federation,LLC ABAKAN AIR,"Transportation, Storage, Mail Services",419760.0,WFP-2022-1c840f9c1592
2022,WFP,Russian Federation,LLC ABAKAN AIR,"Transportation, Storage, Mail Services",419760.0,WFP-2022-ea2eefa6f24d
2022,WFP,Russian Federation,LLC ABAKAN AIR,"Transportation, Storage, Mail Services",419760.0,WFP-2022-be7773970059
2022,WFP,Russian Federation,LLC ABAKAN AIR,"Transportation, Storage, Mail Services",419760.0,WFP-2022-d5fdfb359b7f
2022,WFP,Russian Federation,LLC ABAKAN AIR,"Transportation, Storage, Mail Services",419760.0,WFP-2022-5b8fbc90177f
2022,WFP,Russian Federation,LLC ABAKAN AIR,"Transportation, Storage, Mail Services",419760.0,WFP-2022-3ca6500da2e6
2022,WFP,Russian Federation,LLC ABAKAN AIR,"Transportation, Storage, Mail Services",419760.0,WFP-2022-b6706806b4f4
2022,WFP,Russian Federation,LLC ABAKAN AIR,"Transportation, Storage, Mail Services",417840.0,WFP-2022-7f2d963ab014
2022,WFP,Russian Federation,LLC ABAKAN AIR,"Transportation, Storage, Mail Services",417840.0,WFP-2022-962b46cad3f7
2022,WFP,Russian Federation,LLC ABAKAN AIR,"Transportation, Storage, Mail Services",417840.0,WFP-2022-55ae1c5cebfa
2022,WFP,Russian Federation,LLC ABAKAN AIR,"Transportation, Storage, Mail Services",417840.0,WFP-2022-054f19c801ab
2022,WFP,Russian Federation,LLC ABAKAN AIR,"Transportation, Storage, Mail Services",406210.06,WFP-2022-1bdbd807dec9
2022,WFP,Russian Federation,LLC ABAKAN AIR,"Transportation, Storage, Mail Services",405281.03,WFP-2022-a7bf4ec1c941
2022,WFP,Russian Federation,LLC ABAKAN AIR,"Transportation, Storage, Mail Services",400792.5,WFP-2022-483a5d4b19a3
2022,WFP,Russian Federation,LLC ABAKAN AIR,"Transportation, Storage, Mail Services",365608.26,WFP-2022-db86d23d3702
2022,WFP,Russian Federation,LLC ABAKAN AIR,"Transportation, Storage, Mail Services",336000.0,WFP-2022-ca48b201298a
2022,WFP,Russian Federation,LLC ABAKAN AIR,"Transportation, Storage, Mail Services",185700.0,WFP-2022-482a959f7d28
2022,WFP,Russian Federation,LLC ABAKAN AIR,"Transportation, Storage, Mail Services",185700.0,WFP-2022-88841d72da23
2022,WFP,Russian Federation,LLC ABAKAN AIR,"Transportation, Storage, Mail Services",185700.0,WFP-2022-5e330ea61603
2022,WFP,Russian Federation,LLC ABAKAN AIR,"Transportation, Storage, Mail Services",185700.0,WFP-2022-f78e9c369fea
2022,WFP,Russian Federation,LLC ABAKAN AIR,"Transportation, Storage, Mail Services",185700.0,WFP-2022-727db7b98eff
2022,WFP,Russian Federation,LLC ABAKAN AIR,"Transportation, Storage, Mail Services",185700.0,WFP-2022-60f26587e3bc
2022,WFP,Russian Federation,LLC ABAKAN AIR,"Transportation, Storage, Mail Services",185700.0,WFP-2022-d0cbf6fc8db2
2022,WFP,Russian Federation,LLC ABAKAN AIR,"Transportation, Storage, Mail Services",113811.72,WFP-2022-211afbed8109
2022,WFP,Russian Federation,LLC ABAKAN AIR,"Transportation, Storage, Mail Services",105000.0,WFP-2022-191cdfdc716b
2022,WFP,Russian Federation,LLC ABAKAN AIR,"Transportation, Storage, Mail Services",83760.0,WFP-2022-2d66b67c775b
2022,WFP,Russian Federation,LLC ABAKAN AIR,"Transportation, Storage, Mail Services",66857.28,WFP-2022-4be2376dc416
2022,WFP,Russian Federation,LLC ABAKAN AIR,"Transportation, Storage, Mail Services",65899.21,WFP-2022-1b458eb875ee
2022,WFP,Russian Federation,LLC ABAKAN AIR,Financial and Insurance Services,7000.0,WFP-2022-59edf31b90be
2022,WFP,Russian Federation,LLC ABAKAN AIR,Financial and Insurance Services,7000.0,WFP-2022-225d7188077e
2022,WFP,Russian Federation,LLC ABAKAN AIR,Financial and Insurance Services,7000.0,WFP-2022-7aea284ebecf
2022,WFP,Russian Federation,LLC ABAKAN AIR,Financial and Insurance Services,7000.0,WFP-2022-ef7c65f4fa88
2022,WFP,Russian Federation,LLC ABAKAN AIR,Financial and Insurance Services,7000.0,WFP-2022-c29c509fc952
2022,WFP,Russian Federation,LLC ABAKAN AIR,Financial and Insurance Services,7000.0,WFP-2022-59583338ccad
2022,WFP,Russian Federation,LLC ABAKAN AIR,Financial and Insurance Services,6774.0,WFP-2022-3925a3ef18af
2022,WFP,Russian Federation,LLC ABAKAN AIR,Financial and Insurance Services,4064.52,WFP-2022-483a5d4b19a3
2022,WFP,Russian Federation,LLC ABAKAN AIR,Financial and Insurance Services,2500.0,WFP-2022-5b8fbc90177f
2022,WFP,Russian Federation,LLC ABAKAN AIR,Financial and Insurance Services,2500.0,WFP-2022-054f19c801ab
2022,WFP,Russian Federation,LLC ABAKAN AIR,Financial and Insurance Services,2500.0,WFP-2022-962b46cad3f7
2022,WFP,Russian Federation,LLC ABAKAN AIR,Financial and Insurance Services,2500.0,WFP-2022-55ae1c5cebfa
2022,WFP,Russian Federation,LLC ABAKAN AIR,Financial and Insurance Services,2500.0,WFP-2022-9e75be2c6c42
2022,WFP,Russian Federation,LLC ABAKAN AIR,Financial and Insurance Services,2500.0,WFP-2022-60f26587e3bc
2022,WFP,Russian Federation,LLC ABAKAN AIR,Financial and Insurance Services,2500.0,WFP-2022-3ca6500da2e6
2022,WFP,Russian Federation,LLC ABAKAN AIR,Financial and Insurance Services,2500.0,WFP-2022-5e330ea61603
2022,WFP,Russian Federation,LLC ABAKAN AIR,Financial and Insurance Services,2500.0,WFP-2022-ea2eefa6f24d
2022,WFP,Russian Federation,LLC ABAKAN AIR,Financial and Insurance Services,2500.0,WFP-2022-d5fdfb359b7f
2022,WFP,Russian Federation,LLC ABAKAN AIR,Financial and Insurance Services,2500.0,WFP-2022-7f2d963ab014
2022,WFP,Russian Federation,LLC ABAKAN AIR,Financial and Insurance Services,2500.0,WFP-2022-88841d72da23
2022,WFP,Russian Federation,LLC ABAKAN AIR,Financial and Insurance Services,2500.0,WFP-2022-d0cbf6fc8db2
2022,WFP,Russian Federation,LLC ABAKAN AIR,Financial and Insurance Services,2500.0,WFP-2022-ca48b201298a
2022,WFP,Russian Federation,LLC ABAKAN AIR,Financial and Insurance Services,2500.0,WFP-2022-15517a4e08cc
2022,WFP,Russian Federation,LLC ABAKAN AIR,Financial and Insurance Services,2500.0,WFP-2022-be7773970059
2022,WFP,Russian Federation,LLC ABAKAN AIR,Financial and Insurance Services,2500.0,WFP-2022-bf6704c5a6d1
2022,WFP,Russian Federation,LLC ABAKAN AIR,Financial and Insurance Services,2500.0,WFP-2022-b6706806b4f4
2022,WFP,Russian Federation,LLC ABAKAN AIR,Financial and Insurance Services,2500.0,WFP-2022-f78e9c369fea
2022,WFP,Russian Federation,LLC ABAKAN AIR,Financial and Insurance Services,2500.0,WFP-2022-482a959f7d28
2022,WFP,Russian Federation,LLC ABAKAN AIR,Financial and Insurance Services,2500.0,WFP-2022-7593089be748
2022,WFP,Russian Federation,LLC ABAKAN AIR,Financial and Insurance Services,2500.0,WFP-2022-727db7b98eff
2022,WFP,Russian Federation,LLC ABAKAN AIR,Financial and Insurance Services,2500.0,WFP-2022-1c840f9c1592
2022,WFP,Russian Federation,LLC ABAKAN AIR,Financial and Insurance Services,2419.36,WFP-2022-a7bf4ec1c941
2022,WFP,Russian Federation,LLC ABAKAN AIR,Financial and Insurance Services,2419.35,WFP-2022-1bdbd807dec9
2022,WFP,Russian Federation,LLC ABAKAN AIR,Financial and Insurance Services,2177.42,WFP-2022-db86d23d3702
2022,WFP,Russian Federation,LLC ABAKAN AIR,Financial and Insurance Services,1532.26,WFP-2022-211afbed8109
2022,WFP,Russian Federation,LLC ABAKAN AIR,Financial and Insurance Services,967.74,WFP-2022-4be2376dc416
2022,WFP,Russian Federation,LLC ABAKAN AIR,Financial and Insurance Services,887.1,WFP-2022-1b458eb875ee
2023,WFP,Russian Federation,LLC ABAKAN AIR,Food and Beverage Products,3422889.0,WFP-2023-d7d5ee0e8f12
2023,WFP,Russian Federation,LLC ABAKAN AIR,Food and Beverage Products,3117324.0,WFP-2023-3ac7dc5fb72f
2023,WFP,Russian Federation,LLC ABAKAN AIR,Food and Beverage Products,2650500.0,WFP-2023-024f3bd7194f
2023,WFP,Russian Federation,LLC ABAKAN AIR,Food and Beverage Products,2060060.0,WFP-2023-5dc5b4c1985a
2023,WFP,Russian Federation,LLC ABAKAN AIR,"Transportation, Storage, Mail Services",1109940.0,WFP-2023-8aa764988c0c
2023,WFP,Russian Federation,LLC ABAKAN AIR,"Transportation, Storage, Mail Services",690180.0,WFP-2023-6bea4b2da7a9
2023,WFP,Russian Federation,LLC ABAKAN AIR,"Transportation, Storage, Mail Services",601144.5,WFP-2023-aa0a4147ccef
2023,WFP,Russian Federation,LLC ABAKAN AIR,"Transportation, Storage, Mail Services",419760.0,WFP-2023-9daa8d714abf
2023,WFP,Russian Federation,LLC ABAKAN AIR,"Transportation, Storage, Mail Services",365608.26,WFP-2023-ac41a75eb2be
2023,WFP,Russian Federation,LLC ABAKAN AIR,"Transportation, Storage, Mail Services",235270.0,WFP-2023-364c474de884
2023,WFP,Russian Federation,LLC ABAKAN AIR,"Transportation, Storage, Mail Services",70350.0,WFP-2023-46fdf3825f16
2023,WFP,Russian Federation,LLC ABAKAN AIR,Financial and Insurance Services,9500.0,WFP-2023-8aa764988c0c
2023,WFP,Russian Federation,LLC ABAKAN AIR,Financial and Insurance Services,7000.0,WFP-2023-6bea4b2da7a9
2023,WFP,Russian Federation,LLC ABAKAN AIR,Financial and Insurance Services,6096.77,WFP-2023-aa0a4147ccef
2023,WFP,Russian Federation,LLC ABAKAN AIR,Financial and Insurance Services,2500.0,WFP-2023-9daa8d714abf
2023,WFP,Russian Federation,LLC ABAKAN AIR,Financial and Insurance Services,2177.42,WFP-2023-ac41a75eb2be
2024,WFP,Russian Federation,LLC ABAKAN AIR,Food and Beverage Products,3417500.0,WFP-2024-701daf5e166e
2024,WFP,Russian Federation,LLC ABAKAN AIR,Food and Beverage Products,1449000.0,WFP-2024-df76e5d76fe2
2021,UNDP,Russian Federation,LLC ACCELERATOR IIDF,Education and Training Services,40034.0,UNDP-2021-f2eaea764b5d
2021,UN Secretariat,Russian Federation,LLC AIRCOMPANY IKAR,"Transportation, Storage, Mail Services",199000.0,UN Secretariat-2021-42fa1a08b957
2021,UNOV,Russian Federation,LLC ANIMAL TRIPS,"Transportation, Storage, Mail Services",40100.0,UNOV-2021-3924f82651a1
2020,UNDP,Russian Federation,LLC BRAND MASTER,Laboratory and Testing Equipment,67775.0,UNDP-2020-39725e3261f1
2022,UNDP,Russian Federation,LLC BRAND MASTER,Industrial Manufacturing Services,256842.5,UNDP-2022-00aa5aaf67ee
2016,WHO,Russian Federation,LLC CYBM VOZNESENSKIY HOTEL LEASING,Engineering and Research Services,55717.6,WHO-2016-690d66bacf5c
2018,WHO,Russian Federation,LLC CYBM VOZNESENSKIY HOTEL LEASING,"Travel, Food and Lodging",34338.31,WHO-2018-06740279c1d9
2021,ITC,Russian Federation,LLC DZHEYSI,Engineering and Research Services,120000.0,ITC-2021-01acefa9b457
2019,UNDP,Russian Federation,LLC ETALON,"Transportation, Storage, Mail Services",64155.99,UNDP-2019-a42da8a1bfb0
2015,UNIDO,Russian Federation,LLC ETALON TC,Laboratory and Testing Equipment,24092.25,UNIDO-2015-1b6ca8089b60
2015,UNIDO,Russian Federation,LLC ETALON TC,"Transportation, Storage, Mail Services",5691.09,UNIDO-2015-1b6ca8089b60
2015,UNIDO,Russian Federation,LLC ETALON TC,IT and Communications Equipment,4303.3,UNIDO-2015-1b6ca8089b60
2015,UNIDO,Russian Federation,LLC ETALON TC,Power Generation Machinery,2224.34,UNIDO-2015-1b6ca8089b60
2015,UNIDO,Russian Federation,LLC ETALON TC,"Printing, Photo and AV Equipment",1000.0,UNIDO-2015-1b6ca8089b60
2015,UNIDO,Russian Federation,LLC ETALON TC,Distribution Equipment,259.65,UNIDO-2015-1b6ca8089b60
2022,UNDP,Russian Federation,LLC GORNOLIZHNIY MIR,Industrial Manufacturing Services,60805.0,UNDP-2022-871ddfa95126
2020,WHO,Russian Federation,LLC HOTEL MANAGEMENT COMPANY,Management and Admin Services,57444.7,WHO-2020-1927f40acdfa
2021,UNFPA,Russian Federation,LLC INNOWAVE AP,IT and Communications Equipment,99500.0,UNFPA-2021-502e3d972ac0
2017,UNIDO,Russian Federation,LLC IRVEN GROUP,"Travel, Food and Lodging",40497.9,UNIDO-2017-6e5deb568fa3
2018,UNIDO,Russian Federation,LLC JV SODRUZHESTVO,Management and Admin Services,148300.0,UNIDO-2018-78cd8d190d24
2019,UNDP,Russian Federation,LLC NEXTGIS,Management and Admin Services,50100.0,UNDP-2019-e94af2315710
2019,UNDP,Russian Federation,LLC SPARES,"Printing, Photo and AV Equipment",76696.0,UNDP-2019-db99ae4b52b1
2017,UN Secretariat,Russian Federation,"LLC""""IKAR""""","Transportation, Storage, Mail Services",1637687.0,UN Secretariat-2017-6438eb868996
2017,UN Secretariat,Russian Federation,"LLC""""IKAR""""","Transportation, Storage, Mail Services",1361718.0,UN Secretariat-2017-692be329c9a9
2017,UN Secretariat,Russian Federation,"LLC""""IKAR""""","Transportation, Storage, Mail Services",812237.0,UN Secretariat-2017-c44393228416
2017,UN Secretariat,Russian Federation,"LLC""""IKAR""""","Transportation, Storage, Mail Services",171314.0,UN Secretariat-2017-4adff05f3022
2018,UNDP,Russian Federation,LLP “SCIENTIFIC INDUSTRIAL ENTERPRISE VO,Management and Admin Services,34000.0,UNDP-2018-c2d681b9e9a0
2017,UNHCR,Russian Federation,LOGISTIKDON LTD,"Structures, Construction Components",833000.0,UNHCR-2017-dff7075a4707
2017,UNHCR,Russian Federation,LOGISTIKDON LTD,Building and Maintenance Services,200000.0,UNHCR-2017-28a4322e4246
2018,UNHCR,Russian Federation,LOGISTIKDON LTD,"Structures, Construction Components",132601.21,UNHCR-2018-eee739d84960
2018,UNHCR,Russian Federation,LOGISTIKDON LTD,Building and Maintenance Services,56829.09,UNHCR-2018-eee739d84960
2017,UNOG,Russian Federation,"LTD """"STROYENERGOTECHNIKA""""",Laboratory and Testing Equipment,43764.02,UNOG-2017-b451e1023e6d
2022,UNDP,Russian Federation,LUDI LIMITED LIABILITY COMPANY,Engineering and Research Services,74273.36,UNDP-2022-518ebf688fb6
2022,WHO,Russian Federation,MAIN ADMINISTRATION FOR SERVICE TO THE DIPLOMATIC CORPS (GLAVUPDK),Management and Admin Services,405012.0,WHO-2022-802bc2464c86
2022,WHO,Russian Federation,MAIN ADMINISTRATION FOR SERVICE TO THE DIPLOMATIC CORPS (GLAVUPDK),Management and Admin Services,405012.0,WHO-2022-2a5b1c780c87
2022,WHO,Russian Federation,MAIN ADMINISTRATION FOR SERVICE TO THE DIPLOMATIC CORPS (GLAVUPDK),Management and Admin Services,390023.67,WHO-2022-82098da5b211
2022,WHO,Russian Federation,MAIN ADMINISTRATION FOR SERVICE TO THE DIPLOMATIC CORPS (GLAVUPDK),Management and Admin Services,385142.55,WHO-2022-5a5af02e3dd5
2022,WHO,Russian Federation,MAIN ADMINISTRATION FOR SERVICE TO THE DIPLOMATIC CORPS (GLAVUPDK),Management and Admin Services,234541.25,WHO-2022-2b114a238de2
2022,UNAIDS,Russian Federation,MAIN ADMINISTRATION FOR SERVICE TO THE DIPLOMATIC CORPS (GLAVUPDK),Engineering and Research Services,53879.0,UNAIDS-2022-9b3b72996dea
2022,UNAIDS,Russian Federation,MAIN ADMINISTRATION FOR SERVICE TO THE DIPLOMATIC CORPS (GLAVUPDK),Engineering and Research Services,53611.0,UNAIDS-2022-0b5b012d516b
2022,UNAIDS,Russian Federation,MAIN ADMINISTRATION FOR SERVICE TO THE DIPLOMATIC CORPS (GLAVUPDK),Engineering and Research Services,53611.0,UNAIDS-2022-3565916c04f1
2022,UNAIDS,Russian Federation,MAIN ADMINISTRATION FOR SERVICE TO THE DIPLOMATIC CORPS (GLAVUPDK),Engineering and Research Services,53611.0,UNAIDS-2022-c495a6d9b5d4
2023,WHO,Russian Federation,MAIN ADMINISTRATION FOR SERVICE TO THE DIPLOMATIC CORPS (GLAVUPDK),Management and Admin Services,643297.04,WHO-2023-12f92ebf9717
2023,WHO,Russian Federation,MAIN ADMINISTRATION FOR SERVICE TO THE DIPLOMATIC CORPS (GLAVUPDK),Management and Admin Services,336291.89,WHO-2023-edef3bc2ea77
2023,WHO,Russian Federation,MAIN ADMINISTRATION FOR SERVICE TO THE DIPLOMATIC CORPS (GLAVUPDK),Management and Admin Services,321648.52,WHO-2023-cd85a9184ddf
2024,WHO,Russian Federation,MAIN ADMINISTRATION FOR SERVICE TO THE DIPLOMATIC CORPS (GLAVUPDK),Management and Admin Services,127843.22,WHO-2024-7e40b8c3a527
2024,WHO,Russian Federation,MAIN ADMINISTRATION FOR SERVICE TO THE DIPLOMATIC CORPS (GLAVUPDK),Management and Admin Services,40998.0,WHO-2024-d4e44ce8f5ef
2025,WHO,Russian Federation,MAIN ADMINISTRATION FOR SERVICE TO THE DIPLOMATIC CORPS (GLAVUPDK),Management and Admin Services,37296.75,WHO-2025-fdb81dfb0ed4
2025,WHO,Russian Federation,MAIN ADMINISTRATION FOR SERVICE TO THE DIPLOMATIC CORPS (GLAVUPDK),Management and Admin Services,37296.75,WHO-2025-183e5b166310
2025,WHO,Russian Federation,MAIN ADMINISTRATION FOR SERVICE TO THE DIPLOMATIC CORPS (GLAVUPDK),Management and Admin Services,37296.75,WHO-2025-7e38e4134e94
2025,WHO,Russian Federation,MAIN ADMINISTRATION FOR SERVICE TO THE DIPLOMATIC CORPS (GLAVUPDK),Management and Admin Services,37296.75,WHO-2025-dff94ef77ca5
2018,ILO,Russian Federation,MAIN ADMINISTRATION FOR SERVICE TO THE DIPLOMATIC CORPS GLAVUPDK,Management and Admin Services,303192.0,ILO-2018-db1fb10f7c7e
2018,ILO,Russian Federation,MAIN ADMINISTRATION FOR SERVICE TO THE DIPLOMATIC CORPS GLAVUPDK,Management and Admin Services,285506.6,ILO-2018-4c14dc107660
2020,ILO,Russian Federation,MAIN ADMINISTRATION FOR SERVICE TO THE DIPLOMATIC CORPS GLAVUPDK,Management and Admin Services,291064.32,ILO-2020-f557c8784a58
2021,ILO,Russian Federation,MAIN ADMINISTRATION FOR SERVICE TO THE DIPLOMATIC CORPS GLAVUPDK,Management and Admin Services,303192.0,ILO-2021-89fb0bde9cde
2021,ILO,Russian Federation,MAIN ADMINISTRATION FOR SERVICE TO THE DIPLOMATIC CORPS GLAVUPDK,Management and Admin Services,288974.32,ILO-2021-d2bbf8c86e32
2023,ILO,Russian Federation,MAIN ADMINISTRATION FOR SERVICE TO THE DIPLOMATIC CORPS GLAVUPDK,Management and Admin Services,291064.0,ILO-2023-e3b6a84057a6
2015,UNDP,Russian Federation,MAKSIMOV VITALIY VIACHESLAVOVICH,Management and Admin Services,35010.0,UNDP-2015-68328f9ee105
2018,ITC,Russian Federation,MESSE DUESSELDORF MOSCOW OOO,"Travel, Food and Lodging",34293.22,ITC-2018-6535be7410e5
2016,WHO,Russian Federation,MG SERVIS PLUS,Healthcare Services,33470.93,WHO-2016-8e78efeaf77c
2019,WHO,Russian Federation,MG SERVIS PLUS,"Travel, Food and Lodging",140369.48,WHO-2019-33ac2216f362
2015,UNIDO,Russian Federation,MIK LIMITED LIABILITY COMPANY,Laboratory and Testing Equipment,89000.0,UNIDO-2015-17bf0f70445d
2019,UNDP,Russian Federation,MLA+SPB OOO,Politics and Civic Affairs Services,45960.0,UNDP-2019-69651ee18be4
2017,ILO,Russian Federation,MOSCOW SCHOOL OF MANAGEMENT SKOLKOVO,Management and Admin Services,600000.0,ILO-2017-e19d652d0ca8
2018,UNDP,Russian Federation,MOSCOW SCHOOL OF MANAGEMENT SKOLKOVO,Education and Training Services,30000.0,UNDP-2018-b2591b8a2e21
2019,UNDP,Russian Federation,MOSCOW SCHOOL OF MANAGEMENT SKOLKOVO,Education and Training Services,60000.0,UNDP-2019-bb475f6a1fdc
2016,UPU,Russian Federation,MOSCOW TECHNICAL UNIVERSITY OF COMMUNICATIONS AND INFORMATICS,Education and Training Services,63138.24,UPU-2016-7fc702d34464
2022,UNDP,Russian Federation,MSC-EAST,Engineering and Research Services,413100.0,UNDP-2022-bb034684c4b3
2016,UNDP,Russian Federation,N.N. ZUBOV’S STATE OCEANOGRAPHIC INSTITU,Management and Admin Services,46760.0,UNDP-2016-8b87d2b09ec9
2016,UNDP,Russian Federation,N.N. ZUBOV’S STATE OCEANOGRAPHIC INSTITU,"Farming, Fishing, Forestry Services",19600.0,UNDP-2016-8b87d2b09ec9
2016,UNDP,Russian Federation,N.N. ZUBOV’S STATE OCEANOGRAPHIC INSTITU,"Transportation, Storage, Mail Services",12100.0,UNDP-2016-8b87d2b09ec9
2016,UNDP,Russian Federation,N.N. ZUBOV’S STATE OCEANOGRAPHIC INSTITU,Chemicals,12000.0,UNDP-2016-8b87d2b09ec9
2016,UNDP,Russian Federation,N.N. ZUBOV’S STATE OCEANOGRAPHIC INSTITU,Environmental Services,6333.0,UNDP-2016-8b87d2b09ec9
2024,UNDP,Russian Federation,NAFI LTD,Management and Admin Services,76988.5,UNDP-2024-8dd705f14b71
2020,WHO,Russian Federation,NAME WITHHELD FOR PRIVACY REASONS,Engineering and Research Services,80000.0,WHO-2020-c2e0bb3c7ba6
2020,UNDP,Russian Federation,NAME WITHHELD FOR PRIVACY REASONS,Management and Admin Services,71289.0,UNDP-2020-ecd6750c30c4
2020,WHO,Russian Federation,NAME WITHHELD FOR PRIVACY REASONS,Engineering and Research Services,63750.0,WHO-2020-7dbbee967940
2020,WHO,Russian Federation,NAME WITHHELD FOR PRIVACY REASONS,Management and Admin Services,61600.0,WHO-2020-611f09de9a38
2020,WHO,Russian Federation,NAME WITHHELD FOR PRIVACY REASONS,Management and Admin Services,47404.0,WHO-2020-200ab089c2a8
2020,UNDP,Russian Federation,NAME WITHHELD FOR PRIVACY REASONS,Management and Admin Services,40000.0,UNDP-2020-a0f4cc9794eb
2020,UNDP,Russian Federation,NAME WITHHELD FOR PRIVACY REASONS,Management and Admin Services,39085.15,UNDP-2020-bcc905b16e61
2020,WHO,Russian Federation,NAME WITHHELD FOR PRIVACY REASONS,Engineering and Research Services,37500.0,WHO-2020-8d95859af436
2020,WHO,Russian Federation,NAME WITHHELD FOR PRIVACY REASONS,Management and Admin Services,37500.0,WHO-2020-8d95859af436
2020,WHO,Russian Federation,NAME WITHHELD FOR PRIVACY REASONS,Management and Admin Services,37440.0,WHO-2020-2d8542e27d09
2020,UNDP,Russian Federation,NAME WITHHELD FOR PRIVACY REASONS,Management and Admin Services,36036.0,UNDP-2020-f91892b883b0
2020,UNDP,Russian Federation,NAME WITHHELD FOR PRIVACY REASONS,Management and Admin Services,36036.0,UNDP-2020-59994b52d1f8
2020,UNDP,Russian Federation,NAME WITHHELD FOR PRIVACY REASONS,Management and Admin Services,36036.0,UNDP-2020-61714d872835
2020,UNDP,Russian Federation,NAME WITHHELD FOR PRIVACY REASONS,Management and Admin Services,31900.0,UNDP-2020-0a28ae585061
2020,UNDP,Russian Federation,NAME WITHHELD FOR PRIVACY REASONS,"Travel, Food and Lodging",1255.46,UNDP-2020-bcc905b16e61
2021,UNHCR,Russian Federation,NAME WITHHELD FOR PRIVACY REASONS,"Apparel, Luggage and Personal Care",6202374.77,UNHCR-2021-7dc82dbb2e83
2021,UNHCR,Russian Federation,NAME WITHHELD FOR PRIVACY REASONS,"Apparel, Luggage and Personal Care",1781033.11,UNHCR-2021-a7e339ff11f6
2021,UNHCR,Russian Federation,NAME WITHHELD FOR PRIVACY REASONS,Distribution Equipment,407839.7,UNHCR-2021-c1c19243bddf
2021,UNHCR,Russian Federation,NAME WITHHELD FOR PRIVACY REASONS,Distribution Equipment,402364.86,UNHCR-2021-08a543bd4b94
2021,UNHCR,Russian Federation,NAME WITHHELD FOR PRIVACY REASONS,Power Generation Machinery,220380.63,UNHCR-2021-32384d62234b
2021,UNHCR,Russian Federation,NAME WITHHELD FOR PRIVACY REASONS,Power Generation Machinery,213189.19,UNHCR-2021-62e3d52b8ae6
2021,UNHCR,Russian Federation,NAME WITHHELD FOR PRIVACY REASONS,Distribution Equipment,181064.19,UNHCR-2021-a46c6f3d767f
2021,UNHCR,Russian Federation,NAME WITHHELD FOR PRIVACY REASONS,Power Generation Machinery,142495.5,UNHCR-2021-3d77583b03a4
2021,UNHCR,Russian Federation,NAME WITHHELD FOR PRIVACY REASONS,Power Generation Machinery,142272.52,UNHCR-2021-99701ee8bff2
2021,UNHCR,Russian Federation,NAME WITHHELD FOR PRIVACY REASONS,Cleaning Equipment,141959.86,UNHCR-2021-4d35f3557c4b
2021,UNHCR,Russian Federation,NAME WITHHELD FOR PRIVACY REASONS,Cleaning Equipment,116860.47,UNHCR-2021-06fffb8da828
2021,UNHCR,Russian Federation,NAME WITHHELD FOR PRIVACY REASONS,Power Generation Machinery,110079.95,UNHCR-2021-51650ba96fe6
2021,UNHCR,Russian Federation,NAME WITHHELD FOR PRIVACY REASONS,Musical Instruments and Arts and Crafts,100263.76,UNHCR-2021-8a42bd25d5de
2021,UNHCR,Russian Federation,NAME WITHHELD FOR PRIVACY REASONS,Furniture,91827.62,UNHCR-2021-c732d74489e6
2021,WHO,Russian Federation,NAME WITHHELD FOR PRIVACY REASONS,Management and Admin Services,58800.0,WHO-2021-c863aaa702fd
2021,WHO,Russian Federation,NAME WITHHELD FOR PRIVACY REASONS,Engineering and Research Services,50000.0,WHO-2021-d2a37a795e0c
2021,WHO,Russian Federation,NAME WITHHELD FOR PRIVACY REASONS,Management and Admin Services,48000.0,WHO-2021-a14f7d160670
2021,UNDP,Russian Federation,NAME WITHHELD FOR PRIVACY REASONS,Management and Admin Services,45000.0,UNDP-2021-d2b23d69d2af
2021,UNDP,Russian Federation,NAME WITHHELD FOR PRIVACY REASONS,Management and Admin Services,44070.0,UNDP-2021-164986db1806
2021,WHO,Russian Federation,NAME WITHHELD FOR PRIVACY REASONS,Engineering and Research Services,42000.0,WHO-2021-2ee935da48bf
2021,WHO,Russian Federation,NAME WITHHELD FOR PRIVACY REASONS,Engineering and Research Services,41999.98,WHO-2021-64f9cdd94f14
2021,UNDP,Russian Federation,NAME WITHHELD FOR PRIVACY REASONS,Management and Admin Services,38650.0,UNDP-2021-3ce0fe568337
2021,WHO,Russian Federation,NAME WITHHELD FOR PRIVACY REASONS,Management and Admin Services,38000.0,WHO-2021-8164bde4664d
2021,WHO,Russian Federation,NAME WITHHELD FOR PRIVACY REASONS,Engineering and Research Services,37500.0,WHO-2021-84e830c00e12
2021,UNDP,Russian Federation,NAME WITHHELD FOR PRIVACY REASONS,Financial and Insurance Services,36520.0,UNDP-2021-fc294e4749d2
2021,WHO,Russian Federation,NAME WITHHELD FOR PRIVACY REASONS,Management and Admin Services,31600.0,WHO-2021-f612dc85ef5c
2021,WHO,Russian Federation,NAME WITHHELD FOR PRIVACY REASONS,Management and Admin Services,31388.0,WHO-2021-b9ec884dc821
2021,UNDP,Russian Federation,NAME WITHHELD FOR PRIVACY REASONS,"Transportation, Storage, Mail Services",6900.0,UNDP-2021-d2b23d69d2af
2022,WHO,Russian Federation,NAME WITHHELD FOR PRIVACY REASONS,Building and Maintenance Services,1256101.0,WHO-2022-c265caf21ed3
2022,WHO,Russian Federation,NAME WITHHELD FOR PRIVACY REASONS,Building and Maintenance Services,956459.0,WHO-2022-1c85b35a514e
2022,UNDP,Russian Federation,NAME WITHHELD FOR PRIVACY REASONS,Management and Admin Services,77490.0,UNDP-2022-6932874f7691
2022,WHO,Russian Federation,NAME WITHHELD FOR PRIVACY REASONS,Management and Admin Services,66000.0,WHO-2022-e15dcca3fd33
2022,WHO,Russian Federation,NAME WITHHELD FOR PRIVACY REASONS,Management and Admin Services,64000.0,WHO-2022-3b1775a6b2d5
2022,WHO,Russian Federation,NAME WITHHELD FOR PRIVACY REASONS,Engineering and Research Services,51800.0,WHO-2022-9a1951f3eaff
2022,WHO,Russian Federation,NAME WITHHELD FOR PRIVACY REASONS,Engineering and Research Services,48000.0,WHO-2022-119d78a4d1a1
2022,WHO,Russian Federation,NAME WITHHELD FOR PRIVACY REASONS,Engineering and Research Services,47600.0,WHO-2022-9fd2ab8c3e0c
2022,UNDP,Russian Federation,NAME WITHHELD FOR PRIVACY REASONS,Management and Admin Services,47586.0,UNDP-2022-6ea64779436a
2022,WHO,Russian Federation,NAME WITHHELD FOR PRIVACY REASONS,Management and Admin Services,45000.0,WHO-2022-6a0d659ca36e
2022,WHO,Russian Federation,NAME WITHHELD FOR PRIVACY REASONS,Management and Admin Services,43125.0,WHO-2022-7dedba07da99
2022,UNDP,Russian Federation,NAME WITHHELD FOR PRIVACY REASONS,Management and Admin Services,42308.64,UNDP-2022-dc27b69ea73b
2022,WHO,Russian Federation,NAME WITHHELD FOR PRIVACY REASONS,Management and Admin Services,40194.0,WHO-2022-defe845c12b3
2022,WHO,Russian Federation,NAME WITHHELD FOR PRIVACY REASONS,Management and Admin Services,40000.0,WHO-2022-2da351923cd6
2022,WHO,Russian Federation,NAME WITHHELD FOR PRIVACY REASONS,Management and Admin Services,39600.0,WHO-2022-a2b34bad02f7
2022,WHO,Russian Federation,NAME WITHHELD FOR PRIVACY REASONS,Engineering and Research Services,37500.0,WHO-2022-8ef698d3815b
2022,WHO,Russian Federation,NAME WITHHELD FOR PRIVACY REASONS,Engineering and Research Services,37500.0,WHO-2022-71cd5c3187a0
2022,UN Women,Russian Federation,NAME WITHHELD FOR PRIVACY REASONS,Education and Training Services,34650.0,UN Women-2022-ed6df005f337
2022,WHO,Russian Federation,NAME WITHHELD FOR PRIVACY REASONS,Management and Admin Services,34452.0,WHO-2022-28be10aef287
2022,UNDP,Russian Federation,NAME WITHHELD FOR PRIVACY REASONS,Management and Admin Services,33000.0,UNDP-2022-6ea83175131a
2022,WHO,Russian Federation,NAME WITHHELD FOR PRIVACY REASONS,Management and Admin Services,32340.0,WHO-2022-aa3eeebe0e6e
2022,WHO,Russian Federation,NAME WITHHELD FOR PRIVACY REASONS,Engineering and Research Services,30965.0,WHO-2022-8fa239695885
2022,WHO,Russian Federation,NAME WITHHELD FOR PRIVACY REASONS,Engineering and Research Services,30227.0,WHO-2022-7d1050e3bc3d
2022,UNDP,Russian Federation,NAME WITHHELD FOR PRIVACY REASONS,Management and Admin Services,28000.0,UNDP-2022-1dcf5c47b7f9
2022,UNDP,Russian Federation,NAME WITHHELD FOR PRIVACY REASONS,"Travel, Food and Lodging",4000.0,UNDP-2022-1dcf5c47b7f9
2023,WHO,Russian Federation,NAME WITHHELD FOR PRIVACY REASONS,Engineering and Research Services,77000.0,WHO-2023-55007c8ea738
2023,WHO,Russian Federation,NAME WITHHELD FOR PRIVACY REASONS,Management and Admin Services,66000.0,WHO-2023-3546d14016f7
2023,UNDP,Russian Federation,NAME WITHHELD FOR PRIVACY REASONS,Management and Admin Services,61260.0,UNDP-2023-a3a4ae38e63a
2023,WHO,Russian Federation,NAME WITHHELD FOR PRIVACY REASONS,Engineering and Research Services,53200.0,WHO-2023-c5d914c8bd2e
2023,WHO,Russian Federation,NAME WITHHELD FOR PRIVACY REASONS,Engineering and Research Services,50000.0,WHO-2023-c8bc09e92431
2023,WHO,Russian Federation,NAME WITHHELD FOR PRIVACY REASONS,Engineering and Research Services,47000.0,WHO-2023-f0e9322ac276
2023,WHO,Russian Federation,NAME WITHHELD FOR PRIVACY REASONS,Management and Admin Services,38412.0,WHO-2023-a2caece98656
2023,WHO,Russian Federation,NAME WITHHELD FOR PRIVACY REASONS,Engineering and Research Services,35145.0,WHO-2023-8cb8c0cd398b
2023,IOM,Russian Federation,NAME WITHHELD FOR PRIVACY REASONS,Management and Admin Services,35000.0,IOM-2023-a600bd4ef46f
2023,UNDP,Russian Federation,NAME WITHHELD FOR PRIVACY REASONS,Management and Admin Services,30100.0,UNDP-2023-cdf9f73a628d
2023,WHO,Russian Federation,NAME WITHHELD FOR PRIVACY REASONS,Engineering and Research Services,30000.0,WHO-2023-d9587aa03019
2023,UNDP,Russian Federation,NAME WITHHELD FOR PRIVACY REASONS,Environmental Services,24000.0,UNDP-2023-17fb2505e8fa
2023,UNDP,Russian Federation,NAME WITHHELD FOR PRIVACY REASONS,Management and Admin Services,5100.0,UNDP-2023-17fb2505e8fa
2023,UNDP,Russian Federation,NAME WITHHELD FOR PRIVACY REASONS,"Transportation, Storage, Mail Services",3840.0,UNDP-2023-17fb2505e8fa
2023,IOM,Russian Federation,NAME WITHHELD FOR PRIVACY REASONS,Financial and Insurance Services,105.0,IOM-2023-a600bd4ef46f
2024,WHO,Russian Federation,NAME WITHHELD FOR PRIVACY REASONS,Management and Admin Services,88000.0,WHO-2024-c97d025b577b
2024,WHO,Russian Federation,NAME WITHHELD FOR PRIVACY REASONS,Engineering and Research Services,65000.0,WHO-2024-46cedc55f4f4
2024,WHO,Russian Federation,NAME WITHHELD FOR PRIVACY REASONS,Management and Admin Services,42588.56,WHO-2024-0de994e17443
2024,WHO,Russian Federation,NAME WITHHELD FOR PRIVACY REASONS,Engineering and Research Services,40000.0,WHO-2024-243d84f30e75
2024,WHO,Russian Federation,NAME WITHHELD FOR PRIVACY REASONS,Engineering and Research Services,38000.0,WHO-2024-2cfadb02d708
2025,WFP,Russian Federation,NAME WITHHELD FOR PRIVACY REASONS,Food and Beverage Products,1636569.6,WFP-2025-e3672f10bc9c
2025,WFP,Russian Federation,NAME WITHHELD FOR PRIVACY REASONS,Food and Beverage Products,1435752.0,WFP-2025-f95bafe94680
2025,WFP,Russian Federation,NAME WITHHELD FOR PRIVACY REASONS,Food and Beverage Products,1382732.4,WFP-2025-412e6375c64d
2025,WFP,Russian Federation,NAME WITHHELD FOR PRIVACY REASONS,Food and Beverage Products,1316880.0,WFP-2025-2479d31b49d7
2025,WFP,Russian Federation,NAME WITHHELD FOR PRIVACY REASONS,Food and Beverage Products,1142515.8,WFP-2025-dc3d42027542
2025,WFP,Russian Federation,NAME WITHHELD FOR PRIVACY REASONS,Food and Beverage Products,1070949.0,WFP-2025-02449c45f681
2025,WFP,Russian Federation,NAME WITHHELD FOR PRIVACY REASONS,Food and Beverage Products,812328.0,WFP-2025-fcbea2901266
2025,WFP,Russian Federation,NAME WITHHELD FOR PRIVACY REASONS,Food and Beverage Products,780450.0,WFP-2025-519f2901fda6
2025,WFP,Russian Federation,NAME WITHHELD FOR PRIVACY REASONS,Food and Beverage Products,764640.0,WFP-2025-7d2427791957
2025,WFP,Russian Federation,NAME WITHHELD FOR PRIVACY REASONS,Food and Beverage Products,609187.5,WFP-2025-58f6e7341d71
2025,WFP,Russian Federation,NAME WITHHELD FOR PRIVACY REASONS,Food and Beverage Products,595479.0,WFP-2025-33966b5e4119
2025,WFP,Russian Federation,NAME WITHHELD FOR PRIVACY REASONS,Food and Beverage Products,544628.4,WFP-2025-359f5bc03c1f
2025,WFP,Russian Federation,NAME WITHHELD FOR PRIVACY REASONS,Food and Beverage Products,541641.6,WFP-2025-2103b9bf4373
2025,WFP,Russian Federation,NAME WITHHELD FOR PRIVACY REASONS,Food and Beverage Products,506736.0,WFP-2025-15c47703f9c2
2025,WFP,Russian Federation,NAME WITHHELD FOR PRIVACY REASONS,Food and Beverage Products,499698.0,WFP-2025-f9d769accec3
2025,WFP,Russian Federation,NAME WITHHELD FOR PRIVACY REASONS,Food and Beverage Products,463900.8,WFP-2025-39c2b608e6f5
2025,WFP,Russian Federation,NAME WITHHELD FOR PRIVACY REASONS,Food and Beverage Products,443475.0,WFP-2025-59383b6f3e54
2025,WFP,Russian Federation,NAME WITHHELD FOR PRIVACY REASONS,Food and Beverage Products,405388.8,WFP-2025-a4fed27daef4
2025,WFP,Russian Federation,NAME WITHHELD FOR PRIVACY REASONS,Food and Beverage Products,399758.4,WFP-2025-34f46e5bc5a4
2025,WFP,Russian Federation,NAME WITHHELD FOR PRIVACY REASONS,Live Plant and Animal Material,385173.07,WFP-2025-9ae8ae31eeec
2025,WFP,Russian Federation,NAME WITHHELD FOR PRIVACY REASONS,Food and Beverage Products,341886.72,WFP-2025-880a4f9e4cf0
2025,WFP,Russian Federation,NAME WITHHELD FOR PRIVACY REASONS,Food and Beverage Products,241665.6,WFP-2025-401f43e521cd
2025,WFP,Russian Federation,NAME WITHHELD FOR PRIVACY REASONS,Food and Beverage Products,229521.6,WFP-2025-0d31bd2d5b13
2025,WFP,Russian Federation,NAME WITHHELD FOR PRIVACY REASONS,Food and Beverage Products,141750.0,WFP-2025-c396a7e80b2b
2025,WFP,Russian Federation,NAME WITHHELD FOR PRIVACY REASONS,Food and Beverage Products,134158.08,WFP-2025-23ba436bf86b
2025,WHO,Russian Federation,NAME WITHHELD FOR PRIVACY REASONS,Management and Admin Services,122000.0,WHO-2025-4696dbb86cac
2025,WHO,Russian Federation,NAME WITHHELD FOR PRIVACY REASONS,Engineering and Research Services,88000.0,WHO-2025-3c7b83ecc9eb
2025,WFP,Russian Federation,NAME WITHHELD FOR PRIVACY REASONS,Food and Beverage Products,84847.5,WFP-2025-ca418d5e4d78
2025,UNDP,Russian Federation,NAME WITHHELD FOR PRIVACY REASONS,Management and Admin Services,62400.0,UNDP-2025-e2f0085f2cbd
2025,UNDP,Russian Federation,NAME WITHHELD FOR PRIVACY REASONS,Management and Admin Services,62210.0,UNDP-2025-4000648cf46d
2025,WFP,Russian Federation,NAME WITHHELD FOR PRIVACY REASONS,Food and Beverage Products,59400.0,WFP-2025-4e85272c7603
2025,UNIDO,Russian Federation,NAME WITHHELD FOR PRIVACY REASONS,Politics and Civic Affairs Services,55000.0,UNIDO-2025-5d2e4953bebd
2025,UNDP,Russian Federation,NAME WITHHELD FOR PRIVACY REASONS,Management and Admin Services,47868.0,UNDP-2025-a4c51349c0b1
2025,UNDP,Russian Federation,NAME WITHHELD FOR PRIVACY REASONS,Management and Admin Services,42938.0,UNDP-2025-5868731581ac
2025,UNDP,Russian Federation,NAME WITHHELD FOR PRIVACY REASONS,Management and Admin Services,40057.0,UNDP-2025-1f246253a2af
2025,WHO,Russian Federation,NAME WITHHELD FOR PRIVACY REASONS,Engineering and Research Services,39400.0,WHO-2025-d8734e4fc946
2025,WHO,Russian Federation,NAME WITHHELD FOR PRIVACY REASONS,Engineering and Research Services,37800.02,WHO-2025-7604ba0486ed
2025,WHO,Russian Federation,NAME WITHHELD FOR PRIVACY REASONS,Engineering and Research Services,36300.04,WHO-2025-6c61a12a88a7
2025,IOM,Russian Federation,NAME WITHHELD FOR PRIVACY REASONS,"Land, Building and Structures",35986.09,IOM-2025-6a0ce53f51ce
2025,WHO,Russian Federation,NAME WITHHELD FOR PRIVACY REASONS,Management and Admin Services,33000.0,WHO-2025-58768f3055a3
2025,UNDP,Russian Federation,NAME WITHHELD FOR PRIVACY REASONS,"Transportation, Storage, Mail Services",6500.0,UNDP-2025-e2f0085f2cbd
2016,WHO,Russian Federation,NAME WITHHELD FOR SECURITY REASONS,Engineering and Research Services,50000.0,WHO-2016-47beef85a67d
2016,WHO,Russian Federation,NAME WITHHELD FOR SECURITY REASONS,Healthcare Services,47460.0,WHO-2016-66777f193986
2017,UNDP,Russian Federation,NAME WITHHELD FOR SECURITY REASONS,Management and Admin Services,48000.0,UNDP-2017-dded5a6e28ea
2018,UNDP,Russian Federation,NAME WITHHELD FOR SECURITY REASONS,Management and Admin Services,48000.0,UNDP-2018-c9650a3b41d3
2018,UNDP,Russian Federation,NAME WITHHELD FOR SECURITY REASONS,Management and Admin Services,33600.0,UNDP-2018-8dffd33de009
2018,UNDP,Russian Federation,NAME WITHHELD FOR SECURITY REASONS,Management and Admin Services,30100.0,UNDP-2018-90960201d44a
2019,UNDP,Russian Federation,NAME WITHHELD FOR SECURITY REASONS,Management and Admin Services,62350.0,UNDP-2019-8f9d362c45c8
2019,UNDP,Russian Federation,NAME WITHHELD FOR SECURITY REASONS,Management and Admin Services,54000.0,UNDP-2019-f7fdfd9da356
2019,ILO,Russian Federation,NAME WITHHELD FOR SECURITY REASONS,Management and Admin Services,45600.0,ILO-2019-1fa95dcc766d
2019,UNDP,Russian Federation,NAME WITHHELD FOR SECURITY REASONS,Management and Admin Services,43550.0,UNDP-2019-d5b5f596435a
2019,UNDP,Russian Federation,NAME WITHHELD FOR SECURITY REASONS,Management and Admin Services,40200.0,UNDP-2019-2aa88809f3a3
2019,UNDP,Russian Federation,NAME WITHHELD FOR SECURITY REASONS,Management and Admin Services,39520.0,UNDP-2019-c6c04138751b
2019,UNDP,Russian Federation,NAME WITHHELD FOR SECURITY REASONS,Management and Admin Services,36400.0,UNDP-2019-5c37381d2655
2019,UNDP,Russian Federation,NAME WITHHELD FOR SECURITY REASONS,Management and Admin Services,35398.0,UNDP-2019-6c0f178fa5f6
2019,UNDP,Russian Federation,NAME WITHHELD FOR SECURITY REASONS,Management and Admin Services,33000.0,UNDP-2019-13e1e970edca
2019,UNDP,Russian Federation,NAME WITHHELD FOR SECURITY REASONS,"Travel, Food and Lodging",23800.0,UNDP-2019-2aa88809f3a3
2019,UNDP,Russian Federation,NAME WITHHELD FOR SECURITY REASONS,"Travel, Food and Lodging",14740.0,UNDP-2019-8f9d362c45c8
2019,UNDP,Russian Federation,NAME WITHHELD FOR SECURITY REASONS,"Transportation, Storage, Mail Services",5400.0,UNDP-2019-13e1e970edca
2020,ILO,Russian Federation,NAME WITHHELD FOR SECURITY REASONS,Management and Admin Services,56000.0,ILO-2020-1f04dfbc6e76
2020,ILO,Russian Federation,NAME WITHHELD FOR SECURITY REASONS,Public Order and Security Services,44889.58,ILO-2020-2df2afac4abe
2022,ILO,Russian Federation,NAME WITHHELD FOR SECURITY REASONS,Management and Admin Services,34202.0,ILO-2022-8afb910aeec4
2023,ILO,Russian Federation,NAME WITHHELD FOR SECURITY REASONS,Management and Admin Services,35750.0,ILO-2023-b0ebf5c8c217
2017,UNDP,Russian Federation,NAUCH ISS PR INST TER RAZV I TRANS INFRA,Politics and Civic Affairs Services,33406.0,UNDP-2017-cc9b0e4039d4
2019,IOM,Russian Federation,NAUCHNO-PROIZVODSTVENNAYA FIRMA,Management and Admin Services,39578.37,IOM-2019-fb3d48630e78
2019,IOM,Russian Federation,NAUCHNO-PROIZVODSTVENNAYA FIRMA,Management and Admin Services,39032.52,IOM-2019-d2575a8d7b23
2019,IOM,Russian Federation,NAUCHNO-PROIZVODSTVENNAYA FIRMA,Management and Admin Services,37066.29,IOM-2019-5a072b3d4504
2025,WFP,Russian Federation,NETUNO C.A.,"Transportation, Storage, Mail Services",37500.0,WFP-2025-7ffecb9bd83b
2019,UNDP,Russian Federation,NOBILIS TEAM LLC,IT and Communications Equipment,304135.0,UNDP-2019-4637d811a0b1
2020,UNDP,Russian Federation,NOBILIS TEAM LLC,IT and Communications Equipment,140370.0,UNDP-2020-ec7f630cb7d0
2020,UNDP,Russian Federation,NOBILIS TEAM LLC,Management and Admin Services,23395.0,UNDP-2020-ec7f630cb7d0
2016,UN Secretariat,Russian Federation,NORD WIND LIMITED LIABILITYCOMPANY,"Transportation, Storage, Mail Services",10699586.82,UN Secretariat-2016-0360c6ceda02
2017,UN Secretariat,Russian Federation,NORD WIND LIMITED LIABILITYCOMPANY,"Transportation, Storage, Mail Services",10361369.26,UN Secretariat-2017-2d6c63a4c83a
2017,UN Secretariat,Russian Federation,NORD WIND LIMITED LIABILITYCOMPANY,"Transportation, Storage, Mail Services",2687775.17,UN Secretariat-2017-d9e9b32b78cf
2017,UN Secretariat,Russian Federation,NORD WIND LIMITED LIABILITYCOMPANY,"Transportation, Storage, Mail Services",303000.0,UN Secretariat-2017-195d938203e2
2018,UN Secretariat,Russian Federation,NORD WIND LIMITED LIABILITYCOMPANY,"Transportation, Storage, Mail Services",1900000.0,UN Secretariat-2018-ef38b676f110
2018,UN Secretariat,Russian Federation,NORD WIND LIMITED LIABILITYCOMPANY,"Transportation, Storage, Mail Services",1687832.0,UN Secretariat-2018-5a43ad31a37c
2018,UN Secretariat,Russian Federation,NORD WIND LIMITED LIABILITYCOMPANY,"Transportation, Storage, Mail Services",1510840.55,UN Secretariat-2018-e8049ebea4d8
2018,UN Secretariat,Russian Federation,NORD WIND LIMITED LIABILITYCOMPANY,"Transportation, Storage, Mail Services",1411760.0,UN Secretariat-2018-3fe395d4243b
2018,UN Secretariat,Russian Federation,NORD WIND LIMITED LIABILITYCOMPANY,"Transportation, Storage, Mail Services",1199680.0,UN Secretariat-2018-67e2d4e8f16e
2018,UN Secretariat,Russian Federation,NORD WIND LIMITED LIABILITYCOMPANY,"Transportation, Storage, Mail Services",1198839.45,UN Secretariat-2018-4a60578e6930
2018,UN Secretariat,Russian Federation,NORD WIND LIMITED LIABILITYCOMPANY,"Transportation, Storage, Mail Services",877710.0,UN Secretariat-2018-339c0912c57a
2018,UN Secretariat,Russian Federation,NORD WIND LIMITED LIABILITYCOMPANY,"Transportation, Storage, Mail Services",618500.0,UN Secretariat-2018-0d64413ee561
2018,UN Secretariat,Russian Federation,NORD WIND LIMITED LIABILITYCOMPANY,"Transportation, Storage, Mail Services",600000.0,UN Secretariat-2018-edd213e49f81
2018,UN Secretariat,Russian Federation,NORD WIND LIMITED LIABILITYCOMPANY,"Transportation, Storage, Mail Services",521948.0,UN Secretariat-2018-c17860a76b32
2018,UN Secretariat,Russian Federation,NORD WIND LIMITED LIABILITYCOMPANY,"Transportation, Storage, Mail Services",393285.32,UN Secretariat-2018-4d06995522dc
2018,UN Secretariat,Russian Federation,NORD WIND LIMITED LIABILITYCOMPANY,"Transportation, Storage, Mail Services",381395.7,UN Secretariat-2018-ab6012a5ce32
2018,UN Secretariat,Russian Federation,NORD WIND LIMITED LIABILITYCOMPANY,"Transportation, Storage, Mail Services",347273.67,UN Secretariat-2018-3ea4b0f5b583
2018,UN Secretariat,Russian Federation,NORD WIND LIMITED LIABILITYCOMPANY,"Transportation, Storage, Mail Services",200892.38,UN Secretariat-2018-f5e794d89157
2019,UN Secretariat,Russian Federation,NORD WIND LIMITED LIABILITYCOMPANY,"Transportation, Storage, Mail Services",44107.0,UN Secretariat-2019-02f9bb7c6f8f
2015,UNIDO,Russian Federation,NPO DEKANTER LLC,Environmental Services,1386000.0,UNIDO-2015-7a4c41823c41
2016,UNIDO,Russian Federation,NPO DEKANTER LLC,Industrial Cleaning Services,934494.7,UNIDO-2016-42d7d1fc34e7
2015,UNIDO,Russian Federation,NVP VLADIPUR LTD,Industrial Manufacturing Services,35300.0,UNIDO-2015-dd1b549d74b0
2016,UNICEF,Russian Federation,OFFICE GROUP AUTONOMOUS,"Travel, Food and Lodging",44879.33,UNICEF-2016-f5acfa6f7247
2015,UN Secretariat,Russian Federation,"OJSC ""NIZHNEVARTOVSKAVIA""","Transportation, Storage, Mail Services",5277146.46,UN Secretariat-2015-3cce03eafa29
2015,UN Secretariat,Russian Federation,"OJSC ""NIZHNEVARTOVSKAVIA""","Transportation, Storage, Mail Services",4027752.0,UN Secretariat-2015-8f48c6c60f7c
2015,UN Secretariat,Russian Federation,"OJSC ""NIZHNEVARTOVSKAVIA""","Transportation, Storage, Mail Services",3671194.5,UN Secretariat-2015-6930f8aabc6d
2015,UN Secretariat,Russian Federation,"OJSC ""NIZHNEVARTOVSKAVIA""","Transportation, Storage, Mail Services",2325545.17,UN Secretariat-2015-1341df4ad3ed
2015,UN Secretariat,Russian Federation,"OJSC ""NIZHNEVARTOVSKAVIA""","Transportation, Storage, Mail Services",1973795.02,UN Secretariat-2015-e1710148c365
2015,UN Secretariat,Russian Federation,"OJSC ""NIZHNEVARTOVSKAVIA""","Transportation, Storage, Mail Services",1960781.18,UN Secretariat-2015-e1f1cbe21e74
2015,UN Secretariat,Russian Federation,"OJSC ""NIZHNEVARTOVSKAVIA""","Transportation, Storage, Mail Services",1891507.0,UN Secretariat-2015-b6bbe9bfc74f
2015,UN Secretariat,Russian Federation,"OJSC ""NIZHNEVARTOVSKAVIA""","Transportation, Storage, Mail Services",1512627.91,UN Secretariat-2015-e6980d21019e
2015,UN Secretariat,Russian Federation,"OJSC ""NIZHNEVARTOVSKAVIA""","Transportation, Storage, Mail Services",1492455.0,UN Secretariat-2015-7cf7cae75fff
2015,UN Secretariat,Russian Federation,"OJSC ""NIZHNEVARTOVSKAVIA""","Transportation, Storage, Mail Services",1471870.13,UN Secretariat-2015-6e7a33bf4c22
2015,UN Secretariat,Russian Federation,"OJSC ""NIZHNEVARTOVSKAVIA""","Transportation, Storage, Mail Services",1254795.0,UN Secretariat-2015-721ac3f5c56a
2015,UN Secretariat,Russian Federation,"OJSC ""NIZHNEVARTOVSKAVIA""","Transportation, Storage, Mail Services",1001554.4,UN Secretariat-2015-e5bba8010642
2015,UN Secretariat,Russian Federation,"OJSC ""NIZHNEVARTOVSKAVIA""","Transportation, Storage, Mail Services",993865.0,UN Secretariat-2015-0e71bed6a00e
2015,UN Secretariat,Russian Federation,"OJSC ""NIZHNEVARTOVSKAVIA""","Transportation, Storage, Mail Services",931750.0,UN Secretariat-2015-221be3903cf4
2015,UN Secretariat,Russian Federation,"OJSC ""NIZHNEVARTOVSKAVIA""","Transportation, Storage, Mail Services",762336.0,UN Secretariat-2015-58226e2c0887
2015,UN Secretariat,Russian Federation,"OJSC ""NIZHNEVARTOVSKAVIA""","Transportation, Storage, Mail Services",722295.0,UN Secretariat-2015-3684bd4ecc61
2015,UN Secretariat,Russian Federation,"OJSC ""NIZHNEVARTOVSKAVIA""","Transportation, Storage, Mail Services",713698.0,UN Secretariat-2015-9aca6322a141
2015,UN Secretariat,Russian Federation,"OJSC ""NIZHNEVARTOVSKAVIA""","Transportation, Storage, Mail Services",632917.0,UN Secretariat-2015-7d353fa4ab44
2015,UN Secretariat,Russian Federation,"OJSC ""NIZHNEVARTOVSKAVIA""","Transportation, Storage, Mail Services",423489.0,UN Secretariat-2015-96d1bd7eb9a0
2015,UN Secretariat,Russian Federation,"OJSC ""NIZHNEVARTOVSKAVIA""","Transportation, Storage, Mail Services",410828.5,UN Secretariat-2015-0482ec123fc7
2015,UN Secretariat,Russian Federation,"OJSC ""NIZHNEVARTOVSKAVIA""","Transportation, Storage, Mail Services",377900.0,UN Secretariat-2015-051fbfc87d9b
2015,UN Secretariat,Russian Federation,"OJSC ""NIZHNEVARTOVSKAVIA""","Transportation, Storage, Mail Services",349401.85,UN Secretariat-2015-573141366568
2015,UN Secretariat,Russian Federation,"OJSC ""NIZHNEVARTOVSKAVIA""","Transportation, Storage, Mail Services",246000.0,UN Secretariat-2015-739673d7ccec
2015,UN Secretariat,Russian Federation,"OJSC ""NIZHNEVARTOVSKAVIA""","Transportation, Storage, Mail Services",150000.0,UN Secretariat-2015-0b3c0e7ea382
2015,UN Secretariat,Russian Federation,"OJSC ""NIZHNEVARTOVSKAVIA""","Transportation, Storage, Mail Services",102046.43,UN Secretariat-2015-4c5a0657535f
2015,UN Secretariat,Russian Federation,"OJSC ""NIZHNEVARTOVSKAVIA""","Transportation, Storage, Mail Services",100000.0,UN Secretariat-2015-bc0aeabb601d
2015,UN Secretariat,Russian Federation,"OJSC ""NIZHNEVARTOVSKAVIA""","Transportation, Storage, Mail Services",50000.0,UN Secretariat-2015-d3e2dad5cc6e
2015,WFP,Russian Federation,OJSC NIZHNEVARTOVSKAVIA,"Transportation, Storage, Mail Services",381558.0,WFP-2015-74f31ebf6442
2015,WFP,Russian Federation,OJSC NIZHNEVARTOVSKAVIA,"Transportation, Storage, Mail Services",339864.0,WFP-2015-0d5270755d04
2015,WFP,Russian Federation,OJSC NIZHNEVARTOVSKAVIA,"Transportation, Storage, Mail Services",339864.0,WFP-2015-dc0bb0a6030b
2015,WFP,Russian Federation,OJSC NIZHNEVARTOVSKAVIA,"Transportation, Storage, Mail Services",339864.0,WFP-2015-1755bbddb32a
2015,WFP,Russian Federation,OJSC NIZHNEVARTOVSKAVIA,"Transportation, Storage, Mail Services",339864.0,WFP-2015-a1cd754e3fea
2015,WFP,Russian Federation,OJSC NIZHNEVARTOVSKAVIA,"Transportation, Storage, Mail Services",339864.0,WFP-2015-9beb5282ccbf
2015,WFP,Russian Federation,OJSC NIZHNEVARTOVSKAVIA,"Transportation, Storage, Mail Services",339864.0,WFP-2015-398770615a2d
2015,WFP,Russian Federation,OJSC NIZHNEVARTOVSKAVIA,"Transportation, Storage, Mail Services",339864.0,WFP-2015-a3aa40cee820
2015,WFP,Russian Federation,OJSC NIZHNEVARTOVSKAVIA,"Transportation, Storage, Mail Services",339864.0,WFP-2015-b05b3bff2128
2015,WFP,Russian Federation,OJSC NIZHNEVARTOVSKAVIA,"Transportation, Storage, Mail Services",339864.0,WFP-2015-9b7c317d0b20
2015,WFP,Russian Federation,OJSC NIZHNEVARTOVSKAVIA,"Transportation, Storage, Mail Services",332100.0,WFP-2015-9ba9bb036687
2015,WFP,Russian Federation,OJSC NIZHNEVARTOVSKAVIA,"Transportation, Storage, Mail Services",289205.0,WFP-2015-fed2f60cf1cc
2015,WFP,Russian Federation,OJSC NIZHNEVARTOVSKAVIA,"Transportation, Storage, Mail Services",289205.0,WFP-2015-46b0734de84f
2015,WFP,Russian Federation,OJSC NIZHNEVARTOVSKAVIA,"Transportation, Storage, Mail Services",289205.0,WFP-2015-a20ee3c1dd4f
2015,WFP,Russian Federation,OJSC NIZHNEVARTOVSKAVIA,"Transportation, Storage, Mail Services",280800.0,WFP-2015-66bc24548ae2
2015,WFP,Russian Federation,OJSC NIZHNEVARTOVSKAVIA,"Transportation, Storage, Mail Services",280800.0,WFP-2015-c5864f366824
2015,WFP,Russian Federation,OJSC NIZHNEVARTOVSKAVIA,"Transportation, Storage, Mail Services",280800.0,WFP-2015-2b0988840014
2015,WFP,Russian Federation,OJSC NIZHNEVARTOVSKAVIA,"Transportation, Storage, Mail Services",257222.0,WFP-2015-170713c6b12e
2015,WFP,Russian Federation,OJSC NIZHNEVARTOVSKAVIA,"Transportation, Storage, Mail Services",243920.5,WFP-2015-7b3ef644b7df
2015,WFP,Russian Federation,OJSC NIZHNEVARTOVSKAVIA,"Transportation, Storage, Mail Services",225150.0,WFP-2015-6a25b3264380
2015,WFP,Russian Federation,OJSC NIZHNEVARTOVSKAVIA,"Transportation, Storage, Mail Services",209062.5,WFP-2015-6e766ec00231
2015,WFP,Russian Federation,OJSC NIZHNEVARTOVSKAVIA,"Transportation, Storage, Mail Services",183112.5,WFP-2015-2e02722faf5f
2015,WFP,Russian Federation,OJSC NIZHNEVARTOVSKAVIA,"Transportation, Storage, Mail Services",179523.5,WFP-2015-4ec7039eb2ca
2015,WFP,Russian Federation,OJSC NIZHNEVARTOVSKAVIA,"Transportation, Storage, Mail Services",171500.0,WFP-2015-204fc4e2d834
2015,WFP,Russian Federation,OJSC NIZHNEVARTOVSKAVIA,"Transportation, Storage, Mail Services",171500.0,WFP-2015-7a4e4587e8b5
2015,WFP,Russian Federation,OJSC NIZHNEVARTOVSKAVIA,"Transportation, Storage, Mail Services",171500.0,WFP-2015-b1df11a9c008
2015,WFP,Russian Federation,OJSC NIZHNEVARTOVSKAVIA,"Transportation, Storage, Mail Services",171500.0,WFP-2015-bd4a0c22e202
2015,WFP,Russian Federation,OJSC NIZHNEVARTOVSKAVIA,"Transportation, Storage, Mail Services",171500.0,WFP-2015-85abeaf3dc9f
2015,WFP,Russian Federation,OJSC NIZHNEVARTOVSKAVIA,"Transportation, Storage, Mail Services",171500.0,WFP-2015-e3f553550a67
2015,WFP,Russian Federation,OJSC NIZHNEVARTOVSKAVIA,"Transportation, Storage, Mail Services",171500.0,WFP-2015-5d6603fddd18
2015,WFP,Russian Federation,OJSC NIZHNEVARTOVSKAVIA,"Transportation, Storage, Mail Services",171500.0,WFP-2015-b039cfb5060f
2015,WFP,Russian Federation,OJSC NIZHNEVARTOVSKAVIA,"Transportation, Storage, Mail Services",171500.0,WFP-2015-45a9f9c879a5
2015,WFP,Russian Federation,OJSC NIZHNEVARTOVSKAVIA,"Transportation, Storage, Mail Services",171500.0,WFP-2015-cfbfc0f3c09b
2015,WFP,Russian Federation,OJSC NIZHNEVARTOVSKAVIA,"Transportation, Storage, Mail Services",171500.0,WFP-2015-030223b35e8a
2015,WFP,Russian Federation,OJSC NIZHNEVARTOVSKAVIA,"Transportation, Storage, Mail Services",131040.0,WFP-2015-1bb480da0f7f
2015,WFP,Russian Federation,OJSC NIZHNEVARTOVSKAVIA,"Transportation, Storage, Mail Services",127251.74,WFP-2015-b4d0c660b338
2015,WFP,Russian Federation,OJSC NIZHNEVARTOVSKAVIA,"Transportation, Storage, Mail Services",75000.0,WFP-2015-67d660d8a778
2015,WFP,Russian Federation,OJSC NIZHNEVARTOVSKAVIA,"Transportation, Storage, Mail Services",63413.15,WFP-2015-608a225c7ff4
2015,WFP,Russian Federation,OJSC NIZHNEVARTOVSKAVIA,"Transportation, Storage, Mail Services",57403.5,WFP-2015-ba2680a8b52f
2015,WFP,Russian Federation,OJSC NIZHNEVARTOVSKAVIA,Financial and Insurance Services,8834.0,WFP-2015-66bc24548ae2
2015,WFP,Russian Federation,OJSC NIZHNEVARTOVSKAVIA,Financial and Insurance Services,8834.0,WFP-2015-b039cfb5060f
2015,WFP,Russian Federation,OJSC NIZHNEVARTOVSKAVIA,Financial and Insurance Services,8834.0,WFP-2015-fed2f60cf1cc
2015,WFP,Russian Federation,OJSC NIZHNEVARTOVSKAVIA,Financial and Insurance Services,8834.0,WFP-2015-5d6603fddd18
2015,WFP,Russian Federation,OJSC NIZHNEVARTOVSKAVIA,Financial and Insurance Services,8834.0,WFP-2015-46b0734de84f
2015,WFP,Russian Federation,OJSC NIZHNEVARTOVSKAVIA,Financial and Insurance Services,8834.0,WFP-2015-c5864f366824
2015,WFP,Russian Federation,OJSC NIZHNEVARTOVSKAVIA,Financial and Insurance Services,8834.0,WFP-2015-204fc4e2d834
2015,WFP,Russian Federation,OJSC NIZHNEVARTOVSKAVIA,Financial and Insurance Services,8834.0,WFP-2015-a20ee3c1dd4f
2015,WFP,Russian Federation,OJSC NIZHNEVARTOVSKAVIA,Financial and Insurance Services,8834.0,WFP-2015-e3f553550a67
2015,WFP,Russian Federation,OJSC NIZHNEVARTOVSKAVIA,Financial and Insurance Services,8834.0,WFP-2015-85abeaf3dc9f
2015,WFP,Russian Federation,OJSC NIZHNEVARTOVSKAVIA,Financial and Insurance Services,8834.0,WFP-2015-030223b35e8a
2015,WFP,Russian Federation,OJSC NIZHNEVARTOVSKAVIA,Financial and Insurance Services,8834.0,WFP-2015-b1df11a9c008
2015,WFP,Russian Federation,OJSC NIZHNEVARTOVSKAVIA,Financial and Insurance Services,8834.0,WFP-2015-2b0988840014
2015,WFP,Russian Federation,OJSC NIZHNEVARTOVSKAVIA,Financial and Insurance Services,8834.0,WFP-2015-bd4a0c22e202
2015,WFP,Russian Federation,OJSC NIZHNEVARTOVSKAVIA,Financial and Insurance Services,6554.26,WFP-2015-b4d0c660b338
2015,WFP,Russian Federation,OJSC NIZHNEVARTOVSKAVIA,Financial and Insurance Services,4122.53,WFP-2015-1bb480da0f7f
2015,WFP,Russian Federation,OJSC NIZHNEVARTOVSKAVIA,Financial and Insurance Services,1994.78,WFP-2015-608a225c7ff4
2016,WFP,Russian Federation,OJSC NIZHNEVARTOVSKAVIA,"Transportation, Storage, Mail Services",50000.0,WFP-2016-53a45bcee139
2016,WFP,Russian Federation,OJSC NIZHNEVARTOVSKAVIA,"Transportation, Storage, Mail Services",44248.26,WFP-2016-afe5d0c7202d
2016,WFP,Russian Federation,OJSC NIZHNEVARTOVSKAVIA,Financial and Insurance Services,2279.74,WFP-2016-afe5d0c7202d
2025,WFP,Russian Federation,ONE ST. VINCENT GROUP INC,"Transportation, Storage, Mail Services",100000.0,WFP-2025-aed14a583289
2017,WFP,Russian Federation,"OOO ""ALTAISKIJE MELNITSY",Food and Beverage Products,993937.5,WFP-2017-7a2d4aef93c8
2017,WFP,Russian Federation,"OOO ""ALTAISKIJE MELNITSY",Food and Beverage Products,134467.2,WFP-2017-f581a3025487
2017,WFP,Russian Federation,"OOO ""ALTAISKIJE MELNITSY",Food and Beverage Products,47600.0,WFP-2017-1d125d5b5cee
2017,WFP,Russian Federation,"OOO ""ALTAISKIJE MELNITSY",Food and Beverage Products,32457.6,WFP-2017-b0a43a9e9846
2017,WFP,Russian Federation,"OOO ""ALTAISKIJE MELNITSY",Food and Beverage Products,30795.39,WFP-2017-03f8c8383981
2018,WFP,Russian Federation,"OOO ""ALTAISKIJE MELNITSY",Food and Beverage Products,360336.48,WFP-2018-042bc974f074
2018,WFP,Russian Federation,"OOO ""ALTAISKIJE MELNITSY",Food and Beverage Products,356400.0,WFP-2018-3249e7f548a6
2018,WFP,Russian Federation,"OOO ""ALTAISKIJE MELNITSY",Food and Beverage Products,180562.5,WFP-2018-9d4bf07c7e0f
2018,WFP,Russian Federation,"OOO ""ALTAISKIJE MELNITSY",Food and Beverage Products,98366.4,WFP-2018-81ec613b2721
2018,WFP,Russian Federation,"OOO ""ALTAISKIJE MELNITSY",Food and Beverage Products,54000.0,WFP-2018-776276fb0136
2018,WFP,Russian Federation,"OOO ""ALTAISKIJE MELNITSY",Food and Beverage Products,46800.0,WFP-2018-87185e2ba1af
2019,WFP,Russian Federation,"OOO ""ALTAISKIJE MELNITSY",Food and Beverage Products,572062.5,WFP-2019-8b2f9c514e44
2019,WFP,Russian Federation,"OOO ""ALTAISKIJE MELNITSY",Food and Beverage Products,127615.5,WFP-2019-c87d930e9314
2019,WFP,Russian Federation,"OOO ""ALTAISKIJE MELNITSY",Food and Beverage Products,121095.0,WFP-2019-4c03d01ba8dc
2019,WFP,Russian Federation,"OOO ""ALTAISKIJE MELNITSY",Food and Beverage Products,90014.82,WFP-2019-de0cdf2347cf
2019,WFP,Russian Federation,"OOO ""ALTAISKIJE MELNITSY",Food and Beverage Products,71145.0,WFP-2019-5673d53ffe41
2019,WFP,Russian Federation,"OOO ""ALTAISKIJE MELNITSY",Food and Beverage Products,33900.0,WFP-2019-f974a93b30b0
2022,WHO,Russian Federation,OOO CHOP OKTAGON,Public Order and Security Services,30091.3,WHO-2022-8d58c21b42d6
2017,UNDP,Russian Federation,OOO ECOZENTR ZAPOVEDNIKI,Education and Training Services,39210.0,UNDP-2017-0c0bd468841c
2017,UNIDO,Russian Federation,OOO EFFA,Management and Admin Services,38187.59,UNIDO-2017-9cad65d9b7a1
2017,UNAIDS,Russian Federation,OOO INTERNATIONAL CONGRESS SERVICE,Management and Admin Services,31400.73,UNAIDS-2017-96f6bb1d183a
2020,WFP,Russian Federation,OOO PO TOPCHIKHINSKI MELKOMBINAT,Food and Beverage Products,1212570.0,WFP-2020-8bc5ad3b8784
2020,WFP,Russian Federation,OOO PO TOPCHIKHINSKI MELKOMBINAT,Food and Beverage Products,1184625.0,WFP-2020-91a5356ba33d
2020,WFP,Russian Federation,OOO PO TOPCHIKHINSKI MELKOMBINAT,Food and Beverage Products,919123.2,WFP-2020-fc7dbb43ec09
2020,WFP,Russian Federation,OOO PO TOPCHIKHINSKI MELKOMBINAT,Food and Beverage Products,744984.0,WFP-2020-9ad3d3bef305
2020,WFP,Russian Federation,OOO PO TOPCHIKHINSKI MELKOMBINAT,Food and Beverage Products,398315.88,WFP-2020-d60c8bc95a5a
2020,WFP,Russian Federation,OOO PO TOPCHIKHINSKI MELKOMBINAT,Food and Beverage Products,392175.0,WFP-2020-4c51696388ec
2020,WFP,Russian Federation,OOO PO TOPCHIKHINSKI MELKOMBINAT,Food and Beverage Products,226610.0,WFP-2020-20a6bede6c28
2021,WFP,Russian Federation,OOO PO TOPCHIKHINSKI MELKOMBINAT,Food and Beverage Products,4998341.87,WFP-2021-440a25f938ea
2021,WFP,Russian Federation,OOO PO TOPCHIKHINSKI MELKOMBINAT,Food and Beverage Products,2750839.0,WFP-2021-71f045d8c0dc
2021,WFP,Russian Federation,OOO PO TOPCHIKHINSKI MELKOMBINAT,Food and Beverage Products,1459890.0,WFP-2021-25e08c95f531
2021,WFP,Russian Federation,OOO PO TOPCHIKHINSKI MELKOMBINAT,Food and Beverage Products,1319130.0,WFP-2021-7494316f2988
2021,WFP,Russian Federation,OOO PO TOPCHIKHINSKI MELKOMBINAT,Food and Beverage Products,1034650.0,WFP-2021-747dfb4354fc
2021,WFP,Russian Federation,OOO PO TOPCHIKHINSKI MELKOMBINAT,Food and Beverage Products,931950.0,WFP-2021-2c2b7951cd33
2021,WFP,Russian Federation,OOO PO TOPCHIKHINSKI MELKOMBINAT,Food and Beverage Products,706146.0,WFP-2021-30583aac3945
2021,WFP,Russian Federation,OOO PO TOPCHIKHINSKI MELKOMBINAT,Food and Beverage Products,579425.0,WFP-2021-d9fba54818e5
2021,WFP,Russian Federation,OOO PO TOPCHIKHINSKI MELKOMBINAT,Food and Beverage Products,556920.0,WFP-2021-14fd26cd47f7
2021,WFP,Russian Federation,OOO PO TOPCHIKHINSKI MELKOMBINAT,Food and Beverage Products,523224.0,WFP-2021-39e940cc236b
2021,WFP,Russian Federation,OOO PO TOPCHIKHINSKI MELKOMBINAT,Food and Beverage Products,519156.0,WFP-2021-982b6e9f35e2
2021,WFP,Russian Federation,OOO PO TOPCHIKHINSKI MELKOMBINAT,Food and Beverage Products,479691.88,WFP-2021-9ad1b1a0f0a1
2021,WFP,Russian Federation,OOO PO TOPCHIKHINSKI MELKOMBINAT,Food and Beverage Products,211680.0,WFP-2021-07c228b7639a
2021,WFP,Russian Federation,OOO PO TOPCHIKHINSKI MELKOMBINAT,Food and Beverage Products,191672.5,WFP-2021-d4e402f1f047
2021,WFP,Russian Federation,OOO PO TOPCHIKHINSKI MELKOMBINAT,Food and Beverage Products,189228.6,WFP-2021-57a393acaef9
2021,WFP,Russian Federation,OOO PO TOPCHIKHINSKI MELKOMBINAT,Food and Beverage Products,88150.0,WFP-2021-05a7cc782c17
2022,WFP,Russian Federation,OOO PO TOPCHIKHINSKI MELKOMBINAT,Food and Beverage Products,3324105.0,WFP-2022-cbdfc273a5e8
2022,WFP,Russian Federation,OOO PO TOPCHIKHINSKI MELKOMBINAT,Food and Beverage Products,3244050.0,WFP-2022-aa0a6c1b2453
2022,WFP,Russian Federation,OOO PO TOPCHIKHINSKI MELKOMBINAT,Food and Beverage Products,1230789.0,WFP-2022-72948ae56abf
2022,WFP,Russian Federation,OOO PO TOPCHIKHINSKI MELKOMBINAT,Food and Beverage Products,1083170.0,WFP-2022-23df2b00bbad
2022,WFP,Russian Federation,OOO PO TOPCHIKHINSKI MELKOMBINAT,Food and Beverage Products,973670.5,WFP-2022-a4ff6c086208
2022,WFP,Russian Federation,OOO PO TOPCHIKHINSKI MELKOMBINAT,Food and Beverage Products,836406.0,WFP-2022-f969edc120da
2022,WFP,Russian Federation,OOO PO TOPCHIKHINSKI MELKOMBINAT,Food and Beverage Products,836325.0,WFP-2022-bbb7f7c308e2
2022,WFP,Russian Federation,OOO PO TOPCHIKHINSKI MELKOMBINAT,Food and Beverage Products,643555.41,WFP-2022-37b2f4bdf13c
2022,WFP,Russian Federation,OOO PO TOPCHIKHINSKI MELKOMBINAT,Food and Beverage Products,538650.0,WFP-2022-3623d7f6fe7d
2022,WFP,Russian Federation,OOO PO TOPCHIKHINSKI MELKOMBINAT,Food and Beverage Products,496125.0,WFP-2022-f0f1eb91e785
2022,WFP,Russian Federation,OOO PO TOPCHIKHINSKI MELKOMBINAT,Food and Beverage Products,281826.0,WFP-2022-d9cb4ca80d07
2022,WFP,Russian Federation,OOO PO TOPCHIKHINSKI MELKOMBINAT,Food and Beverage Products,84175.2,WFP-2022-c766f42a5281
2022,WFP,Russian Federation,OOO PO TOPCHIKHINSKI MELKOMBINAT,Food and Beverage Products,53696.25,WFP-2022-7e76ef2406f9
2022,WFP,Russian Federation,OOO PO TOPCHIKHINSKI MELKOMBINAT,Food and Beverage Products,42087.6,WFP-2022-1664972d9d4b
2023,WFP,Russian Federation,OOO PO TOPCHIKHINSKI MELKOMBINAT,Food and Beverage Products,1677713.0,WFP-2023-9cfc66260ffb
2023,WFP,Russian Federation,OOO PO TOPCHIKHINSKI MELKOMBINAT,Food and Beverage Products,1012237.5,WFP-2023-23552a430197
2023,WFP,Russian Federation,OOO PO TOPCHIKHINSKI MELKOMBINAT,Food and Beverage Products,641775.0,WFP-2023-90a586d2f5c9
2023,WFP,Russian Federation,OOO PO TOPCHIKHINSKI MELKOMBINAT,Food and Beverage Products,232537.5,WFP-2023-19dae9b2b6ef
2024,WFP,Russian Federation,OOO PO TOPCHIKHINSKI MELKOMBINAT,Food and Beverage Products,1476319.0,WFP-2024-2b59cae1722a
2024,WFP,Russian Federation,OOO PO TOPCHIKHINSKI MELKOMBINAT,Food and Beverage Products,948150.0,WFP-2024-4d0eefbbfd0d
2024,WFP,Russian Federation,OOO PO TOPCHIKHINSKI MELKOMBINAT,Food and Beverage Products,891000.0,WFP-2024-ea860aaf2a1e
2024,WFP,Russian Federation,OOO PO TOPCHIKHINSKI MELKOMBINAT,Food and Beverage Products,766905.0,WFP-2024-67ca718a3b01
2024,WFP,Russian Federation,OOO PO TOPCHIKHINSKI MELKOMBINAT,Food and Beverage Products,714555.0,WFP-2024-91cb0775e901
2024,WFP,Russian Federation,OOO PO TOPCHIKHINSKI MELKOMBINAT,Food and Beverage Products,372543.3,WFP-2024-f63a9dbcd44a
2024,WFP,Russian Federation,OOO PO TOPCHIKHINSKI MELKOMBINAT,Food and Beverage Products,275346.0,WFP-2024-b0f3b105d0c6
2024,WFP,Russian Federation,OOO PO TOPCHIKHINSKI MELKOMBINAT,Food and Beverage Products,237600.0,WFP-2024-a3bf2bbfcd45
2024,WFP,Russian Federation,OOO PO TOPCHIKHINSKI MELKOMBINAT,Food and Beverage Products,203175.0,WFP-2024-72cdedde2cea
2024,WFP,Russian Federation,OOO PO TOPCHIKHINSKI MELKOMBINAT,Food and Beverage Products,201690.0,WFP-2024-736bfa7d5259
2021,WHO,Russian Federation,OOO RUSSIAN TRANSLATION COMPANY,"Editorial, Design, Graphic Services",40000.0,WHO-2021-ba918d9e125e
2022,WHO,Russian Federation,OOO RUSSIAN TRANSLATION COMPANY,"Editorial, Design, Graphic Services",65000.0,WHO-2022-59bf3babeace
2024,WHO,Russian Federation,OOO RUSSIAN TRANSLATION COMPANY,"Editorial, Design, Graphic Services",49950.0,WHO-2024-128cc9217477
2024,WHO,Russian Federation,OOO RUSSIAN TRANSLATION COMPANY,"Editorial, Design, Graphic Services",35775.0,WHO-2024-e17f2f9b780d
2024,UNHCR,Russian Federation,OOO SARATOV-AVTO-LUX,Mining and Well Drilling Equipment,82275.63,UNHCR-2024-68b5c83c4c58
2024,UNICEF,Russian Federation,OOO SMARTBIOTECH,"Pharmaceuticals, Contraceptives, Vaccines",3934150.0,UNICEF-2024-84ee32765418
2024,UNICEF,Russian Federation,OOO SMARTBIOTECH,"Pharmaceuticals, Contraceptives, Vaccines",3680000.0,UNICEF-2024-4aeb66772af9
2024,UNICEF,Russian Federation,OOO SMARTBIOTECH,"Pharmaceuticals, Contraceptives, Vaccines",2733780.0,UNICEF-2024-7f4f913927e6
2024,UNICEF,Russian Federation,OOO SMARTBIOTECH,"Pharmaceuticals, Contraceptives, Vaccines",1200370.0,UNICEF-2024-6142e386c434
2024,UNICEF,Russian Federation,OOO SMARTBIOTECH,"Pharmaceuticals, Contraceptives, Vaccines",1101700.0,UNICEF-2024-ebed5c782036
2024,UNICEF,Russian Federation,OOO SMARTBIOTECH,"Pharmaceuticals, Contraceptives, Vaccines",678845.0,UNICEF-2024-436958cd7a11
2024,UNICEF,Russian Federation,OOO SMARTBIOTECH,"Pharmaceuticals, Contraceptives, Vaccines",227930.0,UNICEF-2024-36aa0ecd80aa
2024,UNICEF,Russian Federation,OOO SMARTBIOTECH,"Pharmaceuticals, Contraceptives, Vaccines",153985.0,UNICEF-2024-312336868cbc
2025,UNICEF,Russian Federation,OOO SMARTBIOTECH,"Pharmaceuticals, Contraceptives, Vaccines",5694800.0,UNICEF-2025-8056f933a01d
2025,UNICEF,Russian Federation,OOO SMARTBIOTECH,"Pharmaceuticals, Contraceptives, Vaccines",4025000.0,UNICEF-2025-31e818bca9cd
2025,UNICEF,Russian Federation,OOO SMARTBIOTECH,"Pharmaceuticals, Contraceptives, Vaccines",3450000.0,UNICEF-2025-914ed03c103b
2025,UNICEF,Russian Federation,OOO SMARTBIOTECH,"Pharmaceuticals, Contraceptives, Vaccines",3200000.0,UNICEF-2025-57f277c8c939
2025,UNICEF,Russian Federation,OOO SMARTBIOTECH,"Pharmaceuticals, Contraceptives, Vaccines",3120000.0,UNICEF-2025-a46b54db85e3
2025,UNICEF,Russian Federation,OOO SMARTBIOTECH,"Pharmaceuticals, Contraceptives, Vaccines",2875000.0,UNICEF-2025-5f3c746b3b0e
2025,UNICEF,Russian Federation,OOO SMARTBIOTECH,"Pharmaceuticals, Contraceptives, Vaccines",2738380.0,UNICEF-2025-990d3cccee42
2025,UNICEF,Russian Federation,OOO SMARTBIOTECH,"Pharmaceuticals, Contraceptives, Vaccines",2259635.0,UNICEF-2025-dfe9bc4cc92e
2025,UNICEF,Russian Federation,OOO SMARTBIOTECH,"Pharmaceuticals, Contraceptives, Vaccines",2235715.0,UNICEF-2025-5cc29c0764cd
2025,UNICEF,Russian Federation,OOO SMARTBIOTECH,"Pharmaceuticals, Contraceptives, Vaccines",1651840.0,UNICEF-2025-6196954fa887
2025,UNICEF,Russian Federation,OOO SMARTBIOTECH,"Pharmaceuticals, Contraceptives, Vaccines",1651840.0,UNICEF-2025-f837826d694f
2025,UNICEF,Russian Federation,OOO SMARTBIOTECH,"Pharmaceuticals, Contraceptives, Vaccines",1531225.0,UNICEF-2025-e9cdee1f27e1
2025,UNICEF,Russian Federation,OOO SMARTBIOTECH,"Pharmaceuticals, Contraceptives, Vaccines",1370455.0,UNICEF-2025-92e77c355649
2025,UNICEF,Russian Federation,OOO SMARTBIOTECH,"Pharmaceuticals, Contraceptives, Vaccines",1143040.0,UNICEF-2025-14881f7b6e21
2025,UNICEF,Russian Federation,OOO SMARTBIOTECH,"Pharmaceuticals, Contraceptives, Vaccines",904590.0,UNICEF-2025-5ed6a1256e4c
2025,UNICEF,Russian Federation,OOO SMARTBIOTECH,"Pharmaceuticals, Contraceptives, Vaccines",767625.0,UNICEF-2025-55cedb6e85f8
2025,UNICEF,Russian Federation,OOO SMARTBIOTECH,"Pharmaceuticals, Contraceptives, Vaccines",643310.0,UNICEF-2025-61e482e3a49d
2025,UNICEF,Russian Federation,OOO SMARTBIOTECH,"Pharmaceuticals, Contraceptives, Vaccines",512640.0,UNICEF-2025-ebd383583869
2025,UNICEF,Russian Federation,OOO SMARTBIOTECH,"Pharmaceuticals, Contraceptives, Vaccines",417680.0,UNICEF-2025-e9d8165e41c8
2025,UNICEF,Russian Federation,OOO SMARTBIOTECH,"Pharmaceuticals, Contraceptives, Vaccines",386630.0,UNICEF-2025-a94983c10e62
2025,UNICEF,Russian Federation,OOO SMARTBIOTECH,"Pharmaceuticals, Contraceptives, Vaccines",386400.0,UNICEF-2025-c3c60acaeeb0
2025,UNICEF,Russian Federation,OOO SMARTBIOTECH,"Pharmaceuticals, Contraceptives, Vaccines",386400.0,UNICEF-2025-a10e8b3a45a1
2025,UNICEF,Russian Federation,OOO SMARTBIOTECH,"Pharmaceuticals, Contraceptives, Vaccines",331545.0,UNICEF-2025-b4bb551ca86d
2025,UNICEF,Russian Federation,OOO SMARTBIOTECH,"Pharmaceuticals, Contraceptives, Vaccines",282785.0,UNICEF-2025-47493cfe7ca1
2025,UNICEF,Russian Federation,OOO SMARTBIOTECH,"Pharmaceuticals, Contraceptives, Vaccines",216200.0,UNICEF-2025-e09227c4a60a
2025,UNICEF,Russian Federation,OOO SMARTBIOTECH,"Pharmaceuticals, Contraceptives, Vaccines",140160.0,UNICEF-2025-3eb5b259dfff
2025,UNICEF,Russian Federation,OOO SMARTBIOTECH,"Pharmaceuticals, Contraceptives, Vaccines",115805.0,UNICEF-2025-b350012c6e80
2016,WHO,Russian Federation,OOO STRANA-REINFO,"Travel, Food and Lodging",32243.81,WHO-2016-fccdbbfcf337
2016,UNDP,Russian Federation,OOO TD DONSKOY AGROKHIM TSENTR,Management and Admin Services,44469.0,UNDP-2016-1cf2f3de44f4
2016,UNDP,Russian Federation,OOO TD DONSKOY AGROKHIM TSENTR,"Transportation, Storage, Mail Services",577.0,UNDP-2016-1cf2f3de44f4
2015,UNIDO,Russian Federation,OOO TEKHELEKTROMONTAZH SERVICE,Laboratory and Testing Equipment,70947.0,UNIDO-2015-efbb73bfdd13
2015,UNIDO,Russian Federation,OOO TEKHELEKTROMONTAZH SERVICE,Financial and Insurance Services,12549.81,UNIDO-2015-efbb73bfdd13
2021,FAO,Russian Federation,OOO TOYOTA MOTOR,Motor Vehicles and Parts,46706.07,FAO-2021-7ad4861e2067
2018,FAO,Russian Federation,OOO UK OKHOTNIY RYAD,"Travel, Food and Lodging",35927.83,FAO-2018-93ff1c3099e6
2016,WHO,Russian Federation,OOO UK OKHOTNY RYAD,"Travel, Food and Lodging",67766.22,WHO-2016-2868c2552721
2017,WHO,Russian Federation,OOO UK OKHOTNY RYAD,"Travel, Food and Lodging",146067.0,WHO-2017-14ea28a0db49
2017,WHO,Russian Federation,OOO UK OKHOTNY RYAD,"Travel, Food and Lodging",32172.77,WHO-2017-695d80b588d4
2018,WHO,Russian Federation,OOO UK OKHOTNY RYAD,Management and Admin Services,35038.32,WHO-2018-41fddd0a6236
2022,WHO,Russian Federation,OOO VYMPEL-M,Building and Maintenance Services,31631.48,WHO-2022-ee8fc946833a
2017,IAEA,Russian Federation,OPEN JOINT STOCK COMPANY OJSC YAFI,Laboratory and Testing Equipment,50398.43,IAEA-2017-56e5ab3adb09
2016,UNIDO,Russian Federation,OSKON LTD,"Farming, Fishing Equipment",38303.43,UNIDO-2016-30090a560a24
2016,UNDP,Russian Federation,P.P.SHIRSHOV INSTITUTE OF OCEANOLOGYRAS,Management and Admin Services,88880.0,UNDP-2016-58e85ae38059
2016,UNDP,Russian Federation,P.P.SHIRSHOV INSTITUTE OF OCEANOLOGYRAS,"Transportation, Storage, Mail Services",57740.0,UNDP-2016-58e85ae38059
2016,UNDP,Russian Federation,P.P.SHIRSHOV INSTITUTE OF OCEANOLOGYRAS,Environmental Services,11534.0,UNDP-2016-58e85ae38059
2016,UNDP,Russian Federation,P.P.SHIRSHOV INSTITUTE OF OCEANOLOGYRAS,Chemicals,9741.0,UNDP-2016-58e85ae38059
2016,UNDP,Russian Federation,P.P.SHIRSHOV INSTITUTE OF OCEANOLOGYRAS,"Farming, Fishing, Forestry Services",8399.0,UNDP-2016-58e85ae38059
2022,UNDP,Russian Federation,PAKHODIN PAVEL PETROVICH IP,"Farming, Fishing Equipment",45711.43,UNDP-2022-e60153ef1582
2019,FAO,Russian Federation,PANATSEYA,"Travel, Food and Lodging",103728.69,FAO-2019-180a73737c38
2015,UN Secretariat,Russian Federation,PANH HELICOPTERS,"Transportation, Storage, Mail Services",4054685.36,UN Secretariat-2015-5d8d82a5ff35
2015,UN Secretariat,Russian Federation,PANH HELICOPTERS,"Transportation, Storage, Mail Services",1966039.34,UN Secretariat-2015-859012721aed
2015,UN Secretariat,Russian Federation,PANH HELICOPTERS,"Transportation, Storage, Mail Services",1828909.92,UN Secretariat-2015-77975d114748
2015,UN Secretariat,Russian Federation,PANH HELICOPTERS,"Transportation, Storage, Mail Services",1223135.0,UN Secretariat-2015-d08ab8c47c3c
2015,UN Secretariat,Russian Federation,PANH HELICOPTERS,"Transportation, Storage, Mail Services",874095.0,UN Secretariat-2015-2d8b238ce318
2015,UN Secretariat,Russian Federation,PANH HELICOPTERS,"Transportation, Storage, Mail Services",256141.0,UN Secretariat-2015-080ad346e7e4
2015,UN Secretariat,Russian Federation,PANH HELICOPTERS,"Transportation, Storage, Mail Services",234904.0,UN Secretariat-2015-6ba8aff5db33
2015,WFP,Russian Federation,PANH HELICOPTERS,"Transportation, Storage, Mail Services",152800.0,WFP-2015-9e1bc0c5a98e
2015,WFP,Russian Federation,PANH HELICOPTERS,"Transportation, Storage, Mail Services",152800.0,WFP-2015-fc4d15632edf
2015,WFP,Russian Federation,PANH HELICOPTERS,"Transportation, Storage, Mail Services",152800.0,WFP-2015-3f8d4bc0448b
2015,WFP,Russian Federation,PANH HELICOPTERS,"Transportation, Storage, Mail Services",152800.0,WFP-2015-dfb5c0dc05ec
2015,WFP,Russian Federation,PANH HELICOPTERS,"Transportation, Storage, Mail Services",152800.0,WFP-2015-5be9b1b0eac4
2015,WFP,Russian Federation,PANH HELICOPTERS,"Transportation, Storage, Mail Services",152800.0,WFP-2015-297caa3c82a2
2015,WFP,Russian Federation,PANH HELICOPTERS,"Transportation, Storage, Mail Services",152800.0,WFP-2015-20198347d4ad
2015,WFP,Russian Federation,PANH HELICOPTERS,"Transportation, Storage, Mail Services",145600.0,WFP-2015-ac8919b28a96
2015,WFP,Russian Federation,PANH HELICOPTERS,"Transportation, Storage, Mail Services",145600.0,WFP-2015-228da832f95a
2015,WFP,Russian Federation,PANH HELICOPTERS,"Transportation, Storage, Mail Services",145600.0,WFP-2015-9670cf7b2b6c
2015,WFP,Russian Federation,PANH HELICOPTERS,"Transportation, Storage, Mail Services",145600.0,WFP-2015-3340998ec3d5
2015,WFP,Russian Federation,PANH HELICOPTERS,"Transportation, Storage, Mail Services",145600.0,WFP-2015-fd93ba10db77
2015,WFP,Russian Federation,PANH HELICOPTERS,"Transportation, Storage, Mail Services",145600.0,WFP-2015-78b85dc8e134
2015,WFP,Russian Federation,PANH HELICOPTERS,"Transportation, Storage, Mail Services",145600.0,WFP-2015-624510244a84
2015,WFP,Russian Federation,PANH HELICOPTERS,"Transportation, Storage, Mail Services",145600.0,WFP-2015-45321c6f70f9
2015,WFP,Russian Federation,PANH HELICOPTERS,"Transportation, Storage, Mail Services",145600.0,WFP-2015-6dadcb7ce366
2015,WFP,Russian Federation,PANH HELICOPTERS,"Transportation, Storage, Mail Services",122400.0,WFP-2015-142ac67c220a
2015,WFP,Russian Federation,PANH HELICOPTERS,"Transportation, Storage, Mail Services",44726.89,WFP-2015-d75146f92032
2015,WFP,Russian Federation,PANH HELICOPTERS,"Transportation, Storage, Mail Services",35000.0,WFP-2015-1b24039c2770
2015,WFP,Russian Federation,PANH HELICOPTERS,"Transportation, Storage, Mail Services",29567.77,WFP-2015-0243d300c194
2015,WFP,Russian Federation,PANH HELICOPTERS,Financial and Insurance Services,6605.0,WFP-2015-3f8d4bc0448b
2015,WFP,Russian Federation,PANH HELICOPTERS,Financial and Insurance Services,6605.0,WFP-2015-297caa3c82a2
2015,WFP,Russian Federation,PANH HELICOPTERS,Financial and Insurance Services,6605.0,WFP-2015-20198347d4ad
2015,WFP,Russian Federation,PANH HELICOPTERS,Financial and Insurance Services,6605.0,WFP-2015-6dadcb7ce366
2015,WFP,Russian Federation,PANH HELICOPTERS,Financial and Insurance Services,6605.0,WFP-2015-45321c6f70f9
2015,WFP,Russian Federation,PANH HELICOPTERS,Financial and Insurance Services,6605.0,WFP-2015-fd93ba10db77
2015,WFP,Russian Federation,PANH HELICOPTERS,Financial and Insurance Services,6605.0,WFP-2015-228da832f95a
2015,WFP,Russian Federation,PANH HELICOPTERS,Financial and Insurance Services,6605.0,WFP-2015-142ac67c220a
2015,WFP,Russian Federation,PANH HELICOPTERS,Financial and Insurance Services,6605.0,WFP-2015-624510244a84
2015,WFP,Russian Federation,PANH HELICOPTERS,Financial and Insurance Services,6605.0,WFP-2015-5be9b1b0eac4
2015,WFP,Russian Federation,PANH HELICOPTERS,Financial and Insurance Services,1278.39,WFP-2015-0243d300c194
2016,UN Secretariat,Russian Federation,PANH HELICOPTERS,"Transportation, Storage, Mail Services",2563807.0,UN Secretariat-2016-0c6b264e5a62
2016,UN Secretariat,Russian Federation,PANH HELICOPTERS,"Transportation, Storage, Mail Services",768614.0,UN Secretariat-2016-1660ebbcb2b5
2016,UN Secretariat,Russian Federation,PANH HELICOPTERS,"Transportation, Storage, Mail Services",600902.33,UN Secretariat-2016-153d29878250
2016,UN Secretariat,Russian Federation,PANH HELICOPTERS,"Transportation, Storage, Mail Services",195028.47,UN Secretariat-2016-5b51348f205b
2016,UN Secretariat,Russian Federation,PANH HELICOPTERS,"Transportation, Storage, Mail Services",180516.82,UN Secretariat-2016-02ae043fdfeb
2016,UN Secretariat,Russian Federation,PANH HELICOPTERS,"Transportation, Storage, Mail Services",100000.0,UN Secretariat-2016-43d1d1ddd29a
2016,UN Secretariat,Russian Federation,PANH HELICOPTERS,"Transportation, Storage, Mail Services",57927.0,UN Secretariat-2016-b751afba2ff7
2016,UN Secretariat,Russian Federation,PANH HELICOPTERS,"Transportation, Storage, Mail Services",39340.25,UN Secretariat-2016-48f5ef5ca07c
2017,UN Secretariat,Russian Federation,PANH HELICOPTERS,"Transportation, Storage, Mail Services",631934.0,UN Secretariat-2017-4fb498478c2b
2017,WFP,Russian Federation,PANH HELICOPTERS,"Transportation, Storage, Mail Services",385934.3,WFP-2017-74b8081e799b
2017,WFP,Russian Federation,PANH HELICOPTERS,"Transportation, Storage, Mail Services",359046.9,WFP-2017-bdf25df61194
2017,WFP,Russian Federation,PANH HELICOPTERS,"Transportation, Storage, Mail Services",351835.0,WFP-2017-5ad723d50ec0
2017,WFP,Russian Federation,PANH HELICOPTERS,"Transportation, Storage, Mail Services",238600.0,WFP-2017-b51e65251e1c
2017,WFP,Russian Federation,PANH HELICOPTERS,"Transportation, Storage, Mail Services",238600.0,WFP-2017-61e674aa4261
2017,WFP,Russian Federation,PANH HELICOPTERS,"Transportation, Storage, Mail Services",238600.0,WFP-2017-fb013ea1b3aa
2017,WFP,Russian Federation,PANH HELICOPTERS,"Transportation, Storage, Mail Services",238600.0,WFP-2017-f959f4edff6f
2017,WFP,Russian Federation,PANH HELICOPTERS,"Transportation, Storage, Mail Services",218100.0,WFP-2017-94b373efb0e9
2017,WFP,Russian Federation,PANH HELICOPTERS,"Transportation, Storage, Mail Services",218100.0,WFP-2017-b1cdbba6f316
2017,WFP,Russian Federation,PANH HELICOPTERS,"Transportation, Storage, Mail Services",218100.0,WFP-2017-05c75f2864a4
2017,WFP,Russian Federation,PANH HELICOPTERS,"Transportation, Storage, Mail Services",218100.0,WFP-2017-e003376779d5
2017,WFP,Russian Federation,PANH HELICOPTERS,"Transportation, Storage, Mail Services",212200.0,WFP-2017-7efa53a37b1c
2017,WFP,Russian Federation,PANH HELICOPTERS,"Transportation, Storage, Mail Services",204908.73,WFP-2017-8d1ee04ef9b9
2017,WFP,Russian Federation,PANH HELICOPTERS,"Transportation, Storage, Mail Services",175700.0,WFP-2017-083392582afe
2017,WFP,Russian Federation,PANH HELICOPTERS,"Transportation, Storage, Mail Services",133005.0,WFP-2017-f45d323ea669
2017,WFP,Russian Federation,PANH HELICOPTERS,"Transportation, Storage, Mail Services",126400.0,WFP-2017-33205fdf19c9
2017,WFP,Russian Federation,PANH HELICOPTERS,"Transportation, Storage, Mail Services",126400.0,WFP-2017-55d84238b680
2017,WFP,Russian Federation,PANH HELICOPTERS,"Transportation, Storage, Mail Services",126400.0,WFP-2017-c860d2648ad3
2017,WFP,Russian Federation,PANH HELICOPTERS,"Transportation, Storage, Mail Services",126400.0,WFP-2017-58f0f96b1e27
2017,WFP,Russian Federation,PANH HELICOPTERS,"Transportation, Storage, Mail Services",126400.0,WFP-2017-952565dd2b15
2017,WFP,Russian Federation,PANH HELICOPTERS,"Transportation, Storage, Mail Services",126400.0,WFP-2017-fdfa329d0834
2017,WFP,Russian Federation,PANH HELICOPTERS,"Transportation, Storage, Mail Services",126400.0,WFP-2017-b2525f2bf7c3
2017,WFP,Russian Federation,PANH HELICOPTERS,"Transportation, Storage, Mail Services",126400.0,WFP-2017-fdf6b5c8c159
2017,WFP,Russian Federation,PANH HELICOPTERS,"Transportation, Storage, Mail Services",126400.0,WFP-2017-05c1ee1d4038
2017,WFP,Russian Federation,PANH HELICOPTERS,"Transportation, Storage, Mail Services",111268.5,WFP-2017-7a489be40328
2017,UN Secretariat,Russian Federation,PANH HELICOPTERS,"Transportation, Storage, Mail Services",75320.39,UN Secretariat-2017-c3a4037ac42f
2017,WFP,Russian Federation,PANH HELICOPTERS,"Transportation, Storage, Mail Services",63200.0,WFP-2017-218b7d76311b
2017,WFP,Russian Federation,PANH HELICOPTERS,"Transportation, Storage, Mail Services",46094.5,WFP-2017-8e4b69dbed3a
2017,WFP,Russian Federation,PANH HELICOPTERS,Financial and Insurance Services,8750.0,WFP-2017-05c75f2864a4
2017,WFP,Russian Federation,PANH HELICOPTERS,Financial and Insurance Services,8750.0,WFP-2017-f959f4edff6f
2017,WFP,Russian Federation,PANH HELICOPTERS,Financial and Insurance Services,8750.0,WFP-2017-b51e65251e1c
2017,WFP,Russian Federation,PANH HELICOPTERS,Financial and Insurance Services,8750.0,WFP-2017-b1cdbba6f316
2017,WFP,Russian Federation,PANH HELICOPTERS,Financial and Insurance Services,8750.0,WFP-2017-94b373efb0e9
2017,WFP,Russian Federation,PANH HELICOPTERS,Financial and Insurance Services,8750.0,WFP-2017-e003376779d5
2017,WFP,Russian Federation,PANH HELICOPTERS,Financial and Insurance Services,8750.0,WFP-2017-fb013ea1b3aa
2017,WFP,Russian Federation,PANH HELICOPTERS,Financial and Insurance Services,8750.0,WFP-2017-61e674aa4261
2017,WFP,Russian Federation,PANH HELICOPTERS,Financial and Insurance Services,6605.0,WFP-2017-33205fdf19c9
2017,WFP,Russian Federation,PANH HELICOPTERS,Financial and Insurance Services,6605.0,WFP-2017-b2525f2bf7c3
2017,WFP,Russian Federation,PANH HELICOPTERS,Financial and Insurance Services,6605.0,WFP-2017-fdf6b5c8c159
2017,WFP,Russian Federation,PANH HELICOPTERS,Financial and Insurance Services,6605.0,WFP-2017-c860d2648ad3
2017,WFP,Russian Federation,PANH HELICOPTERS,Financial and Insurance Services,6605.0,WFP-2017-952565dd2b15
2017,WFP,Russian Federation,PANH HELICOPTERS,Financial and Insurance Services,6605.0,WFP-2017-fdfa329d0834
2017,WFP,Russian Federation,PANH HELICOPTERS,Financial and Insurance Services,6605.0,WFP-2017-05c1ee1d4038
2017,WFP,Russian Federation,PANH HELICOPTERS,Financial and Insurance Services,6605.0,WFP-2017-55d84238b680
2017,WFP,Russian Federation,PANH HELICOPTERS,Financial and Insurance Services,6605.0,WFP-2017-58f0f96b1e27
2017,WFP,Russian Federation,PANH HELICOPTERS,Financial and Insurance Services,4000.0,WFP-2017-083392582afe
2017,WFP,Russian Federation,PANH HELICOPTERS,Financial and Insurance Services,3302.5,WFP-2017-218b7d76311b
2017,WFP,Russian Federation,PANH HELICOPTERS,Financial and Insurance Services,2533.33,WFP-2017-7a489be40328
2017,WFP,Russian Federation,PANH HELICOPTERS,Financial and Insurance Services,846.77,WFP-2017-8e4b69dbed3a
2018,UN Secretariat,Russian Federation,PANH HELICOPTERS,"Transportation, Storage, Mail Services",2309233.0,UN Secretariat-2018-5a308375ffed
2018,UN Secretariat,Russian Federation,PANH HELICOPTERS,"Transportation, Storage, Mail Services",768200.0,UN Secretariat-2018-ff930f650c28
2018,WFP,Russian Federation,PANH HELICOPTERS,"Transportation, Storage, Mail Services",399782.0,WFP-2018-24a720765510
2018,WFP,Russian Federation,PANH HELICOPTERS,"Transportation, Storage, Mail Services",282164.5,WFP-2018-8a1d53aded19
2018,WFP,Russian Federation,PANH HELICOPTERS,"Transportation, Storage, Mail Services",243577.5,WFP-2018-dd14cf7f55ae
2018,WFP,Russian Federation,PANH HELICOPTERS,"Transportation, Storage, Mail Services",237350.0,WFP-2018-d01263949278
2018,WFP,Russian Federation,PANH HELICOPTERS,"Transportation, Storage, Mail Services",211500.0,WFP-2018-9ba76f8af73c
2018,WFP,Russian Federation,PANH HELICOPTERS,"Transportation, Storage, Mail Services",211500.0,WFP-2018-5e2f142ebd0d
2018,WFP,Russian Federation,PANH HELICOPTERS,"Transportation, Storage, Mail Services",211500.0,WFP-2018-2902a4fef9ba
2018,WFP,Russian Federation,PANH HELICOPTERS,"Transportation, Storage, Mail Services",211500.0,WFP-2018-4cc77da3487b
2018,WFP,Russian Federation,PANH HELICOPTERS,"Transportation, Storage, Mail Services",211500.0,WFP-2018-0cc5519b72bf
2018,WFP,Russian Federation,PANH HELICOPTERS,"Transportation, Storage, Mail Services",211500.0,WFP-2018-8a8b3c8ef137
2018,WFP,Russian Federation,PANH HELICOPTERS,"Transportation, Storage, Mail Services",211500.0,WFP-2018-ca8f59105c25
2018,WFP,Russian Federation,PANH HELICOPTERS,"Transportation, Storage, Mail Services",211500.0,WFP-2018-43a1fbec8c46
2018,WFP,Russian Federation,PANH HELICOPTERS,"Transportation, Storage, Mail Services",211500.0,WFP-2018-149a1094810c
2018,WFP,Russian Federation,PANH HELICOPTERS,"Transportation, Storage, Mail Services",211500.0,WFP-2018-0c1866465e78
2018,WFP,Russian Federation,PANH HELICOPTERS,"Transportation, Storage, Mail Services",211500.0,WFP-2018-0bc8ebbca22b
2018,WFP,Russian Federation,PANH HELICOPTERS,"Transportation, Storage, Mail Services",211500.0,WFP-2018-67c279455059
2018,WFP,Russian Federation,PANH HELICOPTERS,"Transportation, Storage, Mail Services",175700.0,WFP-2018-11e3db917811
2018,WFP,Russian Federation,PANH HELICOPTERS,"Transportation, Storage, Mail Services",175700.0,WFP-2018-bb6311c82ce9
2018,WFP,Russian Federation,PANH HELICOPTERS,"Transportation, Storage, Mail Services",175700.0,WFP-2018-e66092b4bec4
2018,WFP,Russian Federation,PANH HELICOPTERS,"Transportation, Storage, Mail Services",175700.0,WFP-2018-70c826324b49
2018,WFP,Russian Federation,PANH HELICOPTERS,"Transportation, Storage, Mail Services",175700.0,WFP-2018-32da5e6ce1d5
2018,WFP,Russian Federation,PANH HELICOPTERS,"Transportation, Storage, Mail Services",175700.0,WFP-2018-8faea3734996
2018,WFP,Russian Federation,PANH HELICOPTERS,"Transportation, Storage, Mail Services",175700.0,WFP-2018-c7ba4d0d648b
2018,WFP,Russian Federation,PANH HELICOPTERS,"Transportation, Storage, Mail Services",175700.0,WFP-2018-b3dd3b311b58
2018,WFP,Russian Federation,PANH HELICOPTERS,"Transportation, Storage, Mail Services",175700.0,WFP-2018-2be33b621cab
2018,WFP,Russian Federation,PANH HELICOPTERS,"Transportation, Storage, Mail Services",175700.0,WFP-2018-233e3030ef4c
2018,WFP,Russian Federation,PANH HELICOPTERS,"Transportation, Storage, Mail Services",175700.0,WFP-2018-81fe50ec9ddd
2018,WFP,Russian Federation,PANH HELICOPTERS,"Transportation, Storage, Mail Services",126400.0,WFP-2018-05b2a0587a6a
2018,WFP,Russian Federation,PANH HELICOPTERS,"Transportation, Storage, Mail Services",123600.0,WFP-2018-a006bff6043e
2018,WFP,Russian Federation,PANH HELICOPTERS,"Transportation, Storage, Mail Services",123600.0,WFP-2018-9a2b45b63e17
2018,WFP,Russian Federation,PANH HELICOPTERS,"Transportation, Storage, Mail Services",123600.0,WFP-2018-a2c9edcb2ab4
2018,WFP,Russian Federation,PANH HELICOPTERS,"Transportation, Storage, Mail Services",123600.0,WFP-2018-d744799b4d79
2018,WFP,Russian Federation,PANH HELICOPTERS,"Transportation, Storage, Mail Services",123600.0,WFP-2018-16185be6d598
2018,WFP,Russian Federation,PANH HELICOPTERS,"Transportation, Storage, Mail Services",123600.0,WFP-2018-c9e6656307e0
2018,WFP,Russian Federation,PANH HELICOPTERS,"Transportation, Storage, Mail Services",123600.0,WFP-2018-eb865ddad551
2018,WFP,Russian Federation,PANH HELICOPTERS,"Transportation, Storage, Mail Services",123600.0,WFP-2018-bad43a629c65
2018,WFP,Russian Federation,PANH HELICOPTERS,"Transportation, Storage, Mail Services",123600.0,WFP-2018-118cc6845303
2018,WFP,Russian Federation,PANH HELICOPTERS,"Transportation, Storage, Mail Services",123600.0,WFP-2018-b6263307d1c5
2018,WFP,Russian Federation,PANH HELICOPTERS,"Transportation, Storage, Mail Services",111268.5,WFP-2018-fc37a532aab1
2018,WFP,Russian Federation,PANH HELICOPTERS,"Transportation, Storage, Mail Services",64431.5,WFP-2018-58072901c085
2018,WFP,Russian Federation,PANH HELICOPTERS,"Transportation, Storage, Mail Services",63200.0,WFP-2018-92b11b547c96
2018,WFP,Russian Federation,PANH HELICOPTERS,"Transportation, Storage, Mail Services",61800.0,WFP-2018-2ed2d78542b6
2018,WFP,Russian Federation,PANH HELICOPTERS,Financial and Insurance Services,6605.0,WFP-2018-05b2a0587a6a
2018,WFP,Russian Federation,PANH HELICOPTERS,Financial and Insurance Services,4000.0,WFP-2018-81fe50ec9ddd
2018,WFP,Russian Federation,PANH HELICOPTERS,Financial and Insurance Services,4000.0,WFP-2018-70c826324b49
2018,WFP,Russian Federation,PANH HELICOPTERS,Financial and Insurance Services,4000.0,WFP-2018-11e3db917811
2018,WFP,Russian Federation,PANH HELICOPTERS,Financial and Insurance Services,4000.0,WFP-2018-2be33b621cab
2018,WFP,Russian Federation,PANH HELICOPTERS,Financial and Insurance Services,4000.0,WFP-2018-8faea3734996
2018,WFP,Russian Federation,PANH HELICOPTERS,Financial and Insurance Services,4000.0,WFP-2018-233e3030ef4c
2018,WFP,Russian Federation,PANH HELICOPTERS,Financial and Insurance Services,4000.0,WFP-2018-32da5e6ce1d5
2018,WFP,Russian Federation,PANH HELICOPTERS,Financial and Insurance Services,4000.0,WFP-2018-b3dd3b311b58
2018,WFP,Russian Federation,PANH HELICOPTERS,Financial and Insurance Services,4000.0,WFP-2018-c7ba4d0d648b
2018,WFP,Russian Federation,PANH HELICOPTERS,Financial and Insurance Services,4000.0,WFP-2018-bb6311c82ce9
2018,WFP,Russian Federation,PANH HELICOPTERS,Financial and Insurance Services,4000.0,WFP-2018-e66092b4bec4
2018,WFP,Russian Federation,PANH HELICOPTERS,Financial and Insurance Services,3302.5,WFP-2018-92b11b547c96
2018,WFP,Russian Federation,PANH HELICOPTERS,Financial and Insurance Services,2700.0,WFP-2018-bad43a629c65
2018,WFP,Russian Federation,PANH HELICOPTERS,Financial and Insurance Services,2700.0,WFP-2018-2902a4fef9ba
2018,WFP,Russian Federation,PANH HELICOPTERS,Financial and Insurance Services,2700.0,WFP-2018-8a8b3c8ef137
2018,WFP,Russian Federation,PANH HELICOPTERS,Financial and Insurance Services,2700.0,WFP-2018-118cc6845303
2018,WFP,Russian Federation,PANH HELICOPTERS,Financial and Insurance Services,2700.0,WFP-2018-d744799b4d79
2018,WFP,Russian Federation,PANH HELICOPTERS,Financial and Insurance Services,2700.0,WFP-2018-0bc8ebbca22b
2018,WFP,Russian Federation,PANH HELICOPTERS,Financial and Insurance Services,2700.0,WFP-2018-a006bff6043e
2018,WFP,Russian Federation,PANH HELICOPTERS,Financial and Insurance Services,2700.0,WFP-2018-0c1866465e78
2018,WFP,Russian Federation,PANH HELICOPTERS,Financial and Insurance Services,2700.0,WFP-2018-9a2b45b63e17
2018,WFP,Russian Federation,PANH HELICOPTERS,Financial and Insurance Services,2700.0,WFP-2018-c9e6656307e0
2018,WFP,Russian Federation,PANH HELICOPTERS,Financial and Insurance Services,2700.0,WFP-2018-eb865ddad551
2018,WFP,Russian Federation,PANH HELICOPTERS,Financial and Insurance Services,2700.0,WFP-2018-16185be6d598
2018,WFP,Russian Federation,PANH HELICOPTERS,Financial and Insurance Services,2700.0,WFP-2018-a2c9edcb2ab4
2018,WFP,Russian Federation,PANH HELICOPTERS,Financial and Insurance Services,2700.0,WFP-2018-0cc5519b72bf
2018,WFP,Russian Federation,PANH HELICOPTERS,Financial and Insurance Services,2700.0,WFP-2018-4cc77da3487b
2018,WFP,Russian Federation,PANH HELICOPTERS,Financial and Insurance Services,2700.0,WFP-2018-149a1094810c
2018,WFP,Russian Federation,PANH HELICOPTERS,Financial and Insurance Services,2700.0,WFP-2018-ca8f59105c25
2018,WFP,Russian Federation,PANH HELICOPTERS,Financial and Insurance Services,2700.0,WFP-2018-9ba76f8af73c
2018,WFP,Russian Federation,PANH HELICOPTERS,Financial and Insurance Services,2700.0,WFP-2018-5e2f142ebd0d
2018,WFP,Russian Federation,PANH HELICOPTERS,Financial and Insurance Services,2700.0,WFP-2018-b6263307d1c5
2018,WFP,Russian Federation,PANH HELICOPTERS,Financial and Insurance Services,2700.0,WFP-2018-43a1fbec8c46
2018,WFP,Russian Federation,PANH HELICOPTERS,Financial and Insurance Services,2700.0,WFP-2018-67c279455059
2018,WFP,Russian Federation,PANH HELICOPTERS,Financial and Insurance Services,2533.33,WFP-2018-fc37a532aab1
2018,WFP,Russian Federation,PANH HELICOPTERS,Financial and Insurance Services,1466.67,WFP-2018-58072901c085
2018,WFP,Russian Federation,PANH HELICOPTERS,Financial and Insurance Services,1350.0,WFP-2018-2ed2d78542b6
2019,WFP,Russian Federation,PANH HELICOPTERS,"Transportation, Storage, Mail Services",259308.0,WFP-2019-5f966958758d
2019,WFP,Russian Federation,PANH HELICOPTERS,"Transportation, Storage, Mail Services",246100.0,WFP-2019-e137b3b112b7
2019,WFP,Russian Federation,PANH HELICOPTERS,"Transportation, Storage, Mail Services",216600.0,WFP-2019-dced41f0332b
2019,WFP,Russian Federation,PANH HELICOPTERS,"Transportation, Storage, Mail Services",216600.0,WFP-2019-e5b2e52ebd56
2019,WFP,Russian Federation,PANH HELICOPTERS,"Transportation, Storage, Mail Services",216600.0,WFP-2019-2869e50e2cec
2019,WFP,Russian Federation,PANH HELICOPTERS,"Transportation, Storage, Mail Services",216600.0,WFP-2019-9a50cc568d3a
2019,WFP,Russian Federation,PANH HELICOPTERS,"Transportation, Storage, Mail Services",216600.0,WFP-2019-2ddd9dd4bd6b
2019,WFP,Russian Federation,PANH HELICOPTERS,"Transportation, Storage, Mail Services",216600.0,WFP-2019-4f6ae3ac7b10
2019,WFP,Russian Federation,PANH HELICOPTERS,"Transportation, Storage, Mail Services",216600.0,WFP-2019-baf8fe9e3b8e
2019,WFP,Russian Federation,PANH HELICOPTERS,"Transportation, Storage, Mail Services",213300.0,WFP-2019-3c2984e8ff20
2019,WFP,Russian Federation,PANH HELICOPTERS,"Transportation, Storage, Mail Services",213300.0,WFP-2019-70c5b0cc83c7
2019,WFP,Russian Federation,PANH HELICOPTERS,"Transportation, Storage, Mail Services",213300.0,WFP-2019-c9dfc5bc48e9
2019,WFP,Russian Federation,PANH HELICOPTERS,"Transportation, Storage, Mail Services",213300.0,WFP-2019-bb8798285c19
2019,WFP,Russian Federation,PANH HELICOPTERS,"Transportation, Storage, Mail Services",213300.0,WFP-2019-060ddaef9000
2019,WFP,Russian Federation,PANH HELICOPTERS,"Transportation, Storage, Mail Services",213300.0,WFP-2019-c0e949890b27
2019,WFP,Russian Federation,PANH HELICOPTERS,"Transportation, Storage, Mail Services",213300.0,WFP-2019-63cee1b5d55b
2019,WFP,Russian Federation,PANH HELICOPTERS,"Transportation, Storage, Mail Services",213300.0,WFP-2019-d9402db9b764
2019,WFP,Russian Federation,PANH HELICOPTERS,"Transportation, Storage, Mail Services",213300.0,WFP-2019-5a77f95ad683
2019,WFP,Russian Federation,PANH HELICOPTERS,"Transportation, Storage, Mail Services",213300.0,WFP-2019-a2033c5682ab
2019,WFP,Russian Federation,PANH HELICOPTERS,"Transportation, Storage, Mail Services",213300.0,WFP-2019-54518bf9008f
2019,WFP,Russian Federation,PANH HELICOPTERS,"Transportation, Storage, Mail Services",213300.0,WFP-2019-03072d39f695
2019,WFP,Russian Federation,PANH HELICOPTERS,"Transportation, Storage, Mail Services",211500.0,WFP-2019-606ce0930afe
2019,WFP,Russian Federation,PANH HELICOPTERS,"Transportation, Storage, Mail Services",211500.0,WFP-2019-e84bb5cb8ab3
2019,WFP,Russian Federation,PANH HELICOPTERS,"Transportation, Storage, Mail Services",210700.0,WFP-2019-3bbce0da8aed
2019,WFP,Russian Federation,PANH HELICOPTERS,"Transportation, Storage, Mail Services",210700.0,WFP-2019-e91b1c7bbb19
2019,WFP,Russian Federation,PANH HELICOPTERS,"Transportation, Storage, Mail Services",210700.0,WFP-2019-ba0f6972b941
2019,WFP,Russian Federation,PANH HELICOPTERS,"Transportation, Storage, Mail Services",210700.0,WFP-2019-33073b49d664
2019,WFP,Russian Federation,PANH HELICOPTERS,"Transportation, Storage, Mail Services",210700.0,WFP-2019-49063a04b773
2019,WFP,Russian Federation,PANH HELICOPTERS,"Transportation, Storage, Mail Services",210700.0,WFP-2019-3c1f1cb4cced
2019,WFP,Russian Federation,PANH HELICOPTERS,"Transportation, Storage, Mail Services",210700.0,WFP-2019-7afcf05c4f69
2019,WFP,Russian Federation,PANH HELICOPTERS,"Transportation, Storage, Mail Services",210700.0,WFP-2019-57dc69041325
2019,WFP,Russian Federation,PANH HELICOPTERS,"Transportation, Storage, Mail Services",210700.0,WFP-2019-a05af094ad63
2019,WFP,Russian Federation,PANH HELICOPTERS,"Transportation, Storage, Mail Services",210700.0,WFP-2019-afd641991d72
2019,WFP,Russian Federation,PANH HELICOPTERS,"Transportation, Storage, Mail Services",210700.0,WFP-2019-1b86ed033fe5
2019,WFP,Russian Federation,PANH HELICOPTERS,"Transportation, Storage, Mail Services",210700.0,WFP-2019-df6f69c92974
2019,WFP,Russian Federation,PANH HELICOPTERS,"Transportation, Storage, Mail Services",191037.0,WFP-2019-575f4754462c
2019,WFP,Russian Federation,PANH HELICOPTERS,"Transportation, Storage, Mail Services",175700.0,WFP-2019-1b74a96fab85
2019,WFP,Russian Federation,PANH HELICOPTERS,"Transportation, Storage, Mail Services",175700.0,WFP-2019-6ec477146c18
2019,WFP,Russian Federation,PANH HELICOPTERS,"Transportation, Storage, Mail Services",175700.0,WFP-2019-a9eea45bc6f7
2019,WFP,Russian Federation,PANH HELICOPTERS,"Transportation, Storage, Mail Services",175700.0,WFP-2019-012052391bd3
2019,WFP,Russian Federation,PANH HELICOPTERS,"Transportation, Storage, Mail Services",175700.0,WFP-2019-49d690bcd5ac
2019,WFP,Russian Federation,PANH HELICOPTERS,"Transportation, Storage, Mail Services",175700.0,WFP-2019-e6b7c33432fd
2019,WFP,Russian Federation,PANH HELICOPTERS,"Transportation, Storage, Mail Services",175700.0,WFP-2019-1c48ae8d0064
2019,WFP,Russian Federation,PANH HELICOPTERS,"Transportation, Storage, Mail Services",175700.0,WFP-2019-20415b7fbefd
2019,WFP,Russian Federation,PANH HELICOPTERS,"Transportation, Storage, Mail Services",175700.0,WFP-2019-9c24fe7cacc3
2019,WFP,Russian Federation,PANH HELICOPTERS,"Transportation, Storage, Mail Services",175700.0,WFP-2019-4a105db931d8
2019,WFP,Russian Federation,PANH HELICOPTERS,"Transportation, Storage, Mail Services",172254.0,WFP-2019-d8a561b6d59c
2019,WFP,Russian Federation,PANH HELICOPTERS,"Transportation, Storage, Mail Services",163800.0,WFP-2019-0005868286f3
2019,WFP,Russian Federation,PANH HELICOPTERS,"Transportation, Storage, Mail Services",160800.0,WFP-2019-1aa812dd15dc
2019,WFP,Russian Federation,PANH HELICOPTERS,"Transportation, Storage, Mail Services",160800.0,WFP-2019-7b9643f8592c
2019,WFP,Russian Federation,PANH HELICOPTERS,"Transportation, Storage, Mail Services",154800.0,WFP-2019-ec365fa710fd
2019,WFP,Russian Federation,PANH HELICOPTERS,"Transportation, Storage, Mail Services",126316.0,WFP-2019-112d4cd4546c
2019,WFP,Russian Federation,PANH HELICOPTERS,"Transportation, Storage, Mail Services",123600.0,WFP-2019-d684117eb51d
2019,WFP,Russian Federation,PANH HELICOPTERS,"Transportation, Storage, Mail Services",108600.0,WFP-2019-789562ab3c8f
2019,WFP,Russian Federation,PANH HELICOPTERS,"Transportation, Storage, Mail Services",108600.0,WFP-2019-0c9b360f867f
2019,WFP,Russian Federation,PANH HELICOPTERS,"Transportation, Storage, Mail Services",108600.0,WFP-2019-cb539ab142c0
2019,WFP,Russian Federation,PANH HELICOPTERS,"Transportation, Storage, Mail Services",108600.0,WFP-2019-c8ec63a0f32e
2019,WFP,Russian Federation,PANH HELICOPTERS,"Transportation, Storage, Mail Services",108600.0,WFP-2019-6ca5b15403ff
2019,WFP,Russian Federation,PANH HELICOPTERS,"Transportation, Storage, Mail Services",108600.0,WFP-2019-dc2ec4e49552
2019,WFP,Russian Federation,PANH HELICOPTERS,"Transportation, Storage, Mail Services",108600.0,WFP-2019-743023f20441
2019,WFP,Russian Federation,PANH HELICOPTERS,"Transportation, Storage, Mail Services",108600.0,WFP-2019-7c318bd37f7e
2019,WFP,Russian Federation,PANH HELICOPTERS,"Transportation, Storage, Mail Services",108600.0,WFP-2019-818603d96394
2019,WFP,Russian Federation,PANH HELICOPTERS,"Transportation, Storage, Mail Services",98085.0,WFP-2019-c66b5a55db29
2019,WFP,Russian Federation,PANH HELICOPTERS,"Transportation, Storage, Mail Services",98040.0,WFP-2019-8f8785759a3b
2019,WFP,Russian Federation,PANH HELICOPTERS,"Transportation, Storage, Mail Services",84962.0,WFP-2019-35735d266bc6
2019,WFP,Russian Federation,PANH HELICOPTERS,"Transportation, Storage, Mail Services",64431.5,WFP-2019-7b2c45b9af45
2019,WFP,Russian Federation,PANH HELICOPTERS,"Transportation, Storage, Mail Services",61800.0,WFP-2019-74b70af7777c
2019,WFP,Russian Federation,PANH HELICOPTERS,"Transportation, Storage, Mail Services",55354.0,WFP-2019-c0fb27bb9308
2019,WFP,Russian Federation,PANH HELICOPTERS,"Transportation, Storage, Mail Services",45799.0,WFP-2019-ded1a7c43e1f
2019,WFP,Russian Federation,PANH HELICOPTERS,"Transportation, Storage, Mail Services",30199.0,WFP-2019-91ec9939ff24
2019,WFP,Russian Federation,PANH HELICOPTERS,Financial and Insurance Services,4000.0,WFP-2019-20415b7fbefd
2019,WFP,Russian Federation,PANH HELICOPTERS,Financial and Insurance Services,4000.0,WFP-2019-4a105db931d8
2019,WFP,Russian Federation,PANH HELICOPTERS,Financial and Insurance Services,4000.0,WFP-2019-9c24fe7cacc3
2019,WFP,Russian Federation,PANH HELICOPTERS,Financial and Insurance Services,4000.0,WFP-2019-012052391bd3
2019,WFP,Russian Federation,PANH HELICOPTERS,Financial and Insurance Services,4000.0,WFP-2019-49d690bcd5ac
2019,WFP,Russian Federation,PANH HELICOPTERS,Financial and Insurance Services,4000.0,WFP-2019-a9eea45bc6f7
2019,WFP,Russian Federation,PANH HELICOPTERS,Financial and Insurance Services,4000.0,WFP-2019-e6b7c33432fd
2019,WFP,Russian Federation,PANH HELICOPTERS,Financial and Insurance Services,4000.0,WFP-2019-6ec477146c18
2019,WFP,Russian Federation,PANH HELICOPTERS,Financial and Insurance Services,4000.0,WFP-2019-1b74a96fab85
2019,WFP,Russian Federation,PANH HELICOPTERS,Financial and Insurance Services,4000.0,WFP-2019-1c48ae8d0064
2019,WFP,Russian Federation,PANH HELICOPTERS,Financial and Insurance Services,2700.0,WFP-2019-606ce0930afe
2019,WFP,Russian Federation,PANH HELICOPTERS,Financial and Insurance Services,2700.0,WFP-2019-e84bb5cb8ab3
2019,WFP,Russian Federation,PANH HELICOPTERS,Financial and Insurance Services,2700.0,WFP-2019-d684117eb51d
2019,WFP,Russian Federation,PANH HELICOPTERS,Financial and Insurance Services,2700.0,WFP-2019-ec365fa710fd
2019,WFP,Russian Federation,PANH HELICOPTERS,Financial and Insurance Services,2500.0,WFP-2019-dced41f0332b
2019,WFP,Russian Federation,PANH HELICOPTERS,Financial and Insurance Services,2500.0,WFP-2019-2ddd9dd4bd6b
2019,WFP,Russian Federation,PANH HELICOPTERS,Financial and Insurance Services,2500.0,WFP-2019-1aa812dd15dc
2019,WFP,Russian Federation,PANH HELICOPTERS,Financial and Insurance Services,2500.0,WFP-2019-baf8fe9e3b8e
2019,WFP,Russian Federation,PANH HELICOPTERS,Financial and Insurance Services,2500.0,WFP-2019-e5b2e52ebd56
2019,WFP,Russian Federation,PANH HELICOPTERS,Financial and Insurance Services,2500.0,WFP-2019-2869e50e2cec
2019,WFP,Russian Federation,PANH HELICOPTERS,Financial and Insurance Services,2500.0,WFP-2019-4f6ae3ac7b10
2019,WFP,Russian Federation,PANH HELICOPTERS,Financial and Insurance Services,2500.0,WFP-2019-9a50cc568d3a
2019,WFP,Russian Federation,PANH HELICOPTERS,Financial and Insurance Services,2500.0,WFP-2019-7b9643f8592c
2019,WFP,Russian Federation,PANH HELICOPTERS,Financial and Insurance Services,2438.71,WFP-2019-575f4754462c
2019,WFP,Russian Federation,PANH HELICOPTERS,Financial and Insurance Services,1710.0,WFP-2019-8f8785759a3b
2019,WFP,Russian Federation,PANH HELICOPTERS,Financial and Insurance Services,1600.0,WFP-2019-0c9b360f867f
2019,WFP,Russian Federation,PANH HELICOPTERS,Financial and Insurance Services,1600.0,WFP-2019-789562ab3c8f
2019,WFP,Russian Federation,PANH HELICOPTERS,Financial and Insurance Services,1600.0,WFP-2019-dc2ec4e49552
2019,WFP,Russian Federation,PANH HELICOPTERS,Financial and Insurance Services,1600.0,WFP-2019-7c318bd37f7e
2019,WFP,Russian Federation,PANH HELICOPTERS,Financial and Insurance Services,1600.0,WFP-2019-c8ec63a0f32e
2019,WFP,Russian Federation,PANH HELICOPTERS,Financial and Insurance Services,1600.0,WFP-2019-cb539ab142c0
2019,WFP,Russian Federation,PANH HELICOPTERS,Financial and Insurance Services,1600.0,WFP-2019-6ca5b15403ff
2019,WFP,Russian Federation,PANH HELICOPTERS,Financial and Insurance Services,1600.0,WFP-2019-743023f20441
2019,WFP,Russian Federation,PANH HELICOPTERS,Financial and Insurance Services,1600.0,WFP-2019-818603d96394
2019,WFP,Russian Federation,PANH HELICOPTERS,Financial and Insurance Services,1466.67,WFP-2019-7b2c45b9af45
2019,WFP,Russian Federation,PANH HELICOPTERS,Financial and Insurance Services,1445.16,WFP-2019-c66b5a55db29
2019,WFP,Russian Federation,PANH HELICOPTERS,Financial and Insurance Services,1350.0,WFP-2019-74b70af7777c
2020,UN Secretariat,Russian Federation,PANH HELICOPTERS,"Transportation, Storage, Mail Services",4281273.42,UN Secretariat-2020-8ced5c0553d1
2020,WFP,Russian Federation,PANH HELICOPTERS,"Transportation, Storage, Mail Services",424000.0,WFP-2020-2ada51605fc8
2020,WFP,Russian Federation,PANH HELICOPTERS,"Transportation, Storage, Mail Services",424000.0,WFP-2020-c2d7ac2c1e80
2020,WFP,Russian Federation,PANH HELICOPTERS,"Transportation, Storage, Mail Services",424000.0,WFP-2020-e07b5347d5f0
2020,WFP,Russian Federation,PANH HELICOPTERS,"Transportation, Storage, Mail Services",216600.0,WFP-2020-05e606a210b5
2020,WFP,Russian Federation,PANH HELICOPTERS,"Transportation, Storage, Mail Services",216600.0,WFP-2020-6a7a4bcb610c
2020,WFP,Russian Federation,PANH HELICOPTERS,"Transportation, Storage, Mail Services",216600.0,WFP-2020-da440a240866
2020,WFP,Russian Federation,PANH HELICOPTERS,"Transportation, Storage, Mail Services",216600.0,WFP-2020-6db2cc25f354
2020,WFP,Russian Federation,PANH HELICOPTERS,"Transportation, Storage, Mail Services",216600.0,WFP-2020-3ac004523e7e
2020,WFP,Russian Federation,PANH HELICOPTERS,"Transportation, Storage, Mail Services",216600.0,WFP-2020-0df20bf31ea0
2020,WFP,Russian Federation,PANH HELICOPTERS,"Transportation, Storage, Mail Services",216600.0,WFP-2020-433f0a3e75fa
2020,WFP,Russian Federation,PANH HELICOPTERS,"Transportation, Storage, Mail Services",216600.0,WFP-2020-d8af4ef56de5
2020,WFP,Russian Federation,PANH HELICOPTERS,"Transportation, Storage, Mail Services",216600.0,WFP-2020-94ce2f643a16
2020,WFP,Russian Federation,PANH HELICOPTERS,"Transportation, Storage, Mail Services",216600.0,WFP-2020-29b9354d810b
2020,WFP,Russian Federation,PANH HELICOPTERS,"Transportation, Storage, Mail Services",216600.0,WFP-2020-5e27ea597e49
2020,WFP,Russian Federation,PANH HELICOPTERS,"Transportation, Storage, Mail Services",213300.0,WFP-2020-12a58be0ddbf
2020,WFP,Russian Federation,PANH HELICOPTERS,"Transportation, Storage, Mail Services",213300.0,WFP-2020-01c41d8599f2
2020,WFP,Russian Federation,PANH HELICOPTERS,"Transportation, Storage, Mail Services",213300.0,WFP-2020-c916c9d1da3f
2020,WFP,Russian Federation,PANH HELICOPTERS,"Transportation, Storage, Mail Services",213300.0,WFP-2020-19ed99ed1d0b
2020,WFP,Russian Federation,PANH HELICOPTERS,"Transportation, Storage, Mail Services",213300.0,WFP-2020-21815199d9dc
2020,WFP,Russian Federation,PANH HELICOPTERS,"Transportation, Storage, Mail Services",213300.0,WFP-2020-23c7c9162c49
2020,WFP,Russian Federation,PANH HELICOPTERS,"Transportation, Storage, Mail Services",210700.0,WFP-2020-c5243b290ba1
2020,WFP,Russian Federation,PANH HELICOPTERS,"Transportation, Storage, Mail Services",210700.0,WFP-2020-3b4b9c35fd77
2020,WFP,Russian Federation,PANH HELICOPTERS,"Transportation, Storage, Mail Services",210700.0,WFP-2020-7cf6c7392185
2020,WFP,Russian Federation,PANH HELICOPTERS,"Transportation, Storage, Mail Services",210700.0,WFP-2020-8097bc822d52
2020,WFP,Russian Federation,PANH HELICOPTERS,"Transportation, Storage, Mail Services",210700.0,WFP-2020-a4ca2e3c5b06
2020,WFP,Russian Federation,PANH HELICOPTERS,"Transportation, Storage, Mail Services",210700.0,WFP-2020-583e914c8e68
2020,WFP,Russian Federation,PANH HELICOPTERS,"Transportation, Storage, Mail Services",210600.0,WFP-2020-1b42d4026aee
2020,WFP,Russian Federation,PANH HELICOPTERS,"Transportation, Storage, Mail Services",210600.0,WFP-2020-85e615ff3a93
2020,WFP,Russian Federation,PANH HELICOPTERS,"Transportation, Storage, Mail Services",210600.0,WFP-2020-116bb34abf89
2020,WFP,Russian Federation,PANH HELICOPTERS,"Transportation, Storage, Mail Services",208000.0,WFP-2020-78c91c4e6b3f
2020,WFP,Russian Federation,PANH HELICOPTERS,"Transportation, Storage, Mail Services",208000.0,WFP-2020-ed044895ec68
2020,WFP,Russian Federation,PANH HELICOPTERS,"Transportation, Storage, Mail Services",208000.0,WFP-2020-86cb14b29296
2020,WFP,Russian Federation,PANH HELICOPTERS,"Transportation, Storage, Mail Services",195638.0,WFP-2020-48f2b0f5f01f
2020,WFP,Russian Federation,PANH HELICOPTERS,"Transportation, Storage, Mail Services",182452.5,WFP-2020-6da9628d5314
2020,WFP,Russian Federation,PANH HELICOPTERS,"Transportation, Storage, Mail Services",154800.0,WFP-2020-13e04aa9f1ca
2020,WFP,Russian Federation,PANH HELICOPTERS,"Transportation, Storage, Mail Services",154800.0,WFP-2020-3a50e58ac730
2020,WFP,Russian Federation,PANH HELICOPTERS,"Transportation, Storage, Mail Services",154800.0,WFP-2020-866ac52ab23e
2020,WFP,Russian Federation,PANH HELICOPTERS,"Transportation, Storage, Mail Services",154800.0,WFP-2020-918ff16cceaf
2020,WFP,Russian Federation,PANH HELICOPTERS,"Transportation, Storage, Mail Services",154800.0,WFP-2020-98592414ba3e
2020,WFP,Russian Federation,PANH HELICOPTERS,"Transportation, Storage, Mail Services",154800.0,WFP-2020-7cf97e5d602f
2020,WFP,Russian Federation,PANH HELICOPTERS,"Transportation, Storage, Mail Services",154800.0,WFP-2020-9a2295f94338
2020,WFP,Russian Federation,PANH HELICOPTERS,"Transportation, Storage, Mail Services",154800.0,WFP-2020-b4974cbb19de
2020,WFP,Russian Federation,PANH HELICOPTERS,"Transportation, Storage, Mail Services",154800.0,WFP-2020-d77ba59e15c1
2020,WFP,Russian Federation,PANH HELICOPTERS,"Transportation, Storage, Mail Services",154800.0,WFP-2020-4cc041df36a3
2020,WFP,Russian Federation,PANH HELICOPTERS,"Transportation, Storage, Mail Services",154800.0,WFP-2020-ed024293b944
2020,WFP,Russian Federation,PANH HELICOPTERS,"Transportation, Storage, Mail Services",108600.0,WFP-2020-bd7bf6925394
2020,WFP,Russian Federation,PANH HELICOPTERS,"Transportation, Storage, Mail Services",108600.0,WFP-2020-1fdefa0094f4
2020,WFP,Russian Federation,PANH HELICOPTERS,"Transportation, Storage, Mail Services",108600.0,WFP-2020-36344d0d5350
2020,WFP,Russian Federation,PANH HELICOPTERS,"Transportation, Storage, Mail Services",108600.0,WFP-2020-a3beab049b0c
2020,WFP,Russian Federation,PANH HELICOPTERS,"Transportation, Storage, Mail Services",108600.0,WFP-2020-cff0cdcf19c5
2020,WFP,Russian Federation,PANH HELICOPTERS,"Transportation, Storage, Mail Services",108600.0,WFP-2020-b5642c09138d
2020,WFP,Russian Federation,PANH HELICOPTERS,"Transportation, Storage, Mail Services",108600.0,WFP-2020-2126795025de
2020,WFP,Russian Federation,PANH HELICOPTERS,"Transportation, Storage, Mail Services",108600.0,WFP-2020-d6f24510fdcb
2020,WFP,Russian Federation,PANH HELICOPTERS,"Transportation, Storage, Mail Services",108600.0,WFP-2020-4eff931c9895
2020,WFP,Russian Federation,PANH HELICOPTERS,"Transportation, Storage, Mail Services",108600.0,WFP-2020-2aa2117dd4ee
2020,WFP,Russian Federation,PANH HELICOPTERS,"Transportation, Storage, Mail Services",108600.0,WFP-2020-7d3b264eb941
2020,WFP,Russian Federation,PANH HELICOPTERS,"Transportation, Storage, Mail Services",108600.0,WFP-2020-492ee2a1ca5a
2020,WFP,Russian Federation,PANH HELICOPTERS,"Transportation, Storage, Mail Services",107400.0,WFP-2020-f0a06cfab1e1
2020,WFP,Russian Federation,PANH HELICOPTERS,"Transportation, Storage, Mail Services",107400.0,WFP-2020-af8ae0ded254
2020,WFP,Russian Federation,PANH HELICOPTERS,"Transportation, Storage, Mail Services",107400.0,WFP-2020-d220fb8b9885
2020,WFP,Russian Federation,PANH HELICOPTERS,"Transportation, Storage, Mail Services",107400.0,WFP-2020-769d9b59be62
2020,WFP,Russian Federation,PANH HELICOPTERS,"Transportation, Storage, Mail Services",107400.0,WFP-2020-bee6492ea34d
2020,WFP,Russian Federation,PANH HELICOPTERS,"Transportation, Storage, Mail Services",97606.45,WFP-2020-2bbd6270cc98
2020,WFP,Russian Federation,PANH HELICOPTERS,"Transportation, Storage, Mail Services",94200.0,WFP-2020-3550747dfcdc
2020,WFP,Russian Federation,PANH HELICOPTERS,"Transportation, Storage, Mail Services",94200.0,WFP-2020-ffd338fe1bf5
2020,WFP,Russian Federation,PANH HELICOPTERS,"Transportation, Storage, Mail Services",94200.0,WFP-2020-3828074d4e95
2020,WFP,Russian Federation,PANH HELICOPTERS,"Transportation, Storage, Mail Services",94200.0,WFP-2020-3a7855dee702
2020,WFP,Russian Federation,PANH HELICOPTERS,"Transportation, Storage, Mail Services",78545.0,WFP-2020-9f4ea1b76af4
2020,WFP,Russian Federation,PANH HELICOPTERS,"Transportation, Storage, Mail Services",38982.88,WFP-2020-7726c9eabbef
2020,WFP,Russian Federation,PANH HELICOPTERS,Financial and Insurance Services,2700.0,WFP-2020-7cf97e5d602f
2020,WFP,Russian Federation,PANH HELICOPTERS,Financial and Insurance Services,2700.0,WFP-2020-86cb14b29296
2020,WFP,Russian Federation,PANH HELICOPTERS,Financial and Insurance Services,2700.0,WFP-2020-b4974cbb19de
2020,WFP,Russian Federation,PANH HELICOPTERS,Financial and Insurance Services,2700.0,WFP-2020-d77ba59e15c1
2020,WFP,Russian Federation,PANH HELICOPTERS,Financial and Insurance Services,2700.0,WFP-2020-918ff16cceaf
2020,WFP,Russian Federation,PANH HELICOPTERS,Financial and Insurance Services,2700.0,WFP-2020-3a50e58ac730
2020,WFP,Russian Federation,PANH HELICOPTERS,Financial and Insurance Services,2700.0,WFP-2020-116bb34abf89
2020,WFP,Russian Federation,PANH HELICOPTERS,Financial and Insurance Services,2700.0,WFP-2020-ed044895ec68
2020,WFP,Russian Federation,PANH HELICOPTERS,Financial and Insurance Services,2700.0,WFP-2020-85e615ff3a93
2020,WFP,Russian Federation,PANH HELICOPTERS,Financial and Insurance Services,2700.0,WFP-2020-ed024293b944
2020,WFP,Russian Federation,PANH HELICOPTERS,Financial and Insurance Services,2700.0,WFP-2020-98592414ba3e
2020,WFP,Russian Federation,PANH HELICOPTERS,Financial and Insurance Services,2700.0,WFP-2020-13e04aa9f1ca
2020,WFP,Russian Federation,PANH HELICOPTERS,Financial and Insurance Services,2700.0,WFP-2020-1b42d4026aee
2020,WFP,Russian Federation,PANH HELICOPTERS,Financial and Insurance Services,2700.0,WFP-2020-9a2295f94338
2020,WFP,Russian Federation,PANH HELICOPTERS,Financial and Insurance Services,2700.0,WFP-2020-78c91c4e6b3f
2020,WFP,Russian Federation,PANH HELICOPTERS,Financial and Insurance Services,2700.0,WFP-2020-4cc041df36a3
2020,WFP,Russian Federation,PANH HELICOPTERS,Financial and Insurance Services,2700.0,WFP-2020-866ac52ab23e
2020,WFP,Russian Federation,PANH HELICOPTERS,Financial and Insurance Services,2500.0,WFP-2020-05e606a210b5
2020,WFP,Russian Federation,PANH HELICOPTERS,Financial and Insurance Services,2500.0,WFP-2020-433f0a3e75fa
2020,WFP,Russian Federation,PANH HELICOPTERS,Financial and Insurance Services,2500.0,WFP-2020-da440a240866
2020,WFP,Russian Federation,PANH HELICOPTERS,Financial and Insurance Services,2500.0,WFP-2020-6db2cc25f354
2020,WFP,Russian Federation,PANH HELICOPTERS,Financial and Insurance Services,2500.0,WFP-2020-5e27ea597e49
2020,WFP,Russian Federation,PANH HELICOPTERS,Financial and Insurance Services,2500.0,WFP-2020-0df20bf31ea0
2020,WFP,Russian Federation,PANH HELICOPTERS,Financial and Insurance Services,2500.0,WFP-2020-6a7a4bcb610c
2020,WFP,Russian Federation,PANH HELICOPTERS,Financial and Insurance Services,2500.0,WFP-2020-3ac004523e7e
2020,WFP,Russian Federation,PANH HELICOPTERS,Financial and Insurance Services,2500.0,WFP-2020-94ce2f643a16
2020,WFP,Russian Federation,PANH HELICOPTERS,Financial and Insurance Services,2500.0,WFP-2020-29b9354d810b
2020,WFP,Russian Federation,PANH HELICOPTERS,Financial and Insurance Services,2500.0,WFP-2020-d8af4ef56de5
2020,WFP,Russian Federation,PANH HELICOPTERS,Financial and Insurance Services,2258.06,WFP-2020-48f2b0f5f01f
2020,WFP,Russian Federation,PANH HELICOPTERS,Financial and Insurance Services,1800.0,WFP-2020-ffd338fe1bf5
2020,WFP,Russian Federation,PANH HELICOPTERS,Financial and Insurance Services,1800.0,WFP-2020-3828074d4e95
2020,WFP,Russian Federation,PANH HELICOPTERS,Financial and Insurance Services,1800.0,WFP-2020-769d9b59be62
2020,WFP,Russian Federation,PANH HELICOPTERS,Financial and Insurance Services,1800.0,WFP-2020-d220fb8b9885
2020,WFP,Russian Federation,PANH HELICOPTERS,Financial and Insurance Services,1800.0,WFP-2020-3550747dfcdc
2020,WFP,Russian Federation,PANH HELICOPTERS,Financial and Insurance Services,1800.0,WFP-2020-f0a06cfab1e1
2020,WFP,Russian Federation,PANH HELICOPTERS,Financial and Insurance Services,1800.0,WFP-2020-af8ae0ded254
2020,WFP,Russian Federation,PANH HELICOPTERS,Financial and Insurance Services,1800.0,WFP-2020-2bbd6270cc98
2020,WFP,Russian Federation,PANH HELICOPTERS,Financial and Insurance Services,1800.0,WFP-2020-bee6492ea34d
2020,WFP,Russian Federation,PANH HELICOPTERS,Financial and Insurance Services,1800.0,WFP-2020-3a7855dee702
2020,WFP,Russian Federation,PANH HELICOPTERS,Financial and Insurance Services,1600.0,WFP-2020-7d3b264eb941
2020,WFP,Russian Federation,PANH HELICOPTERS,Financial and Insurance Services,1600.0,WFP-2020-cff0cdcf19c5
2020,WFP,Russian Federation,PANH HELICOPTERS,Financial and Insurance Services,1600.0,WFP-2020-492ee2a1ca5a
2020,WFP,Russian Federation,PANH HELICOPTERS,Financial and Insurance Services,1600.0,WFP-2020-b5642c09138d
2020,WFP,Russian Federation,PANH HELICOPTERS,Financial and Insurance Services,1600.0,WFP-2020-4eff931c9895
2020,WFP,Russian Federation,PANH HELICOPTERS,Financial and Insurance Services,1600.0,WFP-2020-a3beab049b0c
2020,WFP,Russian Federation,PANH HELICOPTERS,Financial and Insurance Services,1600.0,WFP-2020-bd7bf6925394
2020,WFP,Russian Federation,PANH HELICOPTERS,Financial and Insurance Services,1600.0,WFP-2020-36344d0d5350
2020,WFP,Russian Federation,PANH HELICOPTERS,Financial and Insurance Services,1600.0,WFP-2020-1fdefa0094f4
2020,WFP,Russian Federation,PANH HELICOPTERS,Financial and Insurance Services,1600.0,WFP-2020-d6f24510fdcb
2020,WFP,Russian Federation,PANH HELICOPTERS,Financial and Insurance Services,1600.0,WFP-2020-2126795025de
2020,WFP,Russian Federation,PANH HELICOPTERS,Financial and Insurance Services,1600.0,WFP-2020-2aa2117dd4ee
2020,WFP,Russian Federation,PANH HELICOPTERS,Financial and Insurance Services,744.83,WFP-2020-7726c9eabbef
2021,UN Secretariat,Russian Federation,PANH HELICOPTERS,"Transportation, Storage, Mail Services",4764686.31,UN Secretariat-2021-e62c83b63e8a
2021,UN Secretariat,Russian Federation,PANH HELICOPTERS,"Transportation, Storage, Mail Services",1947181.16,UN Secretariat-2021-b0c370c03eca
2021,UN Secretariat,Russian Federation,PANH HELICOPTERS,"Transportation, Storage, Mail Services",795280.65,UN Secretariat-2021-2cf46aa8f910
2021,UN Secretariat,Russian Federation,PANH HELICOPTERS,"Transportation, Storage, Mail Services",404481.34,UN Secretariat-2021-6dc99ee0bb6d
2021,WFP,Russian Federation,PANH HELICOPTERS,"Transportation, Storage, Mail Services",269200.0,WFP-2021-25122259ab9e
2021,WFP,Russian Federation,PANH HELICOPTERS,"Transportation, Storage, Mail Services",261621.0,WFP-2021-a7b3d44eb6a3
2021,WFP,Russian Federation,PANH HELICOPTERS,"Transportation, Storage, Mail Services",216600.0,WFP-2021-c1820053ad31
2021,WFP,Russian Federation,PANH HELICOPTERS,"Transportation, Storage, Mail Services",197558.5,WFP-2021-93a359313167
2021,WFP,Russian Federation,PANH HELICOPTERS,"Transportation, Storage, Mail Services",194500.0,WFP-2021-fddd9dd589c0
2021,WFP,Russian Federation,PANH HELICOPTERS,"Transportation, Storage, Mail Services",194500.0,WFP-2021-6552f435e19c
2021,WFP,Russian Federation,PANH HELICOPTERS,"Transportation, Storage, Mail Services",194500.0,WFP-2021-d1277637da94
2021,WFP,Russian Federation,PANH HELICOPTERS,"Transportation, Storage, Mail Services",194500.0,WFP-2021-e1364e799299
2021,WFP,Russian Federation,PANH HELICOPTERS,"Transportation, Storage, Mail Services",194500.0,WFP-2021-b2b81a63333a
2021,WFP,Russian Federation,PANH HELICOPTERS,"Transportation, Storage, Mail Services",194500.0,WFP-2021-a2b21d098af7
2021,WFP,Russian Federation,PANH HELICOPTERS,"Transportation, Storage, Mail Services",194500.0,WFP-2021-f6e47b16c3b1
2021,WFP,Russian Federation,PANH HELICOPTERS,"Transportation, Storage, Mail Services",194500.0,WFP-2021-88aba036cdcc
2021,WFP,Russian Federation,PANH HELICOPTERS,"Transportation, Storage, Mail Services",194500.0,WFP-2021-c803d6db3cfa
2021,WFP,Russian Federation,PANH HELICOPTERS,"Transportation, Storage, Mail Services",194500.0,WFP-2021-ff103debac4a
2021,WFP,Russian Federation,PANH HELICOPTERS,"Transportation, Storage, Mail Services",194500.0,WFP-2021-34493df17f07
2021,WFP,Russian Federation,PANH HELICOPTERS,"Transportation, Storage, Mail Services",194500.0,WFP-2021-6821f34bbbdb
2021,WFP,Russian Federation,PANH HELICOPTERS,"Transportation, Storage, Mail Services",194401.5,WFP-2021-f29ed729d8c1
2021,WFP,Russian Federation,PANH HELICOPTERS,"Transportation, Storage, Mail Services",186000.0,WFP-2021-5257e10265f5
2021,WFP,Russian Federation,PANH HELICOPTERS,"Transportation, Storage, Mail Services",186000.0,WFP-2021-937c5f4d2dd9
2021,WFP,Russian Federation,PANH HELICOPTERS,"Transportation, Storage, Mail Services",186000.0,WFP-2021-315031d2426a
2021,WFP,Russian Federation,PANH HELICOPTERS,"Transportation, Storage, Mail Services",186000.0,WFP-2021-c1991d4024de
2021,WFP,Russian Federation,PANH HELICOPTERS,"Transportation, Storage, Mail Services",186000.0,WFP-2021-e3a5a41b01b4
2021,WFP,Russian Federation,PANH HELICOPTERS,"Transportation, Storage, Mail Services",186000.0,WFP-2021-4fd0e41132a8
2021,WFP,Russian Federation,PANH HELICOPTERS,"Transportation, Storage, Mail Services",186000.0,WFP-2021-22aa06e4c25c
2021,WFP,Russian Federation,PANH HELICOPTERS,"Transportation, Storage, Mail Services",186000.0,WFP-2021-346495d67ea4
2021,WFP,Russian Federation,PANH HELICOPTERS,"Transportation, Storage, Mail Services",186000.0,WFP-2021-fded75c2a728
2021,WFP,Russian Federation,PANH HELICOPTERS,"Transportation, Storage, Mail Services",186000.0,WFP-2021-661d2d7c7346
2021,WFP,Russian Federation,PANH HELICOPTERS,"Transportation, Storage, Mail Services",186000.0,WFP-2021-89b01074e68c
2021,WFP,Russian Federation,PANH HELICOPTERS,"Transportation, Storage, Mail Services",186000.0,WFP-2021-fe7f5633f870
2021,WFP,Russian Federation,PANH HELICOPTERS,"Transportation, Storage, Mail Services",183270.0,WFP-2021-5b495aa48962
2021,WFP,Russian Federation,PANH HELICOPTERS,"Transportation, Storage, Mail Services",176100.0,WFP-2021-0f90dfe9cfce
2021,WFP,Russian Federation,PANH HELICOPTERS,"Transportation, Storage, Mail Services",176100.0,WFP-2021-88241926a84f
2021,WFP,Russian Federation,PANH HELICOPTERS,"Transportation, Storage, Mail Services",176100.0,WFP-2021-43a3a186a81b
2021,WFP,Russian Federation,PANH HELICOPTERS,"Transportation, Storage, Mail Services",176100.0,WFP-2021-70b556a11ad7
2021,WFP,Russian Federation,PANH HELICOPTERS,"Transportation, Storage, Mail Services",176100.0,WFP-2021-f2e67fbdac62
2021,WFP,Russian Federation,PANH HELICOPTERS,"Transportation, Storage, Mail Services",176100.0,WFP-2021-9878ecea7d66
2021,WFP,Russian Federation,PANH HELICOPTERS,"Transportation, Storage, Mail Services",176100.0,WFP-2021-29cbef13b868
2021,WFP,Russian Federation,PANH HELICOPTERS,"Transportation, Storage, Mail Services",176100.0,WFP-2021-02833de3925f
2021,WFP,Russian Federation,PANH HELICOPTERS,"Transportation, Storage, Mail Services",176100.0,WFP-2021-cf9d5fd63544
2021,WFP,Russian Federation,PANH HELICOPTERS,"Transportation, Storage, Mail Services",156000.0,WFP-2021-a0a3f890019d
2021,WFP,Russian Federation,PANH HELICOPTERS,"Transportation, Storage, Mail Services",154800.0,WFP-2021-58ea40f24d8a
2021,WFP,Russian Federation,PANH HELICOPTERS,"Transportation, Storage, Mail Services",154800.0,WFP-2021-08dbedf77fc9
2021,WFP,Russian Federation,PANH HELICOPTERS,"Transportation, Storage, Mail Services",154800.0,WFP-2021-87dfe94febb3
2021,WFP,Russian Federation,PANH HELICOPTERS,"Transportation, Storage, Mail Services",154800.0,WFP-2021-8c823bd65222
2021,WFP,Russian Federation,PANH HELICOPTERS,"Transportation, Storage, Mail Services",154800.0,WFP-2021-7635071b7771
2021,WFP,Russian Federation,PANH HELICOPTERS,"Transportation, Storage, Mail Services",154800.0,WFP-2021-72a19e67c44e
2021,WFP,Russian Federation,PANH HELICOPTERS,"Transportation, Storage, Mail Services",154800.0,WFP-2021-98ba2d237ac0
2021,WFP,Russian Federation,PANH HELICOPTERS,"Transportation, Storage, Mail Services",154800.0,WFP-2021-3b8d3e8e38b5
2021,WFP,Russian Federation,PANH HELICOPTERS,"Transportation, Storage, Mail Services",154800.0,WFP-2021-a12cb25b25ce
2021,WFP,Russian Federation,PANH HELICOPTERS,"Transportation, Storage, Mail Services",154800.0,WFP-2021-fd6a6b22b99f
2021,WFP,Russian Federation,PANH HELICOPTERS,"Transportation, Storage, Mail Services",139455.0,WFP-2021-fdc99097dd84
2021,WFP,Russian Federation,PANH HELICOPTERS,"Transportation, Storage, Mail Services",108600.0,WFP-2021-d866d6931559
2021,WFP,Russian Federation,PANH HELICOPTERS,"Transportation, Storage, Mail Services",108600.0,WFP-2021-ef3fc67c70e1
2021,WFP,Russian Federation,PANH HELICOPTERS,"Transportation, Storage, Mail Services",101085.5,WFP-2021-606f0a1fc175
2021,WFP,Russian Federation,PANH HELICOPTERS,"Transportation, Storage, Mail Services",98800.0,WFP-2021-b1eec353ab83
2021,WFP,Russian Federation,PANH HELICOPTERS,"Transportation, Storage, Mail Services",94200.0,WFP-2021-65375285c9d1
2021,WFP,Russian Federation,PANH HELICOPTERS,"Transportation, Storage, Mail Services",94200.0,WFP-2021-9c6e6727bf7e
2021,WFP,Russian Federation,PANH HELICOPTERS,"Transportation, Storage, Mail Services",94200.0,WFP-2021-d2dca45efb9e
2021,WFP,Russian Federation,PANH HELICOPTERS,"Transportation, Storage, Mail Services",94200.0,WFP-2021-dddd88c46e01
2021,WFP,Russian Federation,PANH HELICOPTERS,"Transportation, Storage, Mail Services",94200.0,WFP-2021-bc507b1f1c15
2021,WFP,Russian Federation,PANH HELICOPTERS,"Transportation, Storage, Mail Services",94200.0,WFP-2021-f0aa0f649c7c
2021,WFP,Russian Federation,PANH HELICOPTERS,"Transportation, Storage, Mail Services",94200.0,WFP-2021-68eb427c1731
2021,WFP,Russian Federation,PANH HELICOPTERS,"Transportation, Storage, Mail Services",94200.0,WFP-2021-ec64fb579daa
2021,WFP,Russian Federation,PANH HELICOPTERS,"Transportation, Storage, Mail Services",94200.0,WFP-2021-324441d6743c
2021,WFP,Russian Federation,PANH HELICOPTERS,"Transportation, Storage, Mail Services",94200.0,WFP-2021-f461f6de7425
2021,WFP,Russian Federation,PANH HELICOPTERS,"Transportation, Storage, Mail Services",94200.0,WFP-2021-eb0d9d604e07
2021,WFP,Russian Federation,PANH HELICOPTERS,"Transportation, Storage, Mail Services",94200.0,WFP-2021-a70f71ff3eaa
2021,WFP,Russian Federation,PANH HELICOPTERS,"Transportation, Storage, Mail Services",82876.5,WFP-2021-34fb6fbf8509
2021,WFP,Russian Federation,PANH HELICOPTERS,"Transportation, Storage, Mail Services",81364.5,WFP-2021-93fa1038d6f4
2021,WFP,Russian Federation,PANH HELICOPTERS,Financial and Insurance Services,2700.0,WFP-2021-a12cb25b25ce
2021,WFP,Russian Federation,PANH HELICOPTERS,Financial and Insurance Services,2700.0,WFP-2021-3b8d3e8e38b5
2021,WFP,Russian Federation,PANH HELICOPTERS,Financial and Insurance Services,2700.0,WFP-2021-8c823bd65222
2021,WFP,Russian Federation,PANH HELICOPTERS,Financial and Insurance Services,2700.0,WFP-2021-fd6a6b22b99f
2021,WFP,Russian Federation,PANH HELICOPTERS,Financial and Insurance Services,2700.0,WFP-2021-72a19e67c44e
2021,WFP,Russian Federation,PANH HELICOPTERS,Financial and Insurance Services,2700.0,WFP-2021-87dfe94febb3
2021,WFP,Russian Federation,PANH HELICOPTERS,Financial and Insurance Services,2700.0,WFP-2021-98ba2d237ac0
2021,WFP,Russian Federation,PANH HELICOPTERS,Financial and Insurance Services,2700.0,WFP-2021-7635071b7771
2021,WFP,Russian Federation,PANH HELICOPTERS,Financial and Insurance Services,2700.0,WFP-2021-58ea40f24d8a
2021,WFP,Russian Federation,PANH HELICOPTERS,Financial and Insurance Services,2700.0,WFP-2021-a0a3f890019d
2021,WFP,Russian Federation,PANH HELICOPTERS,Financial and Insurance Services,2500.0,WFP-2021-70b556a11ad7
2021,WFP,Russian Federation,PANH HELICOPTERS,Financial and Insurance Services,2500.0,WFP-2021-88241926a84f
2021,WFP,Russian Federation,PANH HELICOPTERS,Financial and Insurance Services,2500.0,WFP-2021-f2e67fbdac62
2021,WFP,Russian Federation,PANH HELICOPTERS,Financial and Insurance Services,2500.0,WFP-2021-0f90dfe9cfce
2021,WFP,Russian Federation,PANH HELICOPTERS,Financial and Insurance Services,2500.0,WFP-2021-43a3a186a81b
2021,WFP,Russian Federation,PANH HELICOPTERS,Financial and Insurance Services,2500.0,WFP-2021-9878ecea7d66
2021,WFP,Russian Federation,PANH HELICOPTERS,Financial and Insurance Services,2500.0,WFP-2021-02833de3925f
2021,WFP,Russian Federation,PANH HELICOPTERS,Financial and Insurance Services,2500.0,WFP-2021-cf9d5fd63544
2021,WFP,Russian Federation,PANH HELICOPTERS,Financial and Insurance Services,2500.0,WFP-2021-c1820053ad31
2021,WFP,Russian Federation,PANH HELICOPTERS,Financial and Insurance Services,2500.0,WFP-2021-29cbef13b868
2021,WFP,Russian Federation,PANH HELICOPTERS,Financial and Insurance Services,1996.78,WFP-2021-fdc99097dd84
2021,WFP,Russian Federation,PANH HELICOPTERS,Financial and Insurance Services,1800.0,WFP-2021-65375285c9d1
2021,WFP,Russian Federation,PANH HELICOPTERS,Financial and Insurance Services,1800.0,WFP-2021-f461f6de7425
2021,WFP,Russian Federation,PANH HELICOPTERS,Financial and Insurance Services,1800.0,WFP-2021-324441d6743c
2021,WFP,Russian Federation,PANH HELICOPTERS,Financial and Insurance Services,1800.0,WFP-2021-eb0d9d604e07
2021,WFP,Russian Federation,PANH HELICOPTERS,Financial and Insurance Services,1800.0,WFP-2021-68eb427c1731
2021,WFP,Russian Federation,PANH HELICOPTERS,Financial and Insurance Services,1800.0,WFP-2021-f0aa0f649c7c
2021,WFP,Russian Federation,PANH HELICOPTERS,Financial and Insurance Services,1800.0,WFP-2021-dddd88c46e01
2021,WFP,Russian Federation,PANH HELICOPTERS,Financial and Insurance Services,1800.0,WFP-2021-ec64fb579daa
2021,WFP,Russian Federation,PANH HELICOPTERS,Financial and Insurance Services,1800.0,WFP-2021-bc507b1f1c15
2021,WFP,Russian Federation,PANH HELICOPTERS,Financial and Insurance Services,1800.0,WFP-2021-d2dca45efb9e
2021,WFP,Russian Federation,PANH HELICOPTERS,Financial and Insurance Services,1800.0,WFP-2021-9c6e6727bf7e
2021,WFP,Russian Federation,PANH HELICOPTERS,Financial and Insurance Services,1800.0,WFP-2021-a70f71ff3eaa
2021,WFP,Russian Federation,PANH HELICOPTERS,Financial and Insurance Services,1710.0,WFP-2021-b1eec353ab83
2021,WFP,Russian Federation,PANH HELICOPTERS,Financial and Insurance Services,1600.0,WFP-2021-ef3fc67c70e1
2021,WFP,Russian Federation,PANH HELICOPTERS,Financial and Insurance Services,1600.0,WFP-2021-d866d6931559
2022,UN Secretariat,Russian Federation,PANH HELICOPTERS,"Transportation, Storage, Mail Services",4694772.5,UN Secretariat-2022-9a91844b3ff3
2022,UN Secretariat,Russian Federation,PANH HELICOPTERS,"Transportation, Storage, Mail Services",2029684.55,UN Secretariat-2022-f10a71caa055
2022,UN Secretariat,Russian Federation,PANH HELICOPTERS,"Transportation, Storage, Mail Services",418957.95,UN Secretariat-2022-91487760ff2b
2022,WFP,Russian Federation,PANH HELICOPTERS,"Transportation, Storage, Mail Services",351472.5,WFP-2022-4abf58be2115
2022,WFP,Russian Federation,PANH HELICOPTERS,"Transportation, Storage, Mail Services",350488.5,WFP-2022-51c6665d2036
2022,WFP,Russian Federation,PANH HELICOPTERS,"Transportation, Storage, Mail Services",236180.5,WFP-2022-d1367df28350
2022,WFP,Russian Federation,PANH HELICOPTERS,"Transportation, Storage, Mail Services",220765.5,WFP-2022-056963c36fe0
2022,WFP,Russian Federation,PANH HELICOPTERS,"Transportation, Storage, Mail Services",199875.0,WFP-2022-ded9ec8772b9
2022,WFP,Russian Federation,PANH HELICOPTERS,"Transportation, Storage, Mail Services",199400.0,WFP-2022-35d4de925341
2022,WFP,Russian Federation,PANH HELICOPTERS,"Transportation, Storage, Mail Services",199400.0,WFP-2022-dfb4829adbbd
2022,WFP,Russian Federation,PANH HELICOPTERS,"Transportation, Storage, Mail Services",199400.0,WFP-2022-a07de1c524a0
2022,WFP,Russian Federation,PANH HELICOPTERS,"Transportation, Storage, Mail Services",199400.0,WFP-2022-8d2a9970a9f8
2022,WFP,Russian Federation,PANH HELICOPTERS,"Transportation, Storage, Mail Services",199400.0,WFP-2022-8c6e9d5e68c6
2022,WFP,Russian Federation,PANH HELICOPTERS,"Transportation, Storage, Mail Services",199400.0,WFP-2022-0d37e36f22d2
2022,WFP,Russian Federation,PANH HELICOPTERS,"Transportation, Storage, Mail Services",199400.0,WFP-2022-9e6680716a97
2022,WFP,Russian Federation,PANH HELICOPTERS,"Transportation, Storage, Mail Services",194500.0,WFP-2022-fb69bed66531
2022,WFP,Russian Federation,PANH HELICOPTERS,"Transportation, Storage, Mail Services",194500.0,WFP-2022-b6b2f964adc4
2022,WFP,Russian Federation,PANH HELICOPTERS,"Transportation, Storage, Mail Services",194500.0,WFP-2022-333bfbc27fec
2022,WFP,Russian Federation,PANH HELICOPTERS,"Transportation, Storage, Mail Services",194500.0,WFP-2022-bc1694b3acef
2022,WFP,Russian Federation,PANH HELICOPTERS,"Transportation, Storage, Mail Services",194500.0,WFP-2022-44a06cd39353
2022,WFP,Russian Federation,PANH HELICOPTERS,"Transportation, Storage, Mail Services",194500.0,WFP-2022-a42b40f0e735
2022,WFP,Russian Federation,PANH HELICOPTERS,"Transportation, Storage, Mail Services",194500.0,WFP-2022-4be83f17dc52
2022,WFP,Russian Federation,PANH HELICOPTERS,"Transportation, Storage, Mail Services",194500.0,WFP-2022-32c6bb94615f
2022,WFP,Russian Federation,PANH HELICOPTERS,"Transportation, Storage, Mail Services",194500.0,WFP-2022-18aa7277d47c
2022,WFP,Russian Federation,PANH HELICOPTERS,"Transportation, Storage, Mail Services",194500.0,WFP-2022-5bf820aa0007
2022,WFP,Russian Federation,PANH HELICOPTERS,"Transportation, Storage, Mail Services",194500.0,WFP-2022-3e0643d283c1
2022,WFP,Russian Federation,PANH HELICOPTERS,"Transportation, Storage, Mail Services",194500.0,WFP-2022-92bcd5712061
2022,WFP,Russian Federation,PANH HELICOPTERS,"Transportation, Storage, Mail Services",186000.0,WFP-2022-368ed47d92e3
2022,WFP,Russian Federation,PANH HELICOPTERS,"Transportation, Storage, Mail Services",186000.0,WFP-2022-14450d44294d
2022,WFP,Russian Federation,PANH HELICOPTERS,"Transportation, Storage, Mail Services",186000.0,WFP-2022-6542f0f89678
2022,WFP,Russian Federation,PANH HELICOPTERS,"Transportation, Storage, Mail Services",186000.0,WFP-2022-e5a5c41fa87f
2022,WFP,Russian Federation,PANH HELICOPTERS,"Transportation, Storage, Mail Services",186000.0,WFP-2022-40f01ded6b6d
2022,WFP,Russian Federation,PANH HELICOPTERS,"Transportation, Storage, Mail Services",186000.0,WFP-2022-b7a4e937cf02
2022,WFP,Russian Federation,PANH HELICOPTERS,"Transportation, Storage, Mail Services",186000.0,WFP-2022-3766f358e7fd
2022,WFP,Russian Federation,PANH HELICOPTERS,"Transportation, Storage, Mail Services",186000.0,WFP-2022-99aef54c420c
2022,WFP,Russian Federation,PANH HELICOPTERS,"Transportation, Storage, Mail Services",186000.0,WFP-2022-cf15e6dc8d0c
2022,WFP,Russian Federation,PANH HELICOPTERS,"Transportation, Storage, Mail Services",186000.0,WFP-2022-dba690bb1cd2
2022,WFP,Russian Federation,PANH HELICOPTERS,"Transportation, Storage, Mail Services",186000.0,WFP-2022-3fed241031c9
2022,WFP,Russian Federation,PANH HELICOPTERS,"Transportation, Storage, Mail Services",186000.0,WFP-2022-f40296367e8a
2022,WFP,Russian Federation,PANH HELICOPTERS,"Transportation, Storage, Mail Services",176100.0,WFP-2022-638fc0b6992c
2022,WFP,Russian Federation,PANH HELICOPTERS,"Transportation, Storage, Mail Services",176100.0,WFP-2022-e38af173388c
2022,WFP,Russian Federation,PANH HELICOPTERS,"Transportation, Storage, Mail Services",176100.0,WFP-2022-b6d955441ade
2022,WFP,Russian Federation,PANH HELICOPTERS,"Transportation, Storage, Mail Services",176100.0,WFP-2022-0016c99fa164
2022,WFP,Russian Federation,PANH HELICOPTERS,"Transportation, Storage, Mail Services",176100.0,WFP-2022-a494669b3175
2022,WFP,Russian Federation,PANH HELICOPTERS,"Transportation, Storage, Mail Services",176100.0,WFP-2022-f0a344069bb5
2022,WFP,Russian Federation,PANH HELICOPTERS,"Transportation, Storage, Mail Services",176100.0,WFP-2022-08e579b82c19
2022,WFP,Russian Federation,PANH HELICOPTERS,"Transportation, Storage, Mail Services",176100.0,WFP-2022-aa8785a9d3ab
2022,WFP,Russian Federation,PANH HELICOPTERS,"Transportation, Storage, Mail Services",176100.0,WFP-2022-bf3b99637f9a
2022,WFP,Russian Federation,PANH HELICOPTERS,"Transportation, Storage, Mail Services",176100.0,WFP-2022-183234eda424
2022,WFP,Russian Federation,PANH HELICOPTERS,"Transportation, Storage, Mail Services",176100.0,WFP-2022-b69abf1fe05e
2022,WFP,Russian Federation,PANH HELICOPTERS,"Transportation, Storage, Mail Services",176100.0,WFP-2022-7d5b55ee80d6
2022,WFP,Russian Federation,PANH HELICOPTERS,"Transportation, Storage, Mail Services",156000.0,WFP-2022-333c97540a18
2022,WFP,Russian Federation,PANH HELICOPTERS,"Transportation, Storage, Mail Services",156000.0,WFP-2022-a9c4333a52dc
2022,WFP,Russian Federation,PANH HELICOPTERS,"Transportation, Storage, Mail Services",156000.0,WFP-2022-897a4d95a1eb
2022,WFP,Russian Federation,PANH HELICOPTERS,"Transportation, Storage, Mail Services",156000.0,WFP-2022-08216d6a4e10
2022,WFP,Russian Federation,PANH HELICOPTERS,"Transportation, Storage, Mail Services",156000.0,WFP-2022-711b2e30e6e3
2022,WFP,Russian Federation,PANH HELICOPTERS,"Transportation, Storage, Mail Services",156000.0,WFP-2022-d544ac08f8e2
2022,WFP,Russian Federation,PANH HELICOPTERS,"Transportation, Storage, Mail Services",156000.0,WFP-2022-bf7933fe2a9b
2022,WFP,Russian Federation,PANH HELICOPTERS,"Transportation, Storage, Mail Services",156000.0,WFP-2022-ef6e8eb0ac12
2022,WFP,Russian Federation,PANH HELICOPTERS,"Transportation, Storage, Mail Services",156000.0,WFP-2022-9aa3d06fddde
2022,WFP,Russian Federation,PANH HELICOPTERS,"Transportation, Storage, Mail Services",120280.0,WFP-2022-fce1742c30e1
2022,WFP,Russian Federation,PANH HELICOPTERS,"Transportation, Storage, Mail Services",96484.64,WFP-2022-aeadb64682f1
2022,WFP,Russian Federation,PANH HELICOPTERS,"Transportation, Storage, Mail Services",94200.0,WFP-2022-47122d9dbdbc
2022,WFP,Russian Federation,PANH HELICOPTERS,"Transportation, Storage, Mail Services",81774.5,WFP-2022-aacd1735d885
2022,WFP,Russian Federation,PANH HELICOPTERS,"Transportation, Storage, Mail Services",80114.0,WFP-2022-1b1d31c9ddc1
2022,WFP,Russian Federation,PANH HELICOPTERS,"Transportation, Storage, Mail Services",78339.14,WFP-2022-dc7db86b9979
2022,WFP,Russian Federation,PANH HELICOPTERS,"Transportation, Storage, Mail Services",75478.29,WFP-2022-16dec55e9af5
2022,WFP,Russian Federation,PANH HELICOPTERS,"Transportation, Storage, Mail Services",55330.17,WFP-2022-2232c7f5db69
2022,WFP,Russian Federation,PANH HELICOPTERS,"Transportation, Storage, Mail Services",35780.0,WFP-2022-42019206b708
2022,WFP,Russian Federation,PANH HELICOPTERS,Financial and Insurance Services,2800.0,WFP-2022-8d2a9970a9f8
2022,WFP,Russian Federation,PANH HELICOPTERS,Financial and Insurance Services,2800.0,WFP-2022-dfb4829adbbd
2022,WFP,Russian Federation,PANH HELICOPTERS,Financial and Insurance Services,2800.0,WFP-2022-35d4de925341
2022,WFP,Russian Federation,PANH HELICOPTERS,Financial and Insurance Services,2800.0,WFP-2022-a07de1c524a0
2022,WFP,Russian Federation,PANH HELICOPTERS,Financial and Insurance Services,2800.0,WFP-2022-0d37e36f22d2
2022,WFP,Russian Federation,PANH HELICOPTERS,Financial and Insurance Services,2800.0,WFP-2022-8c6e9d5e68c6
2022,WFP,Russian Federation,PANH HELICOPTERS,Financial and Insurance Services,2800.0,WFP-2022-9e6680716a97
2022,WFP,Russian Federation,PANH HELICOPTERS,Financial and Insurance Services,2700.0,WFP-2022-ef6e8eb0ac12
2022,WFP,Russian Federation,PANH HELICOPTERS,Financial and Insurance Services,2700.0,WFP-2022-08216d6a4e10
2022,WFP,Russian Federation,PANH HELICOPTERS,Financial and Insurance Services,2700.0,WFP-2022-897a4d95a1eb
2022,WFP,Russian Federation,PANH HELICOPTERS,Financial and Insurance Services,2700.0,WFP-2022-a9c4333a52dc
2022,WFP,Russian Federation,PANH HELICOPTERS,Financial and Insurance Services,2700.0,WFP-2022-711b2e30e6e3
2022,WFP,Russian Federation,PANH HELICOPTERS,Financial and Insurance Services,2700.0,WFP-2022-bf7933fe2a9b
2022,WFP,Russian Federation,PANH HELICOPTERS,Financial and Insurance Services,2700.0,WFP-2022-d544ac08f8e2
2022,WFP,Russian Federation,PANH HELICOPTERS,Financial and Insurance Services,2700.0,WFP-2022-333c97540a18
2022,WFP,Russian Federation,PANH HELICOPTERS,Financial and Insurance Services,2700.0,WFP-2022-9aa3d06fddde
2022,WFP,Russian Federation,PANH HELICOPTERS,Financial and Insurance Services,2500.0,WFP-2022-7d5b55ee80d6
2022,WFP,Russian Federation,PANH HELICOPTERS,Financial and Insurance Services,2500.0,WFP-2022-a494669b3175
2022,WFP,Russian Federation,PANH HELICOPTERS,Financial and Insurance Services,2500.0,WFP-2022-f0a344069bb5
2022,WFP,Russian Federation,PANH HELICOPTERS,Financial and Insurance Services,2500.0,WFP-2022-bf3b99637f9a
2022,WFP,Russian Federation,PANH HELICOPTERS,Financial and Insurance Services,2500.0,WFP-2022-08e579b82c19
2022,WFP,Russian Federation,PANH HELICOPTERS,Financial and Insurance Services,2500.0,WFP-2022-b69abf1fe05e
2022,WFP,Russian Federation,PANH HELICOPTERS,Financial and Insurance Services,2500.0,WFP-2022-aa8785a9d3ab
2022,WFP,Russian Federation,PANH HELICOPTERS,Financial and Insurance Services,2500.0,WFP-2022-e38af173388c
2022,WFP,Russian Federation,PANH HELICOPTERS,Financial and Insurance Services,2500.0,WFP-2022-0016c99fa164
2022,WFP,Russian Federation,PANH HELICOPTERS,Financial and Insurance Services,2500.0,WFP-2022-638fc0b6992c
2022,WFP,Russian Federation,PANH HELICOPTERS,Financial and Insurance Services,2500.0,WFP-2022-b6d955441ade
2022,WFP,Russian Federation,PANH HELICOPTERS,Financial and Insurance Services,2500.0,WFP-2022-183234eda424
2022,WFP,Russian Federation,PANH HELICOPTERS,Financial and Insurance Services,1800.0,WFP-2022-47122d9dbdbc
2022,WFP,Russian Federation,PANH HELICOPTERS,Financial and Insurance Services,1354.84,WFP-2022-aeadb64682f1
2022,WFP,Russian Federation,PANH HELICOPTERS,Financial and Insurance Services,1306.45,WFP-2022-16dec55e9af5
2022,WFP,Russian Federation,PANH HELICOPTERS,Financial and Insurance Services,1100.0,WFP-2022-dc7db86b9979
2022,WFP,Russian Federation,PANH HELICOPTERS,Financial and Insurance Services,1055.17,WFP-2022-2232c7f5db69
2023,UN Secretariat,Russian Federation,PANH HELICOPTERS,"Transportation, Storage, Mail Services",1423146.0,UN Secretariat-2023-4641a0f1f001
2023,UN Secretariat,Russian Federation,PANH HELICOPTERS,"Transportation, Storage, Mail Services",1114184.92,UN Secretariat-2023-a81b37cef9cd
2023,UN Secretariat,Russian Federation,PANH HELICOPTERS,"Transportation, Storage, Mail Services",252421.85,UN Secretariat-2023-29efa3625826
2024,UN Secretariat,Russian Federation,PANH HELICOPTERS,"Transportation, Storage, Mail Services",232674.24,UN Secretariat-2024-9391c7a1ef76
2017,UNICEF,Russian Federation,PARTNERSHIP FOR EVERY CHILD P4EC,Management and Admin Services,38498.0,UNICEF-2017-b3407abe2fcd
2019,UNICEF,Russian Federation,PARTNERSHIP FOR EVERY CHILD P4EC,Management and Admin Services,38100.0,UNICEF-2019-0ad4b8a85c64
2019,UNAIDS,Russian Federation,PARTNERSHIP FOR SUPPLY CHAIN MANAGEMENT,IT and Communications Equipment,56162.68,UNAIDS-2019-0243794e9ddd
2016,UNOG,Russian Federation,PEOPLES FRIENDSHIP UNIVERSITY OF RUSSIA,Management and Admin Services,30000.0,UNOG-2016-345ffa38901c
2017,UNOG,Russian Federation,PEOPLES FRIENDSHIP UNIVERSITY OF RUSSIA,Management and Admin Services,30000.0,UNOG-2017-3739af7287c3
2018,UNOG,Russian Federation,PEOPLES FRIENDSHIP UNIVERSITY OF RUSSIA,Management and Admin Services,30000.0,UNOG-2018-d1804ae8e294
2019,UNOG,Russian Federation,PEOPLES FRIENDSHIP UNIVERSITY OF RUSSIA,Management and Admin Services,30000.0,UNOG-2019-649098e8ffd6
2022,UN Secretariat,Russian Federation,PEOPLES FRIENDSHIP UNIVERSITY OF RUSSIA,Management and Admin Services,30000.0,UN Secretariat-2022-18d799548d7b
2022,UNDP,Russian Federation,PHYSTECH GENESIS LLC,Education and Training Services,79540.0,UNDP-2022-8b9573acd890
2025,WFP,Russian Federation,PIPUANT CATERING SERVICE,"Transportation, Storage, Mail Services",75000.0,WFP-2025-54862791e506
2017,UNDP,Russian Federation,PK SVSK LTD,Building and Maintenance Services,75000.02,UNDP-2017-6da3862821d6
2017,UNDP,Russian Federation,PK SVSK LTD,"Transportation, Storage, Mail Services",8000.0,UNDP-2017-6da3862821d6
2017,UNDP,Russian Federation,PK SVSK LTD,Financial and Insurance Services,499.98,UNDP-2017-6da3862821d6
2018,UNDP,Russian Federation,PK SVSK LTD,Motor Vehicles and Parts,248629.0,UNDP-2018-3ebff8f90d90
2018,UNDP,Russian Federation,PK SVSK LTD,Management and Admin Services,13800.0,UNDP-2018-3ebff8f90d90
2018,UNDP,Russian Federation,PK SVSK LTD,Financial and Insurance Services,800.0,UNDP-2018-3ebff8f90d90
2019,UNDP,Russian Federation,PK SVSK LTD,Motor Vehicles and Parts,52400.0,UNDP-2019-139f74c54d1c
2019,UNDP,Russian Federation,PK SVSK LTD,"Transportation, Storage, Mail Services",6000.0,UNDP-2019-139f74c54d1c
2019,UNDP,Russian Federation,PK SVSK LTD,Financial and Insurance Services,800.0,UNDP-2019-139f74c54d1c
2015,UNDP,Russian Federation,POLYMEDIA JOINT STOCK COMPANY,IT and Communications Equipment,76213.0,UNDP-2015-b00797be829c
2015,UNDP,Russian Federation,POLYMEDIA JOINT STOCK COMPANY,Domestic Appliances and Electronics,75330.0,UNDP-2015-b00797be829c
2015,UNDP,Russian Federation,POLYMEDIA JOINT STOCK COMPANY,"Printing, Photo and AV Equipment",55457.0,UNDP-2015-b00797be829c
2025,WFP,Russian Federation,POWERMEDICAL ECUADOR S.A.S.,"Transportation, Storage, Mail Services",50000.0,WFP-2025-eb02988f4188
2019,UNIDO,Russian Federation,PRIVATE ENTREPRENEUR KUKHARCHUK O.V,Engineering and Research Services,53063.46,UNIDO-2019-3531090d296d
2020,UNIDO,Russian Federation,PRIVATE ENTREPRENEUR KUKHARCHUK O.V,Education and Training Services,47274.88,UNIDO-2020-d1a92b8de4a0
2021,UNOV,Russian Federation,PRO-PROFI LLC,"Editorial, Design, Graphic Services",44226.0,UNOV-2021-e708aa65826c
2021,UNOV,Russian Federation,PRO-PROFI LLC,"Travel, Food and Lodging",1080.0,UNOV-2021-e708aa65826c
2019,UNICEF,Russian Federation,PROFI L OOO,Medical Equipment and Supplies,44978.92,UNICEF-2019-3013fda3ba52
2016,UNICEF,Russian Federation,PUBLIC JOINT STOCK COMPANY,"Pharmaceuticals, Contraceptives, Vaccines",46909.0,UNICEF-2016-901a139e7944
2022,UNDP,Russian Federation,PUBLIC VERDICT FOUNDATION,Engineering and Research Services,45000.0,UNDP-2022-abbcab5900d7
2017,IAEA,Russian Federation,RADEK SCIENTIFIC TECHNICAL CENTRE,Laboratory and Testing Equipment,41526.37,IAEA-2017-0fcbd82191e5
2018,UNOV,Russian Federation,RADIOVIDENIE LLC,Security and Safety Equipment,39500.0,UNOV-2018-82242a8fe334
2021,FAO,Russian Federation,RAMI KABALAN TRADING ESTABLISHMENT,"Farming, Fishing, Forestry Services",598107.63,FAO-2021-caeaa4ff4a26
2021,FAO,Russian Federation,RAMI KABALAN TRADING ESTABLISHMENT,"Farming, Fishing Equipment",47447.16,FAO-2021-f7ebcebf3adc
2023,IAEA,Russian Federation,"RESEARCH AND DEVELOPMENT INSTITUTE FOR TECHNICAL PHYSICS AND AUTOMATION, JOINT-STOCK COMPANY (NIITFA JSC)",Industrial Cleaning Services,430063.78,IAEA-2023-f3e238e75ee9
2018,IOM,Russian Federation,RESO-WARRANTY,Financial and Insurance Services,657263.53,IOM-2018-239806fe99c7
2017,WFP,Russian Federation,RHENUS INTERMODAL SYSTEMS LLC,"Transportation, Storage, Mail Services",69419.69,WFP-2017-382feb8d2a88
2018,WFP,Russian Federation,RHENUS INTERMODAL SYSTEMS LLC,"Transportation, Storage, Mail Services",90192.5,WFP-2018-e79e69b3b94c
2018,WFP,Russian Federation,RHENUS INTERMODAL SYSTEMS LLC,"Transportation, Storage, Mail Services",77516.78,WFP-2018-11c948413502
2018,WFP,Russian Federation,RHENUS INTERMODAL SYSTEMS LLC,"Transportation, Storage, Mail Services",75878.78,WFP-2018-1d95e85c620d
2018,WFP,Russian Federation,RHENUS INTERMODAL SYSTEMS LLC,"Transportation, Storage, Mail Services",75878.78,WFP-2018-ef368ed7c7a5
2018,WFP,Russian Federation,RHENUS INTERMODAL SYSTEMS LLC,"Transportation, Storage, Mail Services",73901.6,WFP-2018-9e645c8894c4
2018,WFP,Russian Federation,RHENUS INTERMODAL SYSTEMS LLC,"Transportation, Storage, Mail Services",70223.42,WFP-2018-3148c4b7c589
2018,WFP,Russian Federation,RHENUS INTERMODAL SYSTEMS LLC,"Transportation, Storage, Mail Services",68741.42,WFP-2018-1c8aa7048ad7
2018,WFP,Russian Federation,RHENUS INTERMODAL SYSTEMS LLC,"Transportation, Storage, Mail Services",66847.32,WFP-2018-471c40a1f35d
2018,WFP,Russian Federation,RHENUS INTERMODAL SYSTEMS LLC,"Transportation, Storage, Mail Services",66398.42,WFP-2018-a0afdb6ca427
2018,WFP,Russian Federation,RHENUS INTERMODAL SYSTEMS LLC,"Transportation, Storage, Mail Services",66398.42,WFP-2018-9bc534d066ac
2018,WFP,Russian Federation,RHENUS INTERMODAL SYSTEMS LLC,"Transportation, Storage, Mail Services",66398.42,WFP-2018-9c4097e767e7
2018,WFP,Russian Federation,RHENUS INTERMODAL SYSTEMS LLC,"Transportation, Storage, Mail Services",62816.06,WFP-2018-7fc2f2e5c983
2018,WFP,Russian Federation,RHENUS INTERMODAL SYSTEMS LLC,"Transportation, Storage, Mail Services",61540.91,WFP-2018-ec8780a10bf2
2018,WFP,Russian Federation,RHENUS INTERMODAL SYSTEMS LLC,"Transportation, Storage, Mail Services",61490.06,WFP-2018-c1698ee868d6
2018,WFP,Russian Federation,RHENUS INTERMODAL SYSTEMS LLC,"Transportation, Storage, Mail Services",61439.06,WFP-2018-c15c3caeab24
2018,WFP,Russian Federation,RHENUS INTERMODAL SYSTEMS LLC,"Transportation, Storage, Mail Services",60978.47,WFP-2018-2d67aad70162
2018,WFP,Russian Federation,RHENUS INTERMODAL SYSTEMS LLC,"Transportation, Storage, Mail Services",59691.47,WFP-2018-501905a16586
2018,WFP,Russian Federation,RHENUS INTERMODAL SYSTEMS LLC,"Transportation, Storage, Mail Services",57892.88,WFP-2018-8f5bb1e65aaa
2018,WFP,Russian Federation,RHENUS INTERMODAL SYSTEMS LLC,"Transportation, Storage, Mail Services",56094.29,WFP-2018-d864c0d16b6b
2018,WFP,Russian Federation,RHENUS INTERMODAL SYSTEMS LLC,"Transportation, Storage, Mail Services",52485.7,WFP-2018-cb09e33ba017
2018,WFP,Russian Federation,RHENUS INTERMODAL SYSTEMS LLC,"Transportation, Storage, Mail Services",51294.05,WFP-2018-0f3c5592b5e2
2018,WFP,Russian Federation,RHENUS INTERMODAL SYSTEMS LLC,"Transportation, Storage, Mail Services",49929.93,WFP-2018-94b13f23c826
2018,WFP,Russian Federation,RHENUS INTERMODAL SYSTEMS LLC,"Transportation, Storage, Mail Services",49929.93,WFP-2018-ec51784ec3a3
2018,WFP,Russian Federation,RHENUS INTERMODAL SYSTEMS LLC,"Transportation, Storage, Mail Services",49418.6,WFP-2018-ccbd68c83883
2018,WFP,Russian Federation,RHENUS INTERMODAL SYSTEMS LLC,"Transportation, Storage, Mail Services",48828.15,WFP-2018-a61cd788e4c6
2018,WFP,Russian Federation,RHENUS INTERMODAL SYSTEMS LLC,"Transportation, Storage, Mail Services",48154.22,WFP-2018-35b5a5c46de6
2018,WFP,Russian Federation,RHENUS INTERMODAL SYSTEMS LLC,"Transportation, Storage, Mail Services",47140.22,WFP-2018-c464ee598542
2018,WFP,Russian Federation,RHENUS INTERMODAL SYSTEMS LLC,"Transportation, Storage, Mail Services",47121.0,WFP-2018-767f89387ed3
2018,WFP,Russian Federation,RHENUS INTERMODAL SYSTEMS LLC,"Transportation, Storage, Mail Services",47020.42,WFP-2018-a2708e782091
2018,WFP,Russian Federation,RHENUS INTERMODAL SYSTEMS LLC,"Transportation, Storage, Mail Services",46240.25,WFP-2018-41e96025628d
2018,WFP,Russian Federation,RHENUS INTERMODAL SYSTEMS LLC,"Transportation, Storage, Mail Services",46055.97,WFP-2018-29ebd9ede7c5
2018,WFP,Russian Federation,RHENUS INTERMODAL SYSTEMS LLC,"Transportation, Storage, Mail Services",45438.14,WFP-2018-c3226a902f6e
2018,WFP,Russian Federation,RHENUS INTERMODAL SYSTEMS LLC,"Transportation, Storage, Mail Services",45302.75,WFP-2018-34185d7cc165
2018,WFP,Russian Federation,RHENUS INTERMODAL SYSTEMS LLC,"Transportation, Storage, Mail Services",45302.75,WFP-2018-8c380815640d
2018,WFP,Russian Federation,RHENUS INTERMODAL SYSTEMS LLC,"Transportation, Storage, Mail Services",44476.05,WFP-2018-6f0111f4af5d
2018,WFP,Russian Federation,RHENUS INTERMODAL SYSTEMS LLC,"Transportation, Storage, Mail Services",44453.05,WFP-2018-da18dd211a1b
2018,WFP,Russian Federation,RHENUS INTERMODAL SYSTEMS LLC,"Transportation, Storage, Mail Services",43575.42,WFP-2018-3c2d3fdbd4b1
2018,WFP,Russian Federation,RHENUS INTERMODAL SYSTEMS LLC,"Transportation, Storage, Mail Services",41897.7,WFP-2018-08ea7ebcddc2
2018,WFP,Russian Federation,RHENUS INTERMODAL SYSTEMS LLC,"Transportation, Storage, Mail Services",40774.88,WFP-2018-87bbfbe0bbbd
2018,WFP,Russian Federation,RHENUS INTERMODAL SYSTEMS LLC,"Transportation, Storage, Mail Services",38076.89,WFP-2018-20288f5ff3ef
2018,WFP,Russian Federation,RHENUS INTERMODAL SYSTEMS LLC,"Transportation, Storage, Mail Services",37885.42,WFP-2018-586494dd729f
2018,WFP,Russian Federation,RHENUS INTERMODAL SYSTEMS LLC,"Transportation, Storage, Mail Services",37442.7,WFP-2018-f53acfed9ed5
2018,WFP,Russian Federation,RHENUS INTERMODAL SYSTEMS LLC,"Transportation, Storage, Mail Services",37442.7,WFP-2018-8a7964c20120
2018,WFP,Russian Federation,RHENUS INTERMODAL SYSTEMS LLC,"Transportation, Storage, Mail Services",37442.7,WFP-2018-efeedbf18b5f
2018,WFP,Russian Federation,RHENUS INTERMODAL SYSTEMS LLC,"Transportation, Storage, Mail Services",37442.7,WFP-2018-e65d99f2bbbf
2018,WFP,Russian Federation,RHENUS INTERMODAL SYSTEMS LLC,"Transportation, Storage, Mail Services",37442.7,WFP-2018-2fa301dd1a14
2018,WFP,Russian Federation,RHENUS INTERMODAL SYSTEMS LLC,"Transportation, Storage, Mail Services",36339.8,WFP-2018-734d1b5ce5cc
2018,WFP,Russian Federation,RHENUS INTERMODAL SYSTEMS LLC,"Transportation, Storage, Mail Services",36339.8,WFP-2018-f80e753cb27a
2018,WFP,Russian Federation,RHENUS INTERMODAL SYSTEMS LLC,"Transportation, Storage, Mail Services",36339.71,WFP-2018-ab94846d4d0f
2018,WFP,Russian Federation,RHENUS INTERMODAL SYSTEMS LLC,"Transportation, Storage, Mail Services",35280.71,WFP-2018-388331bdbb05
2018,WFP,Russian Federation,RHENUS INTERMODAL SYSTEMS LLC,"Transportation, Storage, Mail Services",35252.21,WFP-2018-566067d92554
2018,WFP,Russian Federation,RHENUS INTERMODAL SYSTEMS LLC,"Transportation, Storage, Mail Services",33792.14,WFP-2018-49082c3e12d2
2018,WFP,Russian Federation,RHENUS INTERMODAL SYSTEMS LLC,"Transportation, Storage, Mail Services",32739.62,WFP-2018-7497822658f4
2018,WFP,Russian Federation,RHENUS INTERMODAL SYSTEMS LLC,"Transportation, Storage, Mail Services",32739.62,WFP-2018-b37a665fa79a
2018,WFP,Russian Federation,RHENUS INTERMODAL SYSTEMS LLC,"Transportation, Storage, Mail Services",32739.54,WFP-2018-b2ff2ac03a18
2018,WFP,Russian Federation,RHENUS INTERMODAL SYSTEMS LLC,"Transportation, Storage, Mail Services",32545.42,WFP-2018-393f05962855
2018,WFP,Russian Federation,RHENUS INTERMODAL SYSTEMS LLC,"Transportation, Storage, Mail Services",32520.9,WFP-2018-b3c56ef6d7f9
2018,WFP,Russian Federation,RHENUS INTERMODAL SYSTEMS LLC,"Transportation, Storage, Mail Services",32227.57,WFP-2018-1534c2299fee
2018,WFP,Russian Federation,RHENUS INTERMODAL SYSTEMS LLC,"Transportation, Storage, Mail Services",31616.62,WFP-2018-8ee40f29cdd7
2018,WFP,Russian Federation,RHENUS INTERMODAL SYSTEMS LLC,"Transportation, Storage, Mail Services",31217.25,WFP-2018-8753cb3db5d5
2018,WFP,Russian Federation,RHENUS INTERMODAL SYSTEMS LLC,"Transportation, Storage, Mail Services",31097.86,WFP-2018-b06e25ba459a
2018,WFP,Russian Federation,RHENUS INTERMODAL SYSTEMS LLC,"Transportation, Storage, Mail Services",30939.45,WFP-2018-8be856ccc69a
2018,WFP,Russian Federation,RHENUS INTERMODAL SYSTEMS LLC,"Transportation, Storage, Mail Services",30914.03,WFP-2018-3de3a67e2710
2018,WFP,Russian Federation,RHENUS INTERMODAL SYSTEMS LLC,"Transportation, Storage, Mail Services",30450.6,WFP-2018-4a64f2ccfc62
2018,WFP,Russian Federation,RHENUS INTERMODAL SYSTEMS LLC,"Transportation, Storage, Mail Services",30099.52,WFP-2018-dd46e20c9d59
2019,WFP,Russian Federation,RHENUS INTERMODAL SYSTEMS LLC,"Transportation, Storage, Mail Services",89847.22,WFP-2019-2a0f3ab21d54
2019,WFP,Russian Federation,RHENUS INTERMODAL SYSTEMS LLC,"Transportation, Storage, Mail Services",52222.86,WFP-2019-af5c390b3504
2019,WFP,Russian Federation,RHENUS INTERMODAL SYSTEMS LLC,"Transportation, Storage, Mail Services",51699.13,WFP-2019-93e983deff2a
2019,WFP,Russian Federation,RHENUS INTERMODAL SYSTEMS LLC,"Transportation, Storage, Mail Services",51699.13,WFP-2019-90a3d4c5630f
2019,WFP,Russian Federation,RHENUS INTERMODAL SYSTEMS LLC,"Transportation, Storage, Mail Services",45583.5,WFP-2019-09e9f84a83cf
2019,WFP,Russian Federation,RHENUS INTERMODAL SYSTEMS LLC,"Transportation, Storage, Mail Services",42337.2,WFP-2019-d71332e2980c
2019,WFP,Russian Federation,RHENUS INTERMODAL SYSTEMS LLC,"Transportation, Storage, Mail Services",40667.25,WFP-2019-d0aeeeacd57c
2019,WFP,Russian Federation,RHENUS INTERMODAL SYSTEMS LLC,"Transportation, Storage, Mail Services",40237.2,WFP-2019-fd58a783852c
2019,WFP,Russian Federation,RHENUS INTERMODAL SYSTEMS LLC,"Transportation, Storage, Mail Services",39533.72,WFP-2019-50b510856fc7
2019,WFP,Russian Federation,RHENUS INTERMODAL SYSTEMS LLC,"Transportation, Storage, Mail Services",39245.91,WFP-2019-be01d10b3225
2019,WFP,Russian Federation,RHENUS INTERMODAL SYSTEMS LLC,"Transportation, Storage, Mail Services",39069.87,WFP-2019-a7f007e6494c
2019,WFP,Russian Federation,RHENUS INTERMODAL SYSTEMS LLC,"Transportation, Storage, Mail Services",35422.51,WFP-2019-9b2ca1a52785
2019,WFP,Russian Federation,RHENUS INTERMODAL SYSTEMS LLC,"Transportation, Storage, Mail Services",34719.06,WFP-2019-8d60de827d9c
2019,WFP,Russian Federation,RHENUS INTERMODAL SYSTEMS LLC,"Transportation, Storage, Mail Services",34719.06,WFP-2019-6eb5a42e372f
2019,WFP,Russian Federation,RHENUS INTERMODAL SYSTEMS LLC,"Transportation, Storage, Mail Services",33620.33,WFP-2019-0e283e37ddc0
2019,WFP,Russian Federation,RHENUS INTERMODAL SYSTEMS LLC,"Transportation, Storage, Mail Services",32827.32,WFP-2019-866363ffcaf6
2019,WFP,Russian Federation,RHENUS INTERMODAL SYSTEMS LLC,"Transportation, Storage, Mail Services",30229.51,WFP-2019-6999b533b072
2020,WFP,Russian Federation,RHENUS INTERMODAL SYSTEMS LLC,"Transportation, Storage, Mail Services",45082.7,WFP-2020-c74e6a94015d
2020,WFP,Russian Federation,RHENUS INTERMODAL SYSTEMS LLC,"Transportation, Storage, Mail Services",45082.7,WFP-2020-93899be88c1a
2020,WFP,Russian Federation,RHENUS INTERMODAL SYSTEMS LLC,"Transportation, Storage, Mail Services",45082.7,WFP-2020-5c695ceddb42
2020,WFP,Russian Federation,RHENUS INTERMODAL SYSTEMS LLC,"Transportation, Storage, Mail Services",39110.34,WFP-2020-d0ef2614e41b
2020,WFP,Russian Federation,RHENUS INTERMODAL SYSTEMS LLC,"Transportation, Storage, Mail Services",37487.7,WFP-2020-3d9c6eb3e923
2020,WFP,Russian Federation,RHENUS INTERMODAL SYSTEMS LLC,"Transportation, Storage, Mail Services",37487.66,WFP-2020-f49be68e28f7
2020,WFP,Russian Federation,RHENUS INTERMODAL SYSTEMS LLC,"Transportation, Storage, Mail Services",37229.98,WFP-2020-88f542850f2f
2020,WFP,Russian Federation,RHENUS INTERMODAL SYSTEMS LLC,"Transportation, Storage, Mail Services",36556.79,WFP-2020-12412d921318
2020,WFP,Russian Federation,RHENUS INTERMODAL SYSTEMS LLC,"Transportation, Storage, Mail Services",36556.79,WFP-2020-8b7dce063490
2020,WFP,Russian Federation,RHENUS INTERMODAL SYSTEMS LLC,"Transportation, Storage, Mail Services",36556.79,WFP-2020-8c399cf45a51
2020,WFP,Russian Federation,RHENUS INTERMODAL SYSTEMS LLC,"Transportation, Storage, Mail Services",36556.79,WFP-2020-23a6c7067b2f
2020,WFP,Russian Federation,RHENUS INTERMODAL SYSTEMS LLC,"Transportation, Storage, Mail Services",36409.52,WFP-2020-efd2c6c4091d
2020,WFP,Russian Federation,RHENUS INTERMODAL SYSTEMS LLC,"Transportation, Storage, Mail Services",35387.7,WFP-2020-5309b8d4aa31
2020,WFP,Russian Federation,RHENUS INTERMODAL SYSTEMS LLC,"Transportation, Storage, Mail Services",35095.43,WFP-2020-283b92f32a10
2020,WFP,Russian Federation,RHENUS INTERMODAL SYSTEMS LLC,"Transportation, Storage, Mail Services",33770.43,WFP-2020-7fb3c93232a5
2020,WFP,Russian Federation,RHENUS INTERMODAL SYSTEMS LLC,"Transportation, Storage, Mail Services",33770.39,WFP-2020-745d0e68fa40
2020,WFP,Russian Federation,RHENUS INTERMODAL SYSTEMS LLC,"Transportation, Storage, Mail Services",33609.52,WFP-2020-2e4274bd4ba0
2020,WFP,Russian Federation,RHENUS INTERMODAL SYSTEMS LLC,"Transportation, Storage, Mail Services",32542.25,WFP-2020-308a9ebc17cc
2020,WFP,Russian Federation,RHENUS INTERMODAL SYSTEMS LLC,"Transportation, Storage, Mail Services",32229.06,WFP-2020-58a3ab964cab
2020,WFP,Russian Federation,RHENUS INTERMODAL SYSTEMS LLC,"Transportation, Storage, Mail Services",31292.25,WFP-2020-a06109143dc5
2020,WFP,Russian Federation,RHENUS INTERMODAL SYSTEMS LLC,"Transportation, Storage, Mail Services",31231.34,WFP-2020-b485eedda294
2020,WFP,Russian Federation,RHENUS INTERMODAL SYSTEMS LLC,"Transportation, Storage, Mail Services",30042.25,WFP-2020-6c0b2559fe31
2020,WFP,Russian Federation,RHENUS INTERMODAL SYSTEMS LLC,"Transportation, Storage, Mail Services",30042.25,WFP-2020-1dbd4c5c75c8
2022,WFP,Russian Federation,RHENUS INTERMODAL SYSTEMS LLC,"Transportation, Storage, Mail Services",86227.38,WFP-2022-611b0c15cb72
2022,WFP,Russian Federation,RHENUS INTERMODAL SYSTEMS LLC,"Transportation, Storage, Mail Services",65587.88,WFP-2022-ed5aca1c058d
2022,WFP,Russian Federation,RHENUS INTERMODAL SYSTEMS LLC,"Transportation, Storage, Mail Services",56605.12,WFP-2022-6cabdad0ad4e
2022,WFP,Russian Federation,RHENUS INTERMODAL SYSTEMS LLC,"Transportation, Storage, Mail Services",56553.1,WFP-2022-93ded54f9b09
2022,WFP,Russian Federation,RHENUS INTERMODAL SYSTEMS LLC,"Transportation, Storage, Mail Services",50033.75,WFP-2022-686e36ba07e9
2022,WFP,Russian Federation,RHENUS INTERMODAL SYSTEMS LLC,"Transportation, Storage, Mail Services",47306.62,WFP-2022-2acbbbeb35e9
2022,WFP,Russian Federation,RHENUS INTERMODAL SYSTEMS LLC,"Transportation, Storage, Mail Services",43840.21,WFP-2022-87380dc0ac78
2022,WFP,Russian Federation,RHENUS INTERMODAL SYSTEMS LLC,"Transportation, Storage, Mail Services",40586.24,WFP-2022-3bb1ac068244
2022,WFP,Russian Federation,RHENUS INTERMODAL SYSTEMS LLC,"Transportation, Storage, Mail Services",36717.4,WFP-2022-338fbadbc1f2
2022,WFP,Russian Federation,RHENUS INTERMODAL SYSTEMS LLC,"Transportation, Storage, Mail Services",36717.4,WFP-2022-6476351c626e
2022,WFP,Russian Federation,RHENUS INTERMODAL SYSTEMS LLC,"Transportation, Storage, Mail Services",34862.67,WFP-2022-fc53b709b5a5
2022,WFP,Russian Federation,RHENUS INTERMODAL SYSTEMS LLC,"Transportation, Storage, Mail Services",34775.79,WFP-2022-9c45104bc5ca
2022,WFP,Russian Federation,RHENUS INTERMODAL SYSTEMS LLC,"Transportation, Storage, Mail Services",34775.79,WFP-2022-985cbf5d36d5
2022,WFP,Russian Federation,RHENUS INTERMODAL SYSTEMS LLC,"Transportation, Storage, Mail Services",34605.5,WFP-2022-7d80643f957f
2022,WFP,Russian Federation,RHENUS INTERMODAL SYSTEMS LLC,"Transportation, Storage, Mail Services",32649.68,WFP-2022-6f0e2731ab13
2016,WHO,Russian Federation,RI OF PULMONOLOGY UNDER THE FEDERAL DEPARTMENT OF MEDICOBIOLOGIC AGENCY,Healthcare Services,57345.23,WHO-2016-2c8e1c410197
2016,WMO,Russian Federation,RIHMI-WDC (RUSSIAN RESEARCH INSTITUTE FOR HYDROMET. INFO - WORLD DATA CENTER),"Editorial, Design, Graphic Services",47232.0,WMO-2016-7ccbd07a187b
2017,IAEA,Russian Federation,ROSATOM CENTRAL INSTITUTE FOR CONTINUING EDUCATION AND TRAINING,Education and Training Services,43007.86,IAEA-2017-973746e77319
2016,UNIDO,Russian Federation,ROSCONGRESS FOUNDATION,Management and Admin Services,58351.99,UNIDO-2016-67d34f0e905e
2017,UNIDO,Russian Federation,ROSCONGRESS FOUNDATION,"Travel, Food and Lodging",30075.88,UNIDO-2017-da85ec6b147d
2018,UNIDO,Russian Federation,ROSCONGRESS FOUNDATION,"Travel, Food and Lodging",37413.45,UNIDO-2018-63e7a7a3cfae
2015,UNIDO,Russian Federation,RUSSIAN ENERGY AGENCY,Management and Admin Services,207700.0,UNIDO-2015-e70c225b44e9
2017,UNIDO,Russian Federation,RUSSIAN ENERGY AGENCY,Management and Admin Services,34442.2,UNIDO-2017-019a0b3a9723
2016,UNIDO,Russian Federation,RUSSIAN FEDERATIONN ENERGY AGENCY,Education and Training Services,227553.96,UNIDO-2016-006f93a7a7f4
2016,UNIDO,Russian Federation,RUSSIAN FEDERATIONN ENERGY AGENCY,Politics and Civic Affairs Services,132012.21,UNIDO-2016-134c05c4f553
2017,WIPO,Russian Federation,RUSSIAN STATE ACADEMY OF IP (RGAIS),Politics and Civic Affairs Services,41071.37,WIPO-2017-06774b0f6c22
2015,UN Secretariat,Russian Federation,RUSSIAN TRANSLATION COMPANY,"Editorial, Design, Graphic Services",150000.0,UN Secretariat-2015-d1f2eb6d3ec1
2015,UN Secretariat,Russian Federation,RUSSIAN TRANSLATION COMPANY,"Editorial, Design, Graphic Services",150000.0,UN Secretariat-2015-39c37c85007a
2015,UN Secretariat,Russian Federation,RUSSIAN TRANSLATION COMPANY,"Editorial, Design, Graphic Services",150000.0,UN Secretariat-2015-50abbdbc6338
2016,UN Secretariat,Russian Federation,RUSSIAN TRANSLATION COMPANY,"Editorial, Design, Graphic Services",178442.0,UN Secretariat-2016-22f82bd233cd
2016,UN Secretariat,Russian Federation,RUSSIAN TRANSLATION COMPANY,"Editorial, Design, Graphic Services",178442.0,UN Secretariat-2016-510b156fe748
2017,UN Secretariat,Russian Federation,RUSSIAN TRANSLATION COMPANY,"Editorial, Design, Graphic Services",110000.0,UN Secretariat-2017-70e8e32a63fa
2017,UN Secretariat,Russian Federation,RUSSIAN TRANSLATION COMPANY,"Editorial, Design, Graphic Services",40000.0,UN Secretariat-2017-32b626c381ad
2018,UN Secretariat,Russian Federation,RUSSIAN TRANSLATION COMPANY,"Editorial, Design, Graphic Services",50000.0,UN Secretariat-2018-75ca82212e5b
2018,UN Secretariat,Russian Federation,RUSSIAN TRANSLATION COMPANY,"Editorial, Design, Graphic Services",30000.0,UN Secretariat-2018-c63c9bcc6b38
2018,UN Secretariat,Russian Federation,RUSSIAN TRANSLATION COMPANY,"Editorial, Design, Graphic Services",30000.0,UN Secretariat-2018-6575c8e80c3f
2019,UN Secretariat,Russian Federation,RUSSIAN TRANSLATION COMPANY,"Editorial, Design, Graphic Services",76727.06,UN Secretariat-2019-04f22de1c674
2023,UN Secretariat,Russian Federation,RUSSIAN TRANSLATION COMPANY,"Editorial, Design, Graphic Services",74126.94,UN Secretariat-2023-b47bbfe788f2
2023,UN Secretariat,Russian Federation,RUSSIAN TRANSLATION COMPANY,"Editorial, Design, Graphic Services",33600.0,UN Secretariat-2023-990c1ddc4cac
2023,UN Secretariat,Russian Federation,RUSSIAN TRANSLATION COMPANY,"Editorial, Design, Graphic Services",30000.0,UN Secretariat-2023-61ff66082765
2024,UN Secretariat,Russian Federation,RUSSIAN TRANSLATION COMPANY,"Editorial, Design, Graphic Services",73125.27,UN Secretariat-2024-6776f8e2115a
2024,UN Secretariat,Russian Federation,RUSSIAN TRANSLATION COMPANY,"Editorial, Design, Graphic Services",40000.0,UN Secretariat-2024-93b8f6e58ec4
2022,WFP,Russian Federation,RUSSKIE MELNITSY LLC,Food and Beverage Products,378122.5,WFP-2022-e28e69a68415
2022,WFP,Russian Federation,RUSSKIE MELNITSY LLC,Food and Beverage Products,85860.0,WFP-2022-9e054737fedb
2023,WFP,Russian Federation,RUSSKIE MELNITSY LLC,Food and Beverage Products,1555740.0,WFP-2023-bd28c135f6f2
2023,WFP,Russian Federation,RUSSKIE MELNITSY LLC,Food and Beverage Products,569160.0,WFP-2023-018e62795a1b
2023,WFP,Russian Federation,RUSSKIE MELNITSY LLC,Food and Beverage Products,413370.0,WFP-2023-484d92580258
2024,WFP,Russian Federation,RUSSKIE MELNITSY LLC,Food and Beverage Products,1883790.0,WFP-2024-39e6ae25f1c5
2024,WFP,Russian Federation,RUSSKIE MELNITSY LLC,Food and Beverage Products,1214505.6,WFP-2024-bc468b96b4ba
2024,WFP,Russian Federation,RUSSKIE MELNITSY LLC,Food and Beverage Products,683992.4,WFP-2024-c64d03f11a97
2024,WFP,Russian Federation,RUSSKIE MELNITSY LLC,Food and Beverage Products,391500.0,WFP-2024-490908f61792
2017,UNHCR,Russian Federation,RUSVIPSERVICE,"Transportation, Storage, Mail Services",33973.16,UNHCR-2017-17976455bc1a
2020,WFP,Russian Federation,SABUROVSKIY KOMBINAT HLEBOPRODUKTOV,Food and Beverage Products,384345.75,WFP-2020-abd4a2e72616
2021,WFP,Russian Federation,SABUROVSKIY KOMBINAT HLEBOPRODUKTOV,Food and Beverage Products,1001074.0,WFP-2021-58c908d67d09
2021,WFP,Russian Federation,SABUROVSKIY KOMBINAT HLEBOPRODUKTOV,Food and Beverage Products,719416.5,WFP-2021-6c2a84951d81
2021,WFP,Russian Federation,SABUROVSKIY KOMBINAT HLEBOPRODUKTOV,Food and Beverage Products,135838.75,WFP-2021-e511cf93ff9f
2022,WFP,Russian Federation,SABUROVSKIY KOMBINAT HLEBOPRODUKTOV,Food and Beverage Products,1003038.75,WFP-2022-be1ef07d2f5c
2022,WFP,Russian Federation,SABUROVSKIY KOMBINAT HLEBOPRODUKTOV,Food and Beverage Products,599858.5,WFP-2022-f553dcc5309c
2022,WFP,Russian Federation,SABUROVSKIY KOMBINAT HLEBOPRODUKTOV,Food and Beverage Products,187110.0,WFP-2022-a89045314092
2023,WFP,Russian Federation,SABUROVSKIY KOMBINAT HLEBOPRODUKTOV,Food and Beverage Products,295785.0,WFP-2023-b3b0c2f04f89
2022,IAEA,Russian Federation,SCIENCE EDUCATIONAL CENTRE «KACHESTVO» LTD,Engineering and Research Services,51633.3,IAEA-2022-d3bf3c332add
2022,IAEA,Russian Federation,SCIENCE EDUCATIONAL CENTRE «KACHESTVO» LTD,Management and Admin Services,50052.69,IAEA-2022-3f34ebc3560c
2022,UNDP,Russian Federation,SCIENTIFIC AND TECHNICAL CENTER,Environmental Services,137284.52,UNDP-2022-c24af58f86fa
2017,IAEA,Russian Federation,"SCIENTIFIC ENGINEERING CENTER ""NUCLEAR PHYSICS RESEARCH"" (SEC ""YAFI"")",Building and Maintenance Services,44298.54,IAEA-2017-7b6bf2fa2dc7
2018,WFP,Russian Federation,SHERP LIMITED LIABILITY COMPANY,Motor Vehicles and Parts,290456.34,WFP-2018-25d35a6e6ee9
2018,WFP,Russian Federation,SHERP LIMITED LIABILITY COMPANY,Motor Vehicles and Parts,201132.67,WFP-2018-f79a3f809ceb
2018,WFP,Russian Federation,SHERP LIMITED LIABILITY COMPANY,Motor Vehicles and Parts,88937.0,WFP-2018-5a9b55565209
2019,WFP,Russian Federation,SHERP LIMITED LIABILITY COMPANY,Motor Vehicles and Parts,269846.0,WFP-2019-98559885a29a
2019,WFP,Russian Federation,SHERP LIMITED LIABILITY COMPANY,Motor Vehicles and Parts,186896.0,WFP-2019-8ac3891853fe
2019,WFP,Russian Federation,SHERP LIMITED LIABILITY COMPANY,Motor Vehicles and Parts,186896.0,WFP-2019-a351e6c8e5ef
2019,WFP,Russian Federation,SHERP LIMITED LIABILITY COMPANY,"Transportation, Storage, Mail Services",63071.0,WFP-2019-91c96db80f26
2017,UNDP,Russian Federation,SHVABE MOSKVA LLC,Medical Equipment and Supplies,45300.0,UNDP-2017-9900da1b9270
2017,UNDP,Russian Federation,SHVABE MOSKVA LLC,Engineering and Research Services,2870.0,UNDP-2017-9900da1b9270
2017,UNDP,Russian Federation,SHVABE MOSKVA LLC,"Transportation, Storage, Mail Services",850.0,UNDP-2017-9900da1b9270
2024,ILO,Russian Federation,SIMON MMC,"Transportation, Storage, Mail Services",31560.0,ILO-2024-018d7d1cb458
2019,IAEA,Russian Federation,SIMULATION SYSTEMS LTD,IT and Communications Equipment,44792.83,IAEA-2019-c2b35495d820
2017,UNDP,Russian Federation,SKIFAGROS LLC,Live Plant and Animal Material,85408.0,UNDP-2017-cbcf88eb4a3b
2017,UNDP,Russian Federation,SKIFAGROS LLC,"Transportation, Storage, Mail Services",8550.0,UNDP-2017-cbcf88eb4a3b
2017,UNDP,Russian Federation,SKIFAGROS LLC,Financial and Insurance Services,865.0,UNDP-2017-cbcf88eb4a3b
2015,WFP,Russian Federation,SKOL AIRLINE LLC,"Transportation, Storage, Mail Services",1127000.0,WFP-2015-c793146929f7
2015,WFP,Russian Federation,SKOL AIRLINE LLC,"Transportation, Storage, Mail Services",1127000.0,WFP-2015-5c4f586fc879
2015,WFP,Russian Federation,SKOL AIRLINE LLC,"Transportation, Storage, Mail Services",1127000.0,WFP-2015-63dbac414389
2015,WFP,Russian Federation,SKOL AIRLINE LLC,"Transportation, Storage, Mail Services",633300.0,WFP-2015-555da496d576
2015,WFP,Russian Federation,SKOL AIRLINE LLC,"Transportation, Storage, Mail Services",136060.0,WFP-2015-2661bacf3b04
2015,WFP,Russian Federation,SKOL AIRLINE LLC,"Transportation, Storage, Mail Services",121060.0,WFP-2015-cc90000c9083
2015,WFP,Russian Federation,SKOL AIRLINE LLC,"Transportation, Storage, Mail Services",121060.0,WFP-2015-04733357f425
2015,WFP,Russian Federation,SKOL AIRLINE LLC,"Transportation, Storage, Mail Services",121060.0,WFP-2015-7e89d4e929de
2015,WFP,Russian Federation,SKOL AIRLINE LLC,"Transportation, Storage, Mail Services",121060.0,WFP-2015-6d5d271a57d3
2015,WFP,Russian Federation,SKOL AIRLINE LLC,"Transportation, Storage, Mail Services",70299.15,WFP-2015-76fb97bd8097
2015,WFP,Russian Federation,SKOL AIRLINE LLC,Financial and Insurance Services,17000.0,WFP-2015-c793146929f7
2015,WFP,Russian Federation,SKOL AIRLINE LLC,Financial and Insurance Services,17000.0,WFP-2015-63dbac414389
2015,WFP,Russian Federation,SKOL AIRLINE LLC,Financial and Insurance Services,17000.0,WFP-2015-5c4f586fc879
2015,WFP,Russian Federation,SKOL AIRLINE LLC,Building and Maintenance Services,10000.0,WFP-2015-2661bacf3b04
2015,WFP,Russian Federation,SKOL AIRLINE LLC,Financial and Insurance Services,4000.0,WFP-2015-2661bacf3b04
2015,WFP,Russian Federation,SKOL AIRLINE LLC,Financial and Insurance Services,4000.0,WFP-2015-7e89d4e929de
2015,WFP,Russian Federation,SKOL AIRLINE LLC,Financial and Insurance Services,4000.0,WFP-2015-cc90000c9083
2015,WFP,Russian Federation,SKOL AIRLINE LLC,Financial and Insurance Services,4000.0,WFP-2015-04733357f425
2015,WFP,Russian Federation,SKOL AIRLINE LLC,Financial and Insurance Services,4000.0,WFP-2015-6d5d271a57d3
2015,WFP,Russian Federation,SKOL AIRLINE LLC,Financial and Insurance Services,2322.58,WFP-2015-76fb97bd8097
2017,UN Secretariat,Russian Federation,SKOL AIRLINE LLC,"Transportation, Storage, Mail Services",12412542.55,UN Secretariat-2017-0bde96478637
2017,UN Secretariat,Russian Federation,SKOL AIRLINE LLC,"Transportation, Storage, Mail Services",4519727.44,UN Secretariat-2017-80b66b7a1fd9
2017,UN Secretariat,Russian Federation,SKOL AIRLINE LLC,"Transportation, Storage, Mail Services",2894685.01,UN Secretariat-2017-fc8868900be1
2017,UN Secretariat,Russian Federation,SKOL AIRLINE LLC,"Transportation, Storage, Mail Services",2732777.4,UN Secretariat-2017-becfd9b31048
2017,UN Secretariat,Russian Federation,SKOL AIRLINE LLC,"Transportation, Storage, Mail Services",2222110.0,UN Secretariat-2017-87b5bb1ae415
2017,UN Secretariat,Russian Federation,SKOL AIRLINE LLC,"Transportation, Storage, Mail Services",1330465.07,UN Secretariat-2017-b3f4031b7113
2017,UN Secretariat,Russian Federation,SKOL AIRLINE LLC,"Transportation, Storage, Mail Services",1166933.56,UN Secretariat-2017-d52b81053bbb
2017,UN Secretariat,Russian Federation,SKOL AIRLINE LLC,"Transportation, Storage, Mail Services",878820.0,UN Secretariat-2017-279b3e01adbc
2017,UN Secretariat,Russian Federation,SKOL AIRLINE LLC,"Transportation, Storage, Mail Services",820602.83,UN Secretariat-2017-a9a1c9e466bb
2017,UN Secretariat,Russian Federation,SKOL AIRLINE LLC,"Transportation, Storage, Mail Services",816491.33,UN Secretariat-2017-bedd590df4f9
2017,UN Secretariat,Russian Federation,SKOL AIRLINE LLC,"Transportation, Storage, Mail Services",768586.35,UN Secretariat-2017-6a84153e8040
2017,UN Secretariat,Russian Federation,SKOL AIRLINE LLC,"Transportation, Storage, Mail Services",100000.0,UN Secretariat-2017-feb2595abd46
2018,UN Secretariat,Russian Federation,SKOL AIRLINE LLC,"Transportation, Storage, Mail Services",17493000.0,UN Secretariat-2018-0c40d39ac911
2018,UN Secretariat,Russian Federation,SKOL AIRLINE LLC,"Transportation, Storage, Mail Services",6002688.0,UN Secretariat-2018-9f99f434724d
2018,UN Secretariat,Russian Federation,SKOL AIRLINE LLC,"Transportation, Storage, Mail Services",4564154.0,UN Secretariat-2018-978d8b97d92a
2018,UN Secretariat,Russian Federation,SKOL AIRLINE LLC,"Transportation, Storage, Mail Services",3506244.0,UN Secretariat-2018-c3b017a7904e
2018,UN Secretariat,Russian Federation,SKOL AIRLINE LLC,"Transportation, Storage, Mail Services",2938770.0,UN Secretariat-2018-20860610e04b
2018,UN Secretariat,Russian Federation,SKOL AIRLINE LLC,"Transportation, Storage, Mail Services",2668050.0,UN Secretariat-2018-3e74f0cc399a
2018,UN Secretariat,Russian Federation,SKOL AIRLINE LLC,"Transportation, Storage, Mail Services",1814722.6,UN Secretariat-2018-9e2fb72bc4b8
2018,UN Secretariat,Russian Federation,SKOL AIRLINE LLC,"Transportation, Storage, Mail Services",1304021.37,UN Secretariat-2018-217c684d9641
2018,WFP,Russian Federation,SKOL AIRLINE LLC,"Transportation, Storage, Mail Services",107213.33,WFP-2018-34e63c955a2f
2018,WFP,Russian Federation,SKOL AIRLINE LLC,"Transportation, Storage, Mail Services",98800.0,WFP-2018-7bc9d467e3a7
2018,WFP,Russian Federation,SKOL AIRLINE LLC,"Transportation, Storage, Mail Services",98800.0,WFP-2018-936278148862
2018,WFP,Russian Federation,SKOL AIRLINE LLC,"Transportation, Storage, Mail Services",98800.0,WFP-2018-e57915d76251
2018,WFP,Russian Federation,SKOL AIRLINE LLC,"Transportation, Storage, Mail Services",60213.8,WFP-2018-47f0544252ed
2018,WFP,Russian Federation,SKOL AIRLINE LLC,Building and Maintenance Services,10000.0,WFP-2018-34e63c955a2f
2018,WFP,Russian Federation,SKOL AIRLINE LLC,Financial and Insurance Services,2500.0,WFP-2018-7bc9d467e3a7
2018,WFP,Russian Federation,SKOL AIRLINE LLC,Financial and Insurance Services,2500.0,WFP-2018-936278148862
2018,WFP,Russian Federation,SKOL AIRLINE LLC,Financial and Insurance Services,2500.0,WFP-2018-e57915d76251
2018,WFP,Russian Federation,SKOL AIRLINE LLC,Financial and Insurance Services,2333.33,WFP-2018-34e63c955a2f
2019,WFP,Russian Federation,SKOL AIRLINE LLC,"Transportation, Storage, Mail Services",98800.0,WFP-2019-324d4f5d3dcf
2019,WFP,Russian Federation,SKOL AIRLINE LLC,Financial and Insurance Services,2500.0,WFP-2019-324d4f5d3dcf
2020,WFP,Russian Federation,SKOL AIRLINE LLC,"Transportation, Storage, Mail Services",78268.55,WFP-2020-c7faf86c0911
2020,WFP,Russian Federation,SKOL AIRLINE LLC,"Transportation, Storage, Mail Services",54805.48,WFP-2020-9955fdf96397
2015,UN Secretariat,Russian Federation,"SKOL AIRLINE, LLC","Transportation, Storage, Mail Services",6529091.0,UN Secretariat-2015-b18e379b4925
2015,UN Secretariat,Russian Federation,"SKOL AIRLINE, LLC","Transportation, Storage, Mail Services",3919670.0,UN Secretariat-2015-27461a00274c
2015,UN Secretariat,Russian Federation,"SKOL AIRLINE, LLC","Transportation, Storage, Mail Services",3864089.05,UN Secretariat-2015-bdbf4a73ccc0
2015,UN Secretariat,Russian Federation,"SKOL AIRLINE, LLC","Transportation, Storage, Mail Services",2764887.0,UN Secretariat-2015-f601f4b3bd77
2015,UN Secretariat,Russian Federation,"SKOL AIRLINE, LLC","Transportation, Storage, Mail Services",1402254.0,UN Secretariat-2015-5fc01f994f53
2015,UN Secretariat,Russian Federation,"SKOL AIRLINE, LLC","Transportation, Storage, Mail Services",361676.34,UN Secretariat-2015-47b195d645c6
2015,UN Secretariat,Russian Federation,"SKOL AIRLINE, LLC","Transportation, Storage, Mail Services",30000.0,UN Secretariat-2015-5a6658f765a5
2016,UN Secretariat,Russian Federation,"SKOL AIRLINE, LLC","Transportation, Storage, Mail Services",6228089.0,UN Secretariat-2016-9a85b2d308db
2016,UN Secretariat,Russian Federation,"SKOL AIRLINE, LLC","Transportation, Storage, Mail Services",5652214.78,UN Secretariat-2016-3316d552d35c
2016,UN Secretariat,Russian Federation,"SKOL AIRLINE, LLC","Transportation, Storage, Mail Services",3202692.0,UN Secretariat-2016-e49c20118220
2016,UN Secretariat,Russian Federation,"SKOL AIRLINE, LLC","Transportation, Storage, Mail Services",1297465.07,UN Secretariat-2016-92b0e4597126
2016,UN Secretariat,Russian Federation,"SKOL AIRLINE, LLC","Transportation, Storage, Mail Services",1227825.32,UN Secretariat-2016-6e3b837d5670
2019,UN Secretariat,Russian Federation,"SKOL AIRLINE, LLC","Transportation, Storage, Mail Services",21590000.0,UN Secretariat-2019-b2b8c9dc700a
2019,UN Secretariat,Russian Federation,"SKOL AIRLINE, LLC","Transportation, Storage, Mail Services",2938770.0,UN Secretariat-2019-b1ef8f501230
2019,UN Secretariat,Russian Federation,"SKOL AIRLINE, LLC","Transportation, Storage, Mail Services",2808865.75,UN Secretariat-2019-1db1c2635ad0
2019,UN Secretariat,Russian Federation,"SKOL AIRLINE, LLC","Transportation, Storage, Mail Services",2544472.0,UN Secretariat-2019-600b4afb6242
2019,UN Secretariat,Russian Federation,"SKOL AIRLINE, LLC","Transportation, Storage, Mail Services",2151391.0,UN Secretariat-2019-0fbe21f3b5b7
2019,UN Secretariat,Russian Federation,"SKOL AIRLINE, LLC","Transportation, Storage, Mail Services",1707476.25,UN Secretariat-2019-507c81fdd015
2019,UN Secretariat,Russian Federation,"SKOL AIRLINE, LLC","Transportation, Storage, Mail Services",535560.17,UN Secretariat-2019-4e73f8f7c0a6
2019,UN Secretariat,Russian Federation,"SKOL AIRLINE, LLC","Transportation, Storage, Mail Services",96592.38,UN Secretariat-2019-3c1ee44f9da3
2020,UN Secretariat,Russian Federation,"SKOL AIRLINE, LLC","Transportation, Storage, Mail Services",4614090.56,UN Secretariat-2020-871e10dcbd1c
2020,UN Secretariat,Russian Federation,"SKOL AIRLINE, LLC","Transportation, Storage, Mail Services",336233.77,UN Secretariat-2020-7fa42abc348e
2016,UNDP,Russian Federation,SMART SYSTEMS,Engineering and Research Services,147892.0,UNDP-2016-e5c4d556cd4e
2021,UNDP,Russian Federation,SOCIAL INVESTMENT FUND LLC,Financial and Insurance Services,37050.0,UNDP-2021-bed0f0836aa8
2017,WHO,Russian Federation,SORBUS LLC,"Travel, Food and Lodging",37223.69,WHO-2017-ff76db6518e7
2020,UNIDO,Russian Federation,SOSNOVOBORSK MACHINE-BUILDING PLANT,Building and Construction Machinery,1361982.6,UNIDO-2020-d99bbcc522e7
2020,UNIDO,Russian Federation,SOSNOVOBORSK MACHINE-BUILDING PLANT,Building and Construction Machinery,605325.6,UNIDO-2020-efde6dd57b95
2020,UNIDO,Russian Federation,SOSNOVOBORSK MACHINE-BUILDING PLANT,Education and Training Services,529659.9,UNIDO-2020-efde6dd57b95
2020,UNIDO,Russian Federation,SOSNOVOBORSK MACHINE-BUILDING PLANT,"Transportation, Storage, Mail Services",25221.9,UNIDO-2020-d99bbcc522e7
2022,UNIDO,Russian Federation,SOSNOVOBORSK MACHINE-BUILDING PLANT,Building and Maintenance Services,195000.0,UNIDO-2022-0cc26f086b3e
2015,UNICEF,Russian Federation,ST SARMAEV VITALIY NIKOLAEVICH,Management and Admin Services,79418.0,UNICEF-2015-5002ba369fd6
2018,UNIDO,Russian Federation,STATISTICS OF RUSSIA,"Travel, Food and Lodging",30942.07,UNIDO-2018-048dc4727712
2017,UNDP,Russian Federation,STRELA NAUCHNO-PROIZVODSTVENNIY TSENTR,Engineering and Research Services,44750.0,UNDP-2017-fc12f9e85b8b
2018,UNDP,Russian Federation,STROIENERGO NTC OJSC,Environmental Services,36000.0,UNDP-2018-c1107515f6b7
2016,UNIDO,Russian Federation,TECHECOPLASMA LLC,Management and Admin Services,32187.87,UNIDO-2016-26cfa2c5eb64
2015,ITC,Russian Federation,TEXTILEXPO JSC,Management and Admin Services,64087.45,ITC-2015-28ae5a778176
2016,ITC,Russian Federation,TEXTILEXPO JSC,"Travel, Food and Lodging",39023.9,ITC-2016-aa81c737069a
2015,UNDP,Russian Federation,TEXTILEXPO ZAO,Management and Admin Services,31519.66,UNDP-2015-1d281453b508
2015,WFP,Russian Federation,THE FEDERAL STATE ESTABLISHMENT AGE,Politics and Civic Affairs Services,750000.0,WFP-2015-ec35e060ea34
2015,WFP,Russian Federation,THE FEDERAL STATE ESTABLISHMENT AGE,Politics and Civic Affairs Services,675000.0,WFP-2015-23bda5eeec13
2016,WFP,Russian Federation,THE FEDERAL STATE ESTABLISHMENT AGE,"Transportation, Storage, Mail Services",500000.0,WFP-2016-2357d7967691
2017,WFP,Russian Federation,THE FEDERAL STATE ESTABLISHMENT AGE,"Transportation, Storage, Mail Services",500000.0,WFP-2017-11cf0207b25a
2017,WFP,Russian Federation,THE FEDERAL STATE ESTABLISHMENT AGE,"Transportation, Storage, Mail Services",250000.0,WFP-2017-c6fc70205583
2017,WFP,Russian Federation,THE FEDERAL STATE ESTABLISHMENT AGE,"Transportation, Storage, Mail Services",175000.0,WFP-2017-6916fac60701
2018,WFP,Russian Federation,THE FEDERAL STATE ESTABLISHMENT AGE,"Transportation, Storage, Mail Services",500000.0,WFP-2018-1ece3e422214
2018,WFP,Russian Federation,THE FEDERAL STATE ESTABLISHMENT AGE,"Transportation, Storage, Mail Services",75000.0,WFP-2018-c1cac59a5c65
2019,WFP,Russian Federation,THE FEDERAL STATE ESTABLISHMENT AGE,"Transportation, Storage, Mail Services",500000.0,WFP-2019-b88391592275
2019,WFP,Russian Federation,THE FEDERAL STATE ESTABLISHMENT AGE,"Transportation, Storage, Mail Services",250000.0,WFP-2019-060c53fa4bec
2019,WFP,Russian Federation,THE FEDERAL STATE ESTABLISHMENT AGE,"Transportation, Storage, Mail Services",125000.0,WFP-2019-9feec15b8c27
2020,WFP,Russian Federation,THE FEDERAL STATE ESTABLISHMENT AGE,"Transportation, Storage, Mail Services",500000.0,WFP-2020-ebef61aef503
2020,WFP,Russian Federation,THE FEDERAL STATE ESTABLISHMENT AGE,"Transportation, Storage, Mail Services",300000.0,WFP-2020-326076ebf746
2020,WFP,Russian Federation,THE FEDERAL STATE ESTABLISHMENT AGE,"Transportation, Storage, Mail Services",125000.0,WFP-2020-832050c1c9ed
2021,WFP,Russian Federation,THE FEDERAL STATE ESTABLISHMENT AGE,"Transportation, Storage, Mail Services",425000.0,WFP-2021-b28de5486f59
2021,WFP,Russian Federation,THE FEDERAL STATE ESTABLISHMENT AGE,"Transportation, Storage, Mail Services",250000.0,WFP-2021-7390087b6ba5
2021,WFP,Russian Federation,THE FEDERAL STATE ESTABLISHMENT AGE,"Transportation, Storage, Mail Services",225000.0,WFP-2021-600c9edb030e
2021,WFP,Russian Federation,THE FEDERAL STATE ESTABLISHMENT AGE,"Transportation, Storage, Mail Services",75000.0,WFP-2021-1434ad15f891
2022,WFP,Russian Federation,THE FEDERAL STATE ESTABLISHMENT AGE,"Transportation, Storage, Mail Services",250000.0,WFP-2022-da8dede4d1a8
2022,WFP,Russian Federation,THE FEDERAL STATE ESTABLISHMENT AGE,"Transportation, Storage, Mail Services",250000.0,WFP-2022-6c74c15a9f22
2023,WFP,Russian Federation,THE FEDERAL STATE ESTABLISHMENT AGE,"Transportation, Storage, Mail Services",500000.0,WFP-2023-05c61f1ef139
2017,WHO,Russian Federation,THE MARCO POLO PRESNJA HOTEL,"Travel, Food and Lodging",38053.51,WHO-2017-308e604f0606
2020,UNDP,Russian Federation,TIMERKHANOV ELDAR AZATOVICH,Management and Admin Services,40000.0,UNDP-2020-8e79ede8ee80
2016,UNHCR,Russian Federation,TOYOTA MOTOR LLC,Motor Vehicles and Parts,36120.06,UNHCR-2016-31487090ddd7
2016,UNHCR,Russian Federation,TOYOTA MOTOR LLC,Motor Vehicles and Parts,35445.45,UNHCR-2016-e11454ec12fe
2015,UNOG,Russian Federation,TRANSLINK - 24 LTD,"Editorial, Design, Graphic Services",30000.0,UNOG-2015-1ce0eeaf704b
2022,UN Secretariat,Russian Federation,TRANSLINK - 24 LTD.,"Editorial, Design, Graphic Services",31927.9,UN Secretariat-2022-2ded782c21d2
2023,UN Secretariat,Russian Federation,TRANSLINK - 24 LTD.,"Editorial, Design, Graphic Services",46691.21,UN Secretariat-2023-27fb24cb6b52
2017,UNDP,Russian Federation,TSENTR PROGRAMM I PROEKTOV V OBLASTI RAZ,Engineering and Research Services,49995.0,UNDP-2017-e9c790d0d440
2019,ITC,Russian Federation,UC GRAFIS LLC,Engineering and Research Services,49235.86,ITC-2019-b6b8bb91820a
2019,ITC,Russian Federation,UC GRAFIS LLC,Engineering and Research Services,49235.86,ITC-2019-0f184e947f4f
2021,ITC,Russian Federation,UC GRAFIS LLC,Engineering and Research Services,48512.78,ITC-2021-af83775a3fb6
2023,ILO,Russian Federation,ULANDSSEKRETARIATET,Management and Admin Services,34611.0,ILO-2023-6625e93751be
2015,WFP,Russian Federation,UNSPECIFIED SUPPLIER,Food and Beverage Products,76622871.96,WFP-2015-832b50c41f38
2015,UNDP,Russian Federation,UNSPECIFIED SUPPLIER,Unspecified Services,3708450.0,UNDP-2015-3bd100ee8afc
2015,UNDP,Russian Federation,UNSPECIFIED SUPPLIER,Unspecified Goods,1801850.0,UNDP-2015-12af3d844240
2015,WHO,Russian Federation,UNSPECIFIED SUPPLIER,Engineering and Research Services,462931.48,WHO-2015-054eb7a8bfbe
2015,WHO,Russian Federation,UNSPECIFIED SUPPLIER,Engineering and Research Services,396634.52,WHO-2015-9450a6f9f92d
2015,WHO,Russian Federation,UNSPECIFIED SUPPLIER,Engineering and Research Services,396634.52,WHO-2015-81524cbfa347
2015,WHO,Russian Federation,UNSPECIFIED SUPPLIER,Engineering and Research Services,274427.71,WHO-2015-57ba77d20b11
2015,WHO,Russian Federation,UNSPECIFIED SUPPLIER,Engineering and Research Services,155894.85,WHO-2015-41958dbc0637
2015,WHO,Russian Federation,UNSPECIFIED SUPPLIER,Healthcare Services,135000.0,WHO-2015-6858c39fc2ee
2015,WHO,Russian Federation,UNSPECIFIED SUPPLIER,Healthcare Services,75000.0,WHO-2015-57f347c1a1c5
2015,WHO,Russian Federation,UNSPECIFIED SUPPLIER,IT and Communications Equipment,63600.0,WHO-2015-ccc37b0326de
2015,WHO,Russian Federation,UNSPECIFIED SUPPLIER,Healthcare Services,63532.48,WHO-2015-c61bd2329c01
2015,WHO,Russian Federation,UNSPECIFIED SUPPLIER,Healthcare Services,61773.0,WHO-2015-fbcd5ab167e6
2015,WHO,Russian Federation,UNSPECIFIED SUPPLIER,Laboratory and Testing Equipment,61739.28,WHO-2015-8a6312500098
2015,WHO,Russian Federation,UNSPECIFIED SUPPLIER,Healthcare Services,60000.0,WHO-2015-7bf9fc4559a6
2015,WHO,Russian Federation,UNSPECIFIED SUPPLIER,"Travel, Food and Lodging",52691.61,WHO-2015-790f301badee
2015,WHO,Russian Federation,UNSPECIFIED SUPPLIER,"Travel, Food and Lodging",51157.67,WHO-2015-76f7ef15f6b9
2015,WHO,Russian Federation,UNSPECIFIED SUPPLIER,Laboratory and Testing Equipment,47398.49,WHO-2015-f21973a88802
2015,WHO,Russian Federation,UNSPECIFIED SUPPLIER,Healthcare Services,45200.09,WHO-2015-7d0d705305dd
2015,WHO,Russian Federation,UNSPECIFIED SUPPLIER,"Pharmaceuticals, Contraceptives, Vaccines",42000.0,WHO-2015-9d632282eaa7
2015,WHO,Russian Federation,UNSPECIFIED SUPPLIER,Engineering and Research Services,35000.0,WHO-2015-c1e1acefc1a2
2016,WFP,Russian Federation,UNSPECIFIED SUPPLIER,Food and Beverage Products,59901787.55,WFP-2016-eb8fbcf1a816
2016,ILO,Russian Federation,UNSPECIFIED SUPPLIER,"Transportation, Storage, Mail Services",503465.1,ILO-2016-111500057fa2
2016,ILO,Russian Federation,UNSPECIFIED SUPPLIER,Management and Admin Services,422691.68,ILO-2016-45338cbacd70
2016,ILO,Russian Federation,UNSPECIFIED SUPPLIER,Management and Admin Services,373457.73,ILO-2016-e914fecafca9
2016,ILO,Russian Federation,UNSPECIFIED SUPPLIER,Management and Admin Services,221883.48,ILO-2016-a1a48172f306
2016,ILO,Russian Federation,UNSPECIFIED SUPPLIER,Management and Admin Services,129942.1,ILO-2016-e06029086d7f
2016,ILO,Russian Federation,UNSPECIFIED SUPPLIER,"Transportation, Storage, Mail Services",124413.9,ILO-2016-516094502131
2016,ILO,Russian Federation,UNSPECIFIED SUPPLIER,Management and Admin Services,118417.75,ILO-2016-c156c046899b
2016,ILO,Russian Federation,UNSPECIFIED SUPPLIER,"Transportation, Storage, Mail Services",103153.42,ILO-2016-a87bf2a67b02
2016,ILO,Russian Federation,UNSPECIFIED SUPPLIER,Management and Admin Services,86170.1,ILO-2016-a0666f78913f
2016,ILO,Russian Federation,UNSPECIFIED SUPPLIER,"Transportation, Storage, Mail Services",81753.26,ILO-2016-d45c149fc709
2016,ILO,Russian Federation,UNSPECIFIED SUPPLIER,Management and Admin Services,74702.85,ILO-2016-2079bef7393e
2016,ILO,Russian Federation,UNSPECIFIED SUPPLIER,"Transportation, Storage, Mail Services",60139.92,ILO-2016-0fb3d6cc8741
2016,ILO,Russian Federation,UNSPECIFIED SUPPLIER,Management and Admin Services,54885.58,ILO-2016-68fcc461fc1e
2016,ILO,Russian Federation,UNSPECIFIED SUPPLIER,"Transportation, Storage, Mail Services",46030.05,ILO-2016-93040a932851
2016,ILO,Russian Federation,UNSPECIFIED SUPPLIER,Management and Admin Services,43058.11,ILO-2016-3d84c37748f6
2016,ILO,Russian Federation,UNSPECIFIED SUPPLIER,Motor Vehicles and Parts,34889.0,ILO-2016-5bdb24557663
2017,ILO,Russian Federation,UNSPECIFIED SUPPLIER,Management and Admin Services,426994.7,ILO-2017-c3be7c0b5395
2017,ILO,Russian Federation,UNSPECIFIED SUPPLIER,Management and Admin Services,382731.45,ILO-2017-883f4f415218
2017,ILO,Russian Federation,UNSPECIFIED SUPPLIER,"Travel, Food and Lodging",317610.01,ILO-2017-059ab0eb6cf8
2017,ILO,Russian Federation,UNSPECIFIED SUPPLIER,"Travel, Food and Lodging",195228.76,ILO-2017-f3fa8982721a
2017,ILO,Russian Federation,UNSPECIFIED SUPPLIER,"Transportation, Storage, Mail Services",124470.48,ILO-2017-4e23d4f087fe
2017,ILO,Russian Federation,UNSPECIFIED SUPPLIER,Management and Admin Services,106546.44,ILO-2017-6eb8c360b531
2017,ILO,Russian Federation,UNSPECIFIED SUPPLIER,Building and Maintenance Services,104165.08,ILO-2017-ab4226ecdbf1
2017,ILO,Russian Federation,UNSPECIFIED SUPPLIER,Building and Maintenance Services,101016.88,ILO-2017-6e34d308dacf
2017,ILO,Russian Federation,UNSPECIFIED SUPPLIER,Education and Training Services,62017.34,ILO-2017-b77a682dd9f4
2017,ILO,Russian Federation,UNSPECIFIED SUPPLIER,"Transportation, Storage, Mail Services",61142.71,ILO-2017-c295f933edab
2017,ILO,Russian Federation,UNSPECIFIED SUPPLIER,Management and Admin Services,59552.17,ILO-2017-fae9f0bab62a
2017,ILO,Russian Federation,UNSPECIFIED SUPPLIER,Public Order and Security Services,48359.22,ILO-2017-c3a82fb82093
2017,ILO,Russian Federation,UNSPECIFIED SUPPLIER,Building and Maintenance Services,45684.24,ILO-2017-2cba2aaedc2a
2017,ILO,Russian Federation,UNSPECIFIED SUPPLIER,Fuels and Lubricants etc.,42087.24,ILO-2017-5179a1dc0ca7
2017,ILO,Russian Federation,UNSPECIFIED SUPPLIER,Paper Materials and Products,38366.85,ILO-2017-c0b79df0b9ad
2017,ILO,Russian Federation,UNSPECIFIED SUPPLIER,Education and Training Services,36322.07,ILO-2017-271cb4455ea7
2022,IOM,Russian Federation,UPDK AT MINISTRY OF FOREIGN AFFAIRS,Management and Admin Services,53532.0,IOM-2022-4863d7f91ab4
2022,IOM,Russian Federation,UPDK AT MINISTRY OF FOREIGN AFFAIRS,Management and Admin Services,36586.0,IOM-2022-7f075d9de14b
2022,UNDP,Russian Federation,URAL LAW UNIVERSITY,Engineering and Research Services,40000.0,UNDP-2022-99111f7f0158
2015,UN Secretariat,Russian Federation,UTAIR - HELICOPTER SERVICES,"Transportation, Storage, Mail Services",7185116.69,UN Secretariat-2015-60240cf064fd
2015,UN Secretariat,Russian Federation,UTAIR - HELICOPTER SERVICES,"Transportation, Storage, Mail Services",4802573.15,UN Secretariat-2015-021c5d105347
2015,UN Secretariat,Russian Federation,UTAIR - HELICOPTER SERVICES,"Transportation, Storage, Mail Services",4416668.96,UN Secretariat-2015-46daf270d0e0
2015,UN Secretariat,Russian Federation,UTAIR - HELICOPTER SERVICES,"Transportation, Storage, Mail Services",3950668.36,UN Secretariat-2015-8ad8e6429bd5
2015,UN Secretariat,Russian Federation,UTAIR - HELICOPTER SERVICES,"Transportation, Storage, Mail Services",3676033.34,UN Secretariat-2015-4246aac0ec8d
2015,UN Secretariat,Russian Federation,UTAIR - HELICOPTER SERVICES,"Transportation, Storage, Mail Services",2272359.75,UN Secretariat-2015-3868aca5d1ad
2015,UN Secretariat,Russian Federation,UTAIR - HELICOPTER SERVICES,"Transportation, Storage, Mail Services",2069761.27,UN Secretariat-2015-f05c9767f16f
2015,UN Secretariat,Russian Federation,UTAIR - HELICOPTER SERVICES,"Transportation, Storage, Mail Services",1401931.31,UN Secretariat-2015-be5fb6d7a6ba
2015,UN Secretariat,Russian Federation,UTAIR - HELICOPTER SERVICES,"Transportation, Storage, Mail Services",1256583.0,UN Secretariat-2015-5e3a5a9e24c4
2015,UN Secretariat,Russian Federation,UTAIR - HELICOPTER SERVICES,"Transportation, Storage, Mail Services",1053534.0,UN Secretariat-2015-2bf2a8303c6b
2015,UN Secretariat,Russian Federation,UTAIR - HELICOPTER SERVICES,"Transportation, Storage, Mail Services",976494.47,UN Secretariat-2015-a052cb061bf7
2015,UN Secretariat,Russian Federation,UTAIR - HELICOPTER SERVICES,"Transportation, Storage, Mail Services",936190.14,UN Secretariat-2015-063b61b399f4
2015,UN Secretariat,Russian Federation,UTAIR - HELICOPTER SERVICES,"Transportation, Storage, Mail Services",873814.4,UN Secretariat-2015-c1044f6adfb2
2015,UN Secretariat,Russian Federation,UTAIR - HELICOPTER SERVICES,"Transportation, Storage, Mail Services",838884.0,UN Secretariat-2015-085b61e89067
2015,UN Secretariat,Russian Federation,UTAIR - HELICOPTER SERVICES,"Transportation, Storage, Mail Services",813497.0,UN Secretariat-2015-91c26d884f86
2015,UN Secretariat,Russian Federation,UTAIR - HELICOPTER SERVICES,"Transportation, Storage, Mail Services",688560.0,UN Secretariat-2015-ee2cd82e4ef0
2015,UN Secretariat,Russian Federation,UTAIR - HELICOPTER SERVICES,"Transportation, Storage, Mail Services",648742.0,UN Secretariat-2015-d58875512bdc
2015,UN Secretariat,Russian Federation,UTAIR - HELICOPTER SERVICES,"Transportation, Storage, Mail Services",298000.0,UN Secretariat-2015-f8e6a87eeccb
2015,UN Secretariat,Russian Federation,UTAIR - HELICOPTER SERVICES,"Transportation, Storage, Mail Services",117788.0,UN Secretariat-2015-88fba2a18440
2015,UN Secretariat,Russian Federation,UTAIR - HELICOPTER SERVICES,"Transportation, Storage, Mail Services",38190.0,UN Secretariat-2015-2466ffb59c1a
2015,UN Secretariat,Russian Federation,UTAIR - HELICOPTER SERVICES,"Transportation, Storage, Mail Services",30000.0,UN Secretariat-2015-ffbd6fa625d4
2016,UN Secretariat,Russian Federation,UTAIR - HELICOPTER SERVICES,"Transportation, Storage, Mail Services",7947223.87,UN Secretariat-2016-b280ccd02213
2016,UN Secretariat,Russian Federation,UTAIR - HELICOPTER SERVICES,"Transportation, Storage, Mail Services",5163021.78,UN Secretariat-2016-955bc70fae80
2016,UN Secretariat,Russian Federation,UTAIR - HELICOPTER SERVICES,"Transportation, Storage, Mail Services",4651640.0,UN Secretariat-2016-ed311d81c9cd
2016,UN Secretariat,Russian Federation,UTAIR - HELICOPTER SERVICES,"Transportation, Storage, Mail Services",4445080.0,UN Secretariat-2016-aa7d72913187
2016,UN Secretariat,Russian Federation,UTAIR - HELICOPTER SERVICES,"Transportation, Storage, Mail Services",3674440.0,UN Secretariat-2016-aed7772a884f
2016,UN Secretariat,Russian Federation,UTAIR - HELICOPTER SERVICES,"Transportation, Storage, Mail Services",2854909.1,UN Secretariat-2016-aa758264783c
2016,UN Secretariat,Russian Federation,UTAIR - HELICOPTER SERVICES,"Transportation, Storage, Mail Services",2702120.97,UN Secretariat-2016-431136ccc877
2016,UN Secretariat,Russian Federation,UTAIR - HELICOPTER SERVICES,"Transportation, Storage, Mail Services",2480000.0,UN Secretariat-2016-3d08133cc9b7
2016,UN Secretariat,Russian Federation,UTAIR - HELICOPTER SERVICES,"Transportation, Storage, Mail Services",2358819.98,UN Secretariat-2016-2d4de37879e7
2016,UN Secretariat,Russian Federation,UTAIR - HELICOPTER SERVICES,"Transportation, Storage, Mail Services",2240860.0,UN Secretariat-2016-98009ed53e9d
2016,UN Secretariat,Russian Federation,UTAIR - HELICOPTER SERVICES,"Transportation, Storage, Mail Services",2170000.0,UN Secretariat-2016-02c6ef6eaec6
2016,UN Secretariat,Russian Federation,UTAIR - HELICOPTER SERVICES,"Transportation, Storage, Mail Services",1556548.0,UN Secretariat-2016-a72cdca794e3
2016,UN Secretariat,Russian Federation,UTAIR - HELICOPTER SERVICES,"Transportation, Storage, Mail Services",1546162.19,UN Secretariat-2016-08418e6ef964
2016,UN Secretariat,Russian Federation,UTAIR - HELICOPTER SERVICES,"Transportation, Storage, Mail Services",1384306.3,UN Secretariat-2016-71d4e27dd730
2016,UN Secretariat,Russian Federation,UTAIR - HELICOPTER SERVICES,"Transportation, Storage, Mail Services",1190036.67,UN Secretariat-2016-2d15bdc01707
2016,UN Secretariat,Russian Federation,UTAIR - HELICOPTER SERVICES,"Transportation, Storage, Mail Services",1016388.21,UN Secretariat-2016-e0ea13e68965
2016,UN Secretariat,Russian Federation,UTAIR - HELICOPTER SERVICES,"Transportation, Storage, Mail Services",877046.0,UN Secretariat-2016-f3f296372114
2016,UN Secretariat,Russian Federation,UTAIR - HELICOPTER SERVICES,"Transportation, Storage, Mail Services",844502.06,UN Secretariat-2016-fb058c923100
2016,UN Secretariat,Russian Federation,UTAIR - HELICOPTER SERVICES,"Transportation, Storage, Mail Services",750240.0,UN Secretariat-2016-e43e6e92c9b5
2016,UN Secretariat,Russian Federation,UTAIR - HELICOPTER SERVICES,"Transportation, Storage, Mail Services",719987.92,UN Secretariat-2016-f41701389902
2016,UN Secretariat,Russian Federation,UTAIR - HELICOPTER SERVICES,"Transportation, Storage, Mail Services",704741.47,UN Secretariat-2016-77d71142f335
2016,UN Secretariat,Russian Federation,UTAIR - HELICOPTER SERVICES,"Transportation, Storage, Mail Services",559320.0,UN Secretariat-2016-f6d69352d102
2016,UN Secretariat,Russian Federation,UTAIR - HELICOPTER SERVICES,"Transportation, Storage, Mail Services",524579.0,UN Secretariat-2016-d1078dc84932
2016,UN Secretariat,Russian Federation,UTAIR - HELICOPTER SERVICES,"Transportation, Storage, Mail Services",502800.0,UN Secretariat-2016-5cefcf32065c
2016,UN Secretariat,Russian Federation,UTAIR - HELICOPTER SERVICES,"Transportation, Storage, Mail Services",477000.0,UN Secretariat-2016-f63a6e54134b
2016,UN Secretariat,Russian Federation,UTAIR - HELICOPTER SERVICES,"Transportation, Storage, Mail Services",457468.0,UN Secretariat-2016-26ff092844e3
2016,UN Secretariat,Russian Federation,UTAIR - HELICOPTER SERVICES,"Transportation, Storage, Mail Services",439997.9,UN Secretariat-2016-1a6a1ec4b0dc
2016,UN Secretariat,Russian Federation,UTAIR - HELICOPTER SERVICES,"Transportation, Storage, Mail Services",394814.17,UN Secretariat-2016-2c9e0a164c00
2016,UN Secretariat,Russian Federation,UTAIR - HELICOPTER SERVICES,"Transportation, Storage, Mail Services",373318.0,UN Secretariat-2016-23eb60aee043
2016,UN Secretariat,Russian Federation,UTAIR - HELICOPTER SERVICES,"Transportation, Storage, Mail Services",326741.3,UN Secretariat-2016-40e5ce66c9b9
2016,UN Secretariat,Russian Federation,UTAIR - HELICOPTER SERVICES,"Transportation, Storage, Mail Services",101780.49,UN Secretariat-2016-de0c61b33159
2016,UN Secretariat,Russian Federation,UTAIR - HELICOPTER SERVICES,"Transportation, Storage, Mail Services",90450.0,UN Secretariat-2016-bbf1decac571
2016,UN Secretariat,Russian Federation,UTAIR - HELICOPTER SERVICES,"Transportation, Storage, Mail Services",90000.0,UN Secretariat-2016-ac98c4fe6843
2016,UN Secretariat,Russian Federation,UTAIR - HELICOPTER SERVICES,"Transportation, Storage, Mail Services",85237.42,UN Secretariat-2016-d58b764a7628
2016,UN Secretariat,Russian Federation,UTAIR - HELICOPTER SERVICES,"Transportation, Storage, Mail Services",71683.3,UN Secretariat-2016-800727e222dd
2016,UN Secretariat,Russian Federation,UTAIR - HELICOPTER SERVICES,"Transportation, Storage, Mail Services",61331.0,UN Secretariat-2016-d15d5812d7ab
2017,UN Secretariat,Russian Federation,UTAIR - HELICOPTER SERVICES,"Transportation, Storage, Mail Services",7275290.0,UN Secretariat-2017-ac7949c3988b
2017,UN Secretariat,Russian Federation,UTAIR - HELICOPTER SERVICES,"Transportation, Storage, Mail Services",3980972.05,UN Secretariat-2017-7f2adcbbb984
2017,UN Secretariat,Russian Federation,UTAIR - HELICOPTER SERVICES,"Transportation, Storage, Mail Services",3785497.78,UN Secretariat-2017-f73f6929e218
2017,UN Secretariat,Russian Federation,UTAIR - HELICOPTER SERVICES,"Transportation, Storage, Mail Services",3501143.76,UN Secretariat-2017-3ea2b7f609af
2017,UN Secretariat,Russian Federation,UTAIR - HELICOPTER SERVICES,"Transportation, Storage, Mail Services",3447214.51,UN Secretariat-2017-f0bde380f35d
2017,UN Secretariat,Russian Federation,UTAIR - HELICOPTER SERVICES,"Transportation, Storage, Mail Services",3338105.21,UN Secretariat-2017-266db6d5e834
2017,UN Secretariat,Russian Federation,UTAIR - HELICOPTER SERVICES,"Transportation, Storage, Mail Services",3270233.88,UN Secretariat-2017-800919c117fb
2017,UN Secretariat,Russian Federation,UTAIR - HELICOPTER SERVICES,"Transportation, Storage, Mail Services",3212447.31,UN Secretariat-2017-1f8968f5328a
2017,UN Secretariat,Russian Federation,UTAIR - HELICOPTER SERVICES,"Transportation, Storage, Mail Services",3206403.95,UN Secretariat-2017-89bb6adfe25c
2017,UN Secretariat,Russian Federation,UTAIR - HELICOPTER SERVICES,"Transportation, Storage, Mail Services",3063164.67,UN Secretariat-2017-926d8d4f6fd6
2017,UN Secretariat,Russian Federation,UTAIR - HELICOPTER SERVICES,"Transportation, Storage, Mail Services",2853961.76,UN Secretariat-2017-3dfff64b942c
2017,UN Secretariat,Russian Federation,UTAIR - HELICOPTER SERVICES,"Transportation, Storage, Mail Services",2581007.76,UN Secretariat-2017-a5bc54585874
2017,UN Secretariat,Russian Federation,UTAIR - HELICOPTER SERVICES,"Transportation, Storage, Mail Services",2496797.73,UN Secretariat-2017-637c3c42fa9f
2017,UN Secretariat,Russian Federation,UTAIR - HELICOPTER SERVICES,"Transportation, Storage, Mail Services",2453837.05,UN Secretariat-2017-ec76019016de
2017,UN Secretariat,Russian Federation,UTAIR - HELICOPTER SERVICES,"Transportation, Storage, Mail Services",2228111.78,UN Secretariat-2017-b1c136305a96
2017,UN Secretariat,Russian Federation,UTAIR - HELICOPTER SERVICES,"Transportation, Storage, Mail Services",2150353.45,UN Secretariat-2017-d06821744907
2017,UN Secretariat,Russian Federation,UTAIR - HELICOPTER SERVICES,"Transportation, Storage, Mail Services",2114111.78,UN Secretariat-2017-9cbb089b0379
2017,UN Secretariat,Russian Federation,UTAIR - HELICOPTER SERVICES,"Transportation, Storage, Mail Services",2020395.62,UN Secretariat-2017-608de4962917
2017,UN Secretariat,Russian Federation,UTAIR - HELICOPTER SERVICES,"Transportation, Storage, Mail Services",1851205.48,UN Secretariat-2017-7eecb54e8aea
2017,UN Secretariat,Russian Federation,UTAIR - HELICOPTER SERVICES,"Transportation, Storage, Mail Services",1770766.41,UN Secretariat-2017-17d38091dcfd
2017,UN Secretariat,Russian Federation,UTAIR - HELICOPTER SERVICES,"Transportation, Storage, Mail Services",1766282.04,UN Secretariat-2017-042700dbc5b4
2017,UN Secretariat,Russian Federation,UTAIR - HELICOPTER SERVICES,"Transportation, Storage, Mail Services",1708169.84,UN Secretariat-2017-5f6c302d5c7f
2017,UN Secretariat,Russian Federation,UTAIR - HELICOPTER SERVICES,"Transportation, Storage, Mail Services",1562684.49,UN Secretariat-2017-21a99fc74777
2017,UN Secretariat,Russian Federation,UTAIR - HELICOPTER SERVICES,"Transportation, Storage, Mail Services",1513492.89,UN Secretariat-2017-14e90b0a2d25
2017,UN Secretariat,Russian Federation,UTAIR - HELICOPTER SERVICES,"Transportation, Storage, Mail Services",1399999.71,UN Secretariat-2017-9f040a471f9c
2017,UN Secretariat,Russian Federation,UTAIR - HELICOPTER SERVICES,"Transportation, Storage, Mail Services",1366854.0,UN Secretariat-2017-56156a4cfa2a
2017,UN Secretariat,Russian Federation,UTAIR - HELICOPTER SERVICES,"Transportation, Storage, Mail Services",1355709.6,UN Secretariat-2017-ba0cb3ac8856
2017,UN Secretariat,Russian Federation,UTAIR - HELICOPTER SERVICES,"Transportation, Storage, Mail Services",1273225.6,UN Secretariat-2017-f9bfa6f6a88f
2017,UN Secretariat,Russian Federation,UTAIR - HELICOPTER SERVICES,"Transportation, Storage, Mail Services",1207670.92,UN Secretariat-2017-77379606764b
2017,UN Secretariat,Russian Federation,UTAIR - HELICOPTER SERVICES,"Transportation, Storage, Mail Services",1207670.92,UN Secretariat-2017-f365764c8a72
2017,UN Secretariat,Russian Federation,UTAIR - HELICOPTER SERVICES,"Transportation, Storage, Mail Services",1162051.18,UN Secretariat-2017-c48c607e9b11
2017,UN Secretariat,Russian Federation,UTAIR - HELICOPTER SERVICES,"Transportation, Storage, Mail Services",1159824.18,UN Secretariat-2017-a9bb63b6b9bd
2017,UN Secretariat,Russian Federation,UTAIR - HELICOPTER SERVICES,"Transportation, Storage, Mail Services",1159824.18,UN Secretariat-2017-5fcf144511c1
2017,UN Secretariat,Russian Federation,UTAIR - HELICOPTER SERVICES,"Transportation, Storage, Mail Services",1131679.38,UN Secretariat-2017-d6ef34ad74b2
2017,UN Secretariat,Russian Federation,UTAIR - HELICOPTER SERVICES,"Transportation, Storage, Mail Services",1059146.58,UN Secretariat-2017-1e0b017d2def
2017,UN Secretariat,Russian Federation,UTAIR - HELICOPTER SERVICES,"Transportation, Storage, Mail Services",995234.07,UN Secretariat-2017-2f1bb98a0cd3
2017,UN Secretariat,Russian Federation,UTAIR - HELICOPTER SERVICES,"Transportation, Storage, Mail Services",945779.73,UN Secretariat-2017-7fe95e8f5fa3
2017,UN Secretariat,Russian Federation,UTAIR - HELICOPTER SERVICES,"Transportation, Storage, Mail Services",821327.91,UN Secretariat-2017-03767ee27a88
2017,UN Secretariat,Russian Federation,UTAIR - HELICOPTER SERVICES,"Transportation, Storage, Mail Services",813233.13,UN Secretariat-2017-084ba7d47ea5
2017,UN Secretariat,Russian Federation,UTAIR - HELICOPTER SERVICES,"Transportation, Storage, Mail Services",764400.0,UN Secretariat-2017-c6f3ebab9d87
2017,UN Secretariat,Russian Federation,UTAIR - HELICOPTER SERVICES,"Transportation, Storage, Mail Services",661410.84,UN Secretariat-2017-1a648ac7b10c
2017,UN Secretariat,Russian Federation,UTAIR - HELICOPTER SERVICES,"Transportation, Storage, Mail Services",631791.78,UN Secretariat-2017-787ef5a9ec41
2017,UN Secretariat,Russian Federation,UTAIR - HELICOPTER SERVICES,"Transportation, Storage, Mail Services",623841.0,UN Secretariat-2017-a76d62433d75
2017,UN Secretariat,Russian Federation,UTAIR - HELICOPTER SERVICES,"Transportation, Storage, Mail Services",616517.15,UN Secretariat-2017-ef75ea3e90a1
2017,UN Secretariat,Russian Federation,UTAIR - HELICOPTER SERVICES,"Transportation, Storage, Mail Services",601299.0,UN Secretariat-2017-1d83ed382c8c
2017,UN Secretariat,Russian Federation,UTAIR - HELICOPTER SERVICES,"Transportation, Storage, Mail Services",585257.61,UN Secretariat-2017-ad7257ce2ff3
2017,UN Secretariat,Russian Federation,UTAIR - HELICOPTER SERVICES,"Transportation, Storage, Mail Services",574826.55,UN Secretariat-2017-9db01f8155dc
2017,UN Secretariat,Russian Federation,UTAIR - HELICOPTER SERVICES,"Transportation, Storage, Mail Services",530084.0,UN Secretariat-2017-cc1b2be3cdff
2017,UN Secretariat,Russian Federation,UTAIR - HELICOPTER SERVICES,"Transportation, Storage, Mail Services",417288.0,UN Secretariat-2017-ce8ae539a26e
2017,UN Secretariat,Russian Federation,UTAIR - HELICOPTER SERVICES,"Transportation, Storage, Mail Services",417133.15,UN Secretariat-2017-e76264932ea5
2017,UN Secretariat,Russian Federation,UTAIR - HELICOPTER SERVICES,"Transportation, Storage, Mail Services",359150.0,UN Secretariat-2017-1dcf7c23fee3
2017,UN Secretariat,Russian Federation,UTAIR - HELICOPTER SERVICES,"Transportation, Storage, Mail Services",348952.4,UN Secretariat-2017-7d07257672a8
2017,UN Secretariat,Russian Federation,UTAIR - HELICOPTER SERVICES,"Transportation, Storage, Mail Services",342285.6,UN Secretariat-2017-83ccd93d5186
2017,UN Secretariat,Russian Federation,UTAIR - HELICOPTER SERVICES,"Transportation, Storage, Mail Services",302890.72,UN Secretariat-2017-70553a0cfa61
2017,UN Secretariat,Russian Federation,UTAIR - HELICOPTER SERVICES,"Transportation, Storage, Mail Services",268512.33,UN Secretariat-2017-72d4109f46e6
2017,UN Secretariat,Russian Federation,UTAIR - HELICOPTER SERVICES,"Transportation, Storage, Mail Services",250189.0,UN Secretariat-2017-7aeea868c603
2017,UN Secretariat,Russian Federation,UTAIR - HELICOPTER SERVICES,"Transportation, Storage, Mail Services",250000.0,UN Secretariat-2017-2717475f387a
2017,UN Secretariat,Russian Federation,UTAIR - HELICOPTER SERVICES,"Transportation, Storage, Mail Services",222000.0,UN Secretariat-2017-dfd3b1dada74
2017,UN Secretariat,Russian Federation,UTAIR - HELICOPTER SERVICES,"Transportation, Storage, Mail Services",210189.0,UN Secretariat-2017-1972d38574ff
2017,UN Secretariat,Russian Federation,UTAIR - HELICOPTER SERVICES,"Transportation, Storage, Mail Services",203462.0,UN Secretariat-2017-af54bb65d89c
2017,UN Secretariat,Russian Federation,UTAIR - HELICOPTER SERVICES,"Transportation, Storage, Mail Services",201980.44,UN Secretariat-2017-da9d34689128
2017,UN Secretariat,Russian Federation,UTAIR - HELICOPTER SERVICES,"Transportation, Storage, Mail Services",200000.0,UN Secretariat-2017-b72c3aff6c65
2017,UN Secretariat,Russian Federation,UTAIR - HELICOPTER SERVICES,"Transportation, Storage, Mail Services",180000.0,UN Secretariat-2017-60c1d5943589
2017,UN Secretariat,Russian Federation,UTAIR - HELICOPTER SERVICES,"Transportation, Storage, Mail Services",167150.0,UN Secretariat-2017-ee1279d12e82
2017,UN Secretariat,Russian Federation,UTAIR - HELICOPTER SERVICES,"Transportation, Storage, Mail Services",150000.0,UN Secretariat-2017-466d6777fb74
2017,UN Secretariat,Russian Federation,UTAIR - HELICOPTER SERVICES,"Transportation, Storage, Mail Services",150000.0,UN Secretariat-2017-eb0dbc730f46
2017,UN Secretariat,Russian Federation,UTAIR - HELICOPTER SERVICES,"Transportation, Storage, Mail Services",127850.08,UN Secretariat-2017-771fb479c59c
2017,UN Secretariat,Russian Federation,UTAIR - HELICOPTER SERVICES,"Transportation, Storage, Mail Services",115000.0,UN Secretariat-2017-f728a19a911d
2017,UN Secretariat,Russian Federation,UTAIR - HELICOPTER SERVICES,"Transportation, Storage, Mail Services",102163.92,UN Secretariat-2017-e73d477b82fe
2017,UN Secretariat,Russian Federation,UTAIR - HELICOPTER SERVICES,"Transportation, Storage, Mail Services",99220.0,UN Secretariat-2017-87f6aa70a2b0
2017,UN Secretariat,Russian Federation,UTAIR - HELICOPTER SERVICES,"Transportation, Storage, Mail Services",96000.0,UN Secretariat-2017-6904e60b95f1
2017,UN Secretariat,Russian Federation,UTAIR - HELICOPTER SERVICES,"Transportation, Storage, Mail Services",90336.1,UN Secretariat-2017-fe70ce14a667
2017,UN Secretariat,Russian Federation,UTAIR - HELICOPTER SERVICES,"Transportation, Storage, Mail Services",70259.85,UN Secretariat-2017-1388f10e0ce5
2017,UN Secretariat,Russian Federation,UTAIR - HELICOPTER SERVICES,"Transportation, Storage, Mail Services",66000.0,UN Secretariat-2017-4ddf853325fd
2017,UN Secretariat,Russian Federation,UTAIR - HELICOPTER SERVICES,"Transportation, Storage, Mail Services",60000.0,UN Secretariat-2017-0fdcef5c1d2f
2018,UN Secretariat,Russian Federation,UTAIR - HELICOPTER SERVICES,"Transportation, Storage, Mail Services",6989105.0,UN Secretariat-2018-0e207f0442d5
2018,UN Secretariat,Russian Federation,UTAIR - HELICOPTER SERVICES,"Transportation, Storage, Mail Services",4891769.8,UN Secretariat-2018-5fdd608c0ed5
2018,UN Secretariat,Russian Federation,UTAIR - HELICOPTER SERVICES,"Transportation, Storage, Mail Services",4812086.47,UN Secretariat-2018-71e0b52b6ab3
2018,UN Secretariat,Russian Federation,UTAIR - HELICOPTER SERVICES,"Transportation, Storage, Mail Services",4350940.23,UN Secretariat-2018-2ecf8d25af1d
2018,UN Secretariat,Russian Federation,UTAIR - HELICOPTER SERVICES,"Transportation, Storage, Mail Services",4099954.0,UN Secretariat-2018-162cde6f8c50
2018,UN Secretariat,Russian Federation,UTAIR - HELICOPTER SERVICES,"Transportation, Storage, Mail Services",3567121.36,UN Secretariat-2018-0f08509990c2
2018,UN Secretariat,Russian Federation,UTAIR - HELICOPTER SERVICES,"Transportation, Storage, Mail Services",3551730.51,UN Secretariat-2018-600a7f6568d3
2018,UN Secretariat,Russian Federation,UTAIR - HELICOPTER SERVICES,"Transportation, Storage, Mail Services",3432791.59,UN Secretariat-2018-df3d11a6ab8d
2018,UN Secretariat,Russian Federation,UTAIR - HELICOPTER SERVICES,"Transportation, Storage, Mail Services",3176499.16,UN Secretariat-2018-ce2f819394c5
2018,UN Secretariat,Russian Federation,UTAIR - HELICOPTER SERVICES,"Transportation, Storage, Mail Services",3012512.19,UN Secretariat-2018-3d684e09fd2f
2018,UN Secretariat,Russian Federation,UTAIR - HELICOPTER SERVICES,"Transportation, Storage, Mail Services",2827976.21,UN Secretariat-2018-f9df31332e66
2018,UN Secretariat,Russian Federation,UTAIR - HELICOPTER SERVICES,"Transportation, Storage, Mail Services",2617636.23,UN Secretariat-2018-cb18c137cfbf
2018,UN Secretariat,Russian Federation,UTAIR - HELICOPTER SERVICES,"Transportation, Storage, Mail Services",2283266.36,UN Secretariat-2018-342fdbce929c
2018,UN Secretariat,Russian Federation,UTAIR - HELICOPTER SERVICES,"Transportation, Storage, Mail Services",2056964.59,UN Secretariat-2018-502c47e6ed2c
2018,UN Secretariat,Russian Federation,UTAIR - HELICOPTER SERVICES,"Transportation, Storage, Mail Services",2003545.75,UN Secretariat-2018-101655a3d3b0
2018,UN Secretariat,Russian Federation,UTAIR - HELICOPTER SERVICES,"Transportation, Storage, Mail Services",1601564.19,UN Secretariat-2018-50ba8dfea10c
2018,UN Secretariat,Russian Federation,UTAIR - HELICOPTER SERVICES,"Transportation, Storage, Mail Services",1374404.38,UN Secretariat-2018-44e333ee6017
2018,UN Secretariat,Russian Federation,UTAIR - HELICOPTER SERVICES,"Transportation, Storage, Mail Services",1335552.88,UN Secretariat-2018-22e4aa55108f
2018,UN Secretariat,Russian Federation,UTAIR - HELICOPTER SERVICES,"Transportation, Storage, Mail Services",1263297.77,UN Secretariat-2018-a13d61b97ac1
2018,UN Secretariat,Russian Federation,UTAIR - HELICOPTER SERVICES,"Transportation, Storage, Mail Services",1214697.95,UN Secretariat-2018-0f7e279ac0e8
2018,UN Secretariat,Russian Federation,UTAIR - HELICOPTER SERVICES,"Transportation, Storage, Mail Services",942177.88,UN Secretariat-2018-785466b9de54
2018,UN Secretariat,Russian Federation,UTAIR - HELICOPTER SERVICES,"Transportation, Storage, Mail Services",858662.47,UN Secretariat-2018-a514965d8eb2
2018,UN Secretariat,Russian Federation,UTAIR - HELICOPTER SERVICES,"Transportation, Storage, Mail Services",699243.84,UN Secretariat-2018-63214139f7f2
2018,UN Secretariat,Russian Federation,UTAIR - HELICOPTER SERVICES,"Transportation, Storage, Mail Services",677252.54,UN Secretariat-2018-5665744e5627
2018,UN Secretariat,Russian Federation,UTAIR - HELICOPTER SERVICES,"Transportation, Storage, Mail Services",675000.0,UN Secretariat-2018-c17d7c73a598
2018,UN Secretariat,Russian Federation,UTAIR - HELICOPTER SERVICES,"Transportation, Storage, Mail Services",605187.95,UN Secretariat-2018-f0a57de47896
2018,UN Secretariat,Russian Federation,UTAIR - HELICOPTER SERVICES,"Transportation, Storage, Mail Services",525000.0,UN Secretariat-2018-bea179c27bd8
2018,UN Secretariat,Russian Federation,UTAIR - HELICOPTER SERVICES,"Transportation, Storage, Mail Services",474313.79,UN Secretariat-2018-792aafd040eb
2018,UN Secretariat,Russian Federation,UTAIR - HELICOPTER SERVICES,"Transportation, Storage, Mail Services",363582.8,UN Secretariat-2018-0e4ca1e811c8
2018,UN Secretariat,Russian Federation,UTAIR - HELICOPTER SERVICES,"Transportation, Storage, Mail Services",355134.4,UN Secretariat-2018-47a2ba9ecd32
2018,UN Secretariat,Russian Federation,UTAIR - HELICOPTER SERVICES,"Transportation, Storage, Mail Services",170280.0,UN Secretariat-2018-8374348e20ca
2018,UN Secretariat,Russian Federation,UTAIR - HELICOPTER SERVICES,"Transportation, Storage, Mail Services",133660.0,UN Secretariat-2018-10021756b588
2018,UN Secretariat,Russian Federation,UTAIR - HELICOPTER SERVICES,"Transportation, Storage, Mail Services",64370.01,UN Secretariat-2018-8ef4562efc5b
2018,UN Secretariat,Russian Federation,UTAIR - HELICOPTER SERVICES,"Transportation, Storage, Mail Services",59954.7,UN Secretariat-2018-4e6fbf27d12f
2018,UN Secretariat,Russian Federation,UTAIR - HELICOPTER SERVICES,"Transportation, Storage, Mail Services",49114.67,UN Secretariat-2018-ef6773ad5446
2018,UN Secretariat,Russian Federation,UTAIR - HELICOPTER SERVICES,"Transportation, Storage, Mail Services",35087.0,UN Secretariat-2018-42cd7305603e
2018,UN Secretariat,Russian Federation,UTAIR - HELICOPTER SERVICES,"Transportation, Storage, Mail Services",30000.0,UN Secretariat-2018-cd6efc588791
2019,UN Secretariat,Russian Federation,UTAIR - HELICOPTER SERVICES,"Transportation, Storage, Mail Services",6092744.21,UN Secretariat-2019-29874d7346db
2019,UN Secretariat,Russian Federation,UTAIR - HELICOPTER SERVICES,"Transportation, Storage, Mail Services",5824097.35,UN Secretariat-2019-d85bccce5b7f
2019,UN Secretariat,Russian Federation,UTAIR - HELICOPTER SERVICES,"Transportation, Storage, Mail Services",5693424.85,UN Secretariat-2019-eb0304a27e02
2019,UN Secretariat,Russian Federation,UTAIR - HELICOPTER SERVICES,"Transportation, Storage, Mail Services",5367102.17,UN Secretariat-2019-c0a93febde68
2019,UN Secretariat,Russian Federation,UTAIR - HELICOPTER SERVICES,"Transportation, Storage, Mail Services",5318686.89,UN Secretariat-2019-04407e6d0275
2019,UN Secretariat,Russian Federation,UTAIR - HELICOPTER SERVICES,"Transportation, Storage, Mail Services",4951518.59,UN Secretariat-2019-dd519d46ec09
2019,UN Secretariat,Russian Federation,UTAIR - HELICOPTER SERVICES,"Transportation, Storage, Mail Services",4525505.3,UN Secretariat-2019-dea0a9cf7e6d
2019,UN Secretariat,Russian Federation,UTAIR - HELICOPTER SERVICES,"Transportation, Storage, Mail Services",4431747.06,UN Secretariat-2019-3d5eee6ff2a8
2019,UN Secretariat,Russian Federation,UTAIR - HELICOPTER SERVICES,"Transportation, Storage, Mail Services",3740149.73,UN Secretariat-2019-780acef6ae27
2019,UN Secretariat,Russian Federation,UTAIR - HELICOPTER SERVICES,"Transportation, Storage, Mail Services",3690562.93,UN Secretariat-2019-c5d2af2433dd
2019,UN Secretariat,Russian Federation,UTAIR - HELICOPTER SERVICES,"Transportation, Storage, Mail Services",3511057.71,UN Secretariat-2019-b6f52a44877b
2019,UN Secretariat,Russian Federation,UTAIR - HELICOPTER SERVICES,"Transportation, Storage, Mail Services",3359114.75,UN Secretariat-2019-9082033ed8f6
2019,UN Secretariat,Russian Federation,UTAIR - HELICOPTER SERVICES,"Transportation, Storage, Mail Services",3113095.83,UN Secretariat-2019-66ae42c6dabe
2019,UN Secretariat,Russian Federation,UTAIR - HELICOPTER SERVICES,"Transportation, Storage, Mail Services",3041475.62,UN Secretariat-2019-2eb41a4ba675
2019,UN Secretariat,Russian Federation,UTAIR - HELICOPTER SERVICES,"Transportation, Storage, Mail Services",2657122.76,UN Secretariat-2019-2a33a6a78434
2019,UN Secretariat,Russian Federation,UTAIR - HELICOPTER SERVICES,"Transportation, Storage, Mail Services",2552133.83,UN Secretariat-2019-79a8e62ff72d
2019,UN Secretariat,Russian Federation,UTAIR - HELICOPTER SERVICES,"Transportation, Storage, Mail Services",2405464.48,UN Secretariat-2019-631cf8d96ca5
2019,UN Secretariat,Russian Federation,UTAIR - HELICOPTER SERVICES,"Transportation, Storage, Mail Services",2215956.43,UN Secretariat-2019-765ac6d7084c
2019,UN Secretariat,Russian Federation,UTAIR - HELICOPTER SERVICES,"Transportation, Storage, Mail Services",1991480.43,UN Secretariat-2019-6ecc6334d7e4
2019,UN Secretariat,Russian Federation,UTAIR - HELICOPTER SERVICES,"Transportation, Storage, Mail Services",1493447.95,UN Secretariat-2019-2ca57dc5c74c
2019,UN Secretariat,Russian Federation,UTAIR - HELICOPTER SERVICES,"Transportation, Storage, Mail Services",1196157.12,UN Secretariat-2019-b2c230500a28
2019,UN Secretariat,Russian Federation,UTAIR - HELICOPTER SERVICES,"Transportation, Storage, Mail Services",924653.5,UN Secretariat-2019-82fc1759e65f
2019,UN Secretariat,Russian Federation,UTAIR - HELICOPTER SERVICES,"Transportation, Storage, Mail Services",712201.51,UN Secretariat-2019-2ece8749f223
2019,UN Secretariat,Russian Federation,UTAIR - HELICOPTER SERVICES,"Transportation, Storage, Mail Services",609366.84,UN Secretariat-2019-eddecace331d
2019,UN Secretariat,Russian Federation,UTAIR - HELICOPTER SERVICES,"Transportation, Storage, Mail Services",501004.85,UN Secretariat-2019-b29b1704b752
2019,UN Secretariat,Russian Federation,UTAIR - HELICOPTER SERVICES,"Transportation, Storage, Mail Services",480000.0,UN Secretariat-2019-919c193ec578
2019,UN Secretariat,Russian Federation,UTAIR - HELICOPTER SERVICES,"Transportation, Storage, Mail Services",433151.43,UN Secretariat-2019-690717f6db86
2019,UN Secretariat,Russian Federation,UTAIR - HELICOPTER SERVICES,"Transportation, Storage, Mail Services",425061.27,UN Secretariat-2019-b47dc443ab7e
2019,UN Secretariat,Russian Federation,UTAIR - HELICOPTER SERVICES,"Transportation, Storage, Mail Services",372801.94,UN Secretariat-2019-feedf087e8f5
2019,UN Secretariat,Russian Federation,UTAIR - HELICOPTER SERVICES,"Transportation, Storage, Mail Services",361999.98,UN Secretariat-2019-862f5956691e
2019,UN Secretariat,Russian Federation,UTAIR - HELICOPTER SERVICES,"Transportation, Storage, Mail Services",335783.86,UN Secretariat-2019-f88f73507a92
2019,UN Secretariat,Russian Federation,UTAIR - HELICOPTER SERVICES,"Transportation, Storage, Mail Services",156000.0,UN Secretariat-2019-e8e2faf742c3
2019,UN Secretariat,Russian Federation,UTAIR - HELICOPTER SERVICES,"Transportation, Storage, Mail Services",120000.0,UN Secretariat-2019-05e2ab6d2df4
2019,UN Secretariat,Russian Federation,UTAIR - HELICOPTER SERVICES,"Transportation, Storage, Mail Services",120000.0,UN Secretariat-2019-eb45ac4a94d7
2019,UN Secretariat,Russian Federation,UTAIR - HELICOPTER SERVICES,"Transportation, Storage, Mail Services",111238.67,UN Secretariat-2019-da434595bc71
2019,UN Secretariat,Russian Federation,UTAIR - HELICOPTER SERVICES,"Transportation, Storage, Mail Services",110000.0,UN Secretariat-2019-4ab5076acbff
2019,UN Secretariat,Russian Federation,UTAIR - HELICOPTER SERVICES,"Transportation, Storage, Mail Services",90000.0,UN Secretariat-2019-6a8e31ea1cec
2019,UN Secretariat,Russian Federation,UTAIR - HELICOPTER SERVICES,"Transportation, Storage, Mail Services",63550.0,UN Secretariat-2019-70d0dfa21bf7
2019,UN Secretariat,Russian Federation,UTAIR - HELICOPTER SERVICES,"Transportation, Storage, Mail Services",33808.77,UN Secretariat-2019-2a93a3dbeaa0
2019,UN Secretariat,Russian Federation,UTAIR - HELICOPTER SERVICES,"Transportation, Storage, Mail Services",30870.0,UN Secretariat-2019-1c90be9afd20
2020,UN Secretariat,Russian Federation,UTAIR - HELICOPTER SERVICES,"Transportation, Storage, Mail Services",7715129.62,UN Secretariat-2020-93250b6e59ec
2020,UN Secretariat,Russian Federation,UTAIR - HELICOPTER SERVICES,"Transportation, Storage, Mail Services",5809071.82,UN Secretariat-2020-257f49c5dc1b
2020,UN Secretariat,Russian Federation,UTAIR - HELICOPTER SERVICES,"Transportation, Storage, Mail Services",5791936.86,UN Secretariat-2020-c18478736e0a
2020,UN Secretariat,Russian Federation,UTAIR - HELICOPTER SERVICES,"Transportation, Storage, Mail Services",5511202.32,UN Secretariat-2020-a656d3402661
2020,UN Secretariat,Russian Federation,UTAIR - HELICOPTER SERVICES,"Transportation, Storage, Mail Services",4734426.06,UN Secretariat-2020-c3c98e2ec57f
2020,UN Secretariat,Russian Federation,UTAIR - HELICOPTER SERVICES,"Transportation, Storage, Mail Services",4371963.01,UN Secretariat-2020-5062539f32c6
2020,UN Secretariat,Russian Federation,UTAIR - HELICOPTER SERVICES,"Transportation, Storage, Mail Services",3996184.92,UN Secretariat-2020-8d667aefa5b1
2020,UN Secretariat,Russian Federation,UTAIR - HELICOPTER SERVICES,"Transportation, Storage, Mail Services",3447578.63,UN Secretariat-2020-8602197100e7
2020,UN Secretariat,Russian Federation,UTAIR - HELICOPTER SERVICES,"Transportation, Storage, Mail Services",3411136.99,UN Secretariat-2020-570d134e03a9
2020,UN Secretariat,Russian Federation,UTAIR - HELICOPTER SERVICES,"Transportation, Storage, Mail Services",2466823.19,UN Secretariat-2020-18c84d9729a1
2020,UN Secretariat,Russian Federation,UTAIR - HELICOPTER SERVICES,"Transportation, Storage, Mail Services",2035397.26,UN Secretariat-2020-315314e6da8d
2020,UN Secretariat,Russian Federation,UTAIR - HELICOPTER SERVICES,"Transportation, Storage, Mail Services",1899301.38,UN Secretariat-2020-2ae7003577a5
2020,UN Secretariat,Russian Federation,UTAIR - HELICOPTER SERVICES,"Transportation, Storage, Mail Services",1870136.47,UN Secretariat-2020-128e755befcf
2020,UN Secretariat,Russian Federation,UTAIR - HELICOPTER SERVICES,"Transportation, Storage, Mail Services",1806795.82,UN Secretariat-2020-5ebd6e697bb5
2020,UN Secretariat,Russian Federation,UTAIR - HELICOPTER SERVICES,"Transportation, Storage, Mail Services",1474093.15,UN Secretariat-2020-e1bb53afa53b
2020,UN Secretariat,Russian Federation,UTAIR - HELICOPTER SERVICES,"Transportation, Storage, Mail Services",1370256.82,UN Secretariat-2020-97e4bd9cdd55
2020,UN Secretariat,Russian Federation,UTAIR - HELICOPTER SERVICES,"Transportation, Storage, Mail Services",1341904.0,UN Secretariat-2020-b903eaea81cd
2020,UN Secretariat,Russian Federation,UTAIR - HELICOPTER SERVICES,"Transportation, Storage, Mail Services",1341794.52,UN Secretariat-2020-b40a84a2e60a
2020,UN Secretariat,Russian Federation,UTAIR - HELICOPTER SERVICES,"Transportation, Storage, Mail Services",1321794.52,UN Secretariat-2020-a312b0801b15
2020,UN Secretariat,Russian Federation,UTAIR - HELICOPTER SERVICES,"Transportation, Storage, Mail Services",1192129.0,UN Secretariat-2020-38a57a55b507
2020,UN Secretariat,Russian Federation,UTAIR - HELICOPTER SERVICES,"Transportation, Storage, Mail Services",1002142.49,UN Secretariat-2020-e329404634ed
2020,UN Secretariat,Russian Federation,UTAIR - HELICOPTER SERVICES,"Transportation, Storage, Mail Services",992303.75,UN Secretariat-2020-cf7e81d22068
2020,UN Secretariat,Russian Federation,UTAIR - HELICOPTER SERVICES,"Transportation, Storage, Mail Services",887232.89,UN Secretariat-2020-74748935f697
2020,UN Secretariat,Russian Federation,UTAIR - HELICOPTER SERVICES,"Transportation, Storage, Mail Services",695831.66,UN Secretariat-2020-daab452953b5
2020,UN Secretariat,Russian Federation,UTAIR - HELICOPTER SERVICES,"Transportation, Storage, Mail Services",661240.47,UN Secretariat-2020-73a6a8b39fba
2020,UN Secretariat,Russian Federation,UTAIR - HELICOPTER SERVICES,"Transportation, Storage, Mail Services",469488.14,UN Secretariat-2020-187244581862
2020,UN Secretariat,Russian Federation,UTAIR - HELICOPTER SERVICES,"Transportation, Storage, Mail Services",465257.62,UN Secretariat-2020-a187f6f4e3f9
2020,UN Secretariat,Russian Federation,UTAIR - HELICOPTER SERVICES,"Transportation, Storage, Mail Services",321781.48,UN Secretariat-2020-c63c7e9242f2
2020,UN Secretariat,Russian Federation,UTAIR - HELICOPTER SERVICES,"Transportation, Storage, Mail Services",112618.8,UN Secretariat-2020-1e986dd0b7c2
2021,UN Secretariat,Russian Federation,UTAIR - HELICOPTER SERVICES,"Transportation, Storage, Mail Services",6840696.76,UN Secretariat-2021-fe0f165b6dc6
2021,UN Secretariat,Russian Federation,UTAIR - HELICOPTER SERVICES,"Transportation, Storage, Mail Services",5748559.12,UN Secretariat-2021-712c4b600f0d
2021,UN Secretariat,Russian Federation,UTAIR - HELICOPTER SERVICES,"Transportation, Storage, Mail Services",5716590.13,UN Secretariat-2021-03f2a66afe46
2021,UN Secretariat,Russian Federation,UTAIR - HELICOPTER SERVICES,"Transportation, Storage, Mail Services",5621101.3,UN Secretariat-2021-4ee6c27d4864
2021,UN Secretariat,Russian Federation,UTAIR - HELICOPTER SERVICES,"Transportation, Storage, Mail Services",5103598.09,UN Secretariat-2021-9e9426f132ee
2021,UN Secretariat,Russian Federation,UTAIR - HELICOPTER SERVICES,"Transportation, Storage, Mail Services",4886685.05,UN Secretariat-2021-e3234cdfe525
2021,UN Secretariat,Russian Federation,UTAIR - HELICOPTER SERVICES,"Transportation, Storage, Mail Services",4427825.93,UN Secretariat-2021-34a3ef086c7c
2021,UN Secretariat,Russian Federation,UTAIR - HELICOPTER SERVICES,"Transportation, Storage, Mail Services",3840288.48,UN Secretariat-2021-c2a8a05f9ce3
2021,UN Secretariat,Russian Federation,UTAIR - HELICOPTER SERVICES,"Transportation, Storage, Mail Services",3504868.51,UN Secretariat-2021-1d77946360d4
2021,UN Secretariat,Russian Federation,UTAIR - HELICOPTER SERVICES,"Transportation, Storage, Mail Services",1833465.01,UN Secretariat-2021-29672fb32c02
2021,UN Secretariat,Russian Federation,UTAIR - HELICOPTER SERVICES,"Transportation, Storage, Mail Services",1772319.0,UN Secretariat-2021-a98d2e31176c
2021,UN Secretariat,Russian Federation,UTAIR - HELICOPTER SERVICES,"Transportation, Storage, Mail Services",1758990.0,UN Secretariat-2021-d9321861444d
2021,UN Secretariat,Russian Federation,UTAIR - HELICOPTER SERVICES,"Transportation, Storage, Mail Services",1738939.65,UN Secretariat-2021-ea5234b3f8fe
2021,UN Secretariat,Russian Federation,UTAIR - HELICOPTER SERVICES,"Transportation, Storage, Mail Services",1672733.76,UN Secretariat-2021-3e9c8735c359
2021,UN Secretariat,Russian Federation,UTAIR - HELICOPTER SERVICES,"Transportation, Storage, Mail Services",1324703.12,UN Secretariat-2021-433dad770150
2021,UN Secretariat,Russian Federation,UTAIR - HELICOPTER SERVICES,"Transportation, Storage, Mail Services",1084656.33,UN Secretariat-2021-d11b1f6cea71
2021,UN Secretariat,Russian Federation,UTAIR - HELICOPTER SERVICES,"Transportation, Storage, Mail Services",997155.07,UN Secretariat-2021-eca971e688b0
2021,UN Secretariat,Russian Federation,UTAIR - HELICOPTER SERVICES,"Transportation, Storage, Mail Services",760619.85,UN Secretariat-2021-faf4ccc9f0e0
2021,UN Secretariat,Russian Federation,UTAIR - HELICOPTER SERVICES,"Transportation, Storage, Mail Services",403424.21,UN Secretariat-2021-3142e8270a36
2021,UN Secretariat,Russian Federation,UTAIR - HELICOPTER SERVICES,"Transportation, Storage, Mail Services",349950.75,UN Secretariat-2021-9a84c4928e22
2021,UN Secretariat,Russian Federation,UTAIR - HELICOPTER SERVICES,"Transportation, Storage, Mail Services",307413.2,UN Secretariat-2021-e7a4a17c692a
2021,UN Secretariat,Russian Federation,UTAIR - HELICOPTER SERVICES,"Transportation, Storage, Mail Services",220000.0,UN Secretariat-2021-53f644c6c151
2021,UN Secretariat,Russian Federation,UTAIR - HELICOPTER SERVICES,"Transportation, Storage, Mail Services",174378.08,UN Secretariat-2021-ca8a8f8c3d5e
2021,UN Secretariat,Russian Federation,UTAIR - HELICOPTER SERVICES,"Transportation, Storage, Mail Services",159851.33,UN Secretariat-2021-4841a68c0bee
2021,UN Secretariat,Russian Federation,UTAIR - HELICOPTER SERVICES,"Transportation, Storage, Mail Services",40357.01,UN Secretariat-2021-977eb2625501
2021,UN Secretariat,Russian Federation,UTAIR - HELICOPTER SERVICES,"Transportation, Storage, Mail Services",37792.44,UN Secretariat-2021-67f124daa053
2021,UN Secretariat,Russian Federation,UTAIR - HELICOPTER SERVICES,"Transportation, Storage, Mail Services",32397.4,UN Secretariat-2021-fd4ee5cab3f3
2021,UN Secretariat,Russian Federation,UTAIR - HELICOPTER SERVICES,"Transportation, Storage, Mail Services",30000.0,UN Secretariat-2021-9b5498769893
2022,UN Secretariat,Russian Federation,UTAIR - HELICOPTER SERVICES,"Transportation, Storage, Mail Services",6965897.76,UN Secretariat-2022-ee91583d50de
2022,UN Secretariat,Russian Federation,UTAIR - HELICOPTER SERVICES,"Transportation, Storage, Mail Services",5818400.0,UN Secretariat-2022-f01290ce2a7a
2022,UN Secretariat,Russian Federation,UTAIR - HELICOPTER SERVICES,"Transportation, Storage, Mail Services",5565328.93,UN Secretariat-2022-890bfe1e466e
2022,UN Secretariat,Russian Federation,UTAIR - HELICOPTER SERVICES,"Transportation, Storage, Mail Services",5497685.25,UN Secretariat-2022-cadf764d2c9b
2022,UN Secretariat,Russian Federation,UTAIR - HELICOPTER SERVICES,"Transportation, Storage, Mail Services",4886923.06,UN Secretariat-2022-d097f5b68526
2022,UN Secretariat,Russian Federation,UTAIR - HELICOPTER SERVICES,"Transportation, Storage, Mail Services",4465821.9,UN Secretariat-2022-3976d8c82f30
2022,UN Secretariat,Russian Federation,UTAIR - HELICOPTER SERVICES,"Transportation, Storage, Mail Services",3981847.41,UN Secretariat-2022-91afe8479acd
2022,UN Secretariat,Russian Federation,UTAIR - HELICOPTER SERVICES,"Transportation, Storage, Mail Services",3340547.12,UN Secretariat-2022-57203d29cb52
2022,UN Secretariat,Russian Federation,UTAIR - HELICOPTER SERVICES,"Transportation, Storage, Mail Services",2916729.89,UN Secretariat-2022-531a3cf61438
2022,UN Secretariat,Russian Federation,UTAIR - HELICOPTER SERVICES,"Transportation, Storage, Mail Services",1870000.0,UN Secretariat-2022-d89e42bb9ebf
2022,UN Secretariat,Russian Federation,UTAIR - HELICOPTER SERVICES,"Transportation, Storage, Mail Services",1706886.55,UN Secretariat-2022-4710786c8437
2022,UN Secretariat,Russian Federation,UTAIR - HELICOPTER SERVICES,"Transportation, Storage, Mail Services",1146296.84,UN Secretariat-2022-b7a349016d45
2022,UN Secretariat,Russian Federation,UTAIR - HELICOPTER SERVICES,"Transportation, Storage, Mail Services",1040569.18,UN Secretariat-2022-65bd5cbd1f22
2022,UN Secretariat,Russian Federation,UTAIR - HELICOPTER SERVICES,"Transportation, Storage, Mail Services",785706.99,UN Secretariat-2022-8122ed56879f
2022,UN Secretariat,Russian Federation,UTAIR - HELICOPTER SERVICES,"Transportation, Storage, Mail Services",749651.08,UN Secretariat-2022-0fcd764f1157
2022,UN Secretariat,Russian Federation,UTAIR - HELICOPTER SERVICES,"Transportation, Storage, Mail Services",737376.71,UN Secretariat-2022-2cc5a9899d34
2022,UN Secretariat,Russian Federation,UTAIR - HELICOPTER SERVICES,"Transportation, Storage, Mail Services",600745.43,UN Secretariat-2022-ae648a979af1
2022,UN Secretariat,Russian Federation,UTAIR - HELICOPTER SERVICES,"Transportation, Storage, Mail Services",556585.84,UN Secretariat-2022-35e7af31b246
2022,UN Secretariat,Russian Federation,UTAIR - HELICOPTER SERVICES,"Transportation, Storage, Mail Services",530516.57,UN Secretariat-2022-ae77f940eb78
2022,UN Secretariat,Russian Federation,UTAIR - HELICOPTER SERVICES,"Transportation, Storage, Mail Services",154704.59,UN Secretariat-2022-dc08036ca0e4
2022,UN Secretariat,Russian Federation,UTAIR - HELICOPTER SERVICES,"Transportation, Storage, Mail Services",96525.0,UN Secretariat-2022-8ed4d7d3d72b
2022,UN Secretariat,Russian Federation,UTAIR - HELICOPTER SERVICES,"Transportation, Storage, Mail Services",82227.38,UN Secretariat-2022-6b5e8ff6d1e1
2022,UN Secretariat,Russian Federation,UTAIR - HELICOPTER SERVICES,"Transportation, Storage, Mail Services",64506.0,UN Secretariat-2022-700965721fcc
2022,UN Secretariat,Russian Federation,UTAIR - HELICOPTER SERVICES,"Transportation, Storage, Mail Services",43700.2,UN Secretariat-2022-5c950eb2d9b6
2023,UN Secretariat,Russian Federation,UTAIR - HELICOPTER SERVICES,"Transportation, Storage, Mail Services",9298906.96,UN Secretariat-2023-0d0a662369b3
2023,UN Secretariat,Russian Federation,UTAIR - HELICOPTER SERVICES,"Transportation, Storage, Mail Services",6948476.21,UN Secretariat-2023-d16e3970b701
2023,UN Secretariat,Russian Federation,UTAIR - HELICOPTER SERVICES,"Transportation, Storage, Mail Services",3745166.19,UN Secretariat-2023-6abde1df0302
2023,UN Secretariat,Russian Federation,UTAIR - HELICOPTER SERVICES,"Transportation, Storage, Mail Services",3112634.22,UN Secretariat-2023-5dab824b389a
2023,UN Secretariat,Russian Federation,UTAIR - HELICOPTER SERVICES,"Transportation, Storage, Mail Services",1109905.72,UN Secretariat-2023-61673c53ff5d
2023,UN Secretariat,Russian Federation,UTAIR - HELICOPTER SERVICES,"Transportation, Storage, Mail Services",840620.54,UN Secretariat-2023-dc16ec2eaa09
2023,UN Secretariat,Russian Federation,UTAIR - HELICOPTER SERVICES,"Transportation, Storage, Mail Services",591288.01,UN Secretariat-2023-811d34ed3df2
2023,UN Secretariat,Russian Federation,UTAIR - HELICOPTER SERVICES,"Transportation, Storage, Mail Services",555039.93,UN Secretariat-2023-c580391a5b3c
2023,UN Secretariat,Russian Federation,UTAIR - HELICOPTER SERVICES,"Transportation, Storage, Mail Services",173377.6,UN Secretariat-2023-850384be6f85
2023,UN Secretariat,Russian Federation,UTAIR - HELICOPTER SERVICES,"Transportation, Storage, Mail Services",78395.0,UN Secretariat-2023-756b0a78eeab
2023,UN Secretariat,Russian Federation,UTAIR - HELICOPTER SERVICES,"Transportation, Storage, Mail Services",36814.0,UN Secretariat-2023-c53559a17078
2024,UN Secretariat,Russian Federation,UTAIR - HELICOPTER SERVICES,"Transportation, Storage, Mail Services",1672317.66,UN Secretariat-2024-8ac084ac24d6
2024,UN Secretariat,Russian Federation,UTAIR - HELICOPTER SERVICES,"Transportation, Storage, Mail Services",869523.55,UN Secretariat-2024-9bc61808df16
2024,UN Secretariat,Russian Federation,UTAIR - HELICOPTER SERVICES,"Transportation, Storage, Mail Services",84925.0,UN Secretariat-2024-87b1c98419e2
2024,UN Secretariat,Russian Federation,UTAIR - HELICOPTER SERVICES,"Transportation, Storage, Mail Services",37630.0,UN Secretariat-2024-9bfde8bfa086
2017,UN Secretariat,Russian Federation,UTAIR AVIATION JOINT STOCKCOMPANY,"Transportation, Storage, Mail Services",4463637.81,UN Secretariat-2017-945e033c28ca
2017,UN Secretariat,Russian Federation,UTAIR AVIATION JOINT STOCKCOMPANY,"Transportation, Storage, Mail Services",1762932.71,UN Secretariat-2017-c66b61a2ed30
2017,UN Secretariat,Russian Federation,UTAIR AVIATION JOINT STOCKCOMPANY,"Transportation, Storage, Mail Services",1301272.0,UN Secretariat-2017-35d9e5099bad
2017,UN Secretariat,Russian Federation,UTAIR AVIATION JOINT STOCKCOMPANY,"Transportation, Storage, Mail Services",837840.0,UN Secretariat-2017-b60bae3c4c31
2017,UN Secretariat,Russian Federation,UTAIR AVIATION JOINT STOCKCOMPANY,"Transportation, Storage, Mail Services",650466.0,UN Secretariat-2017-6dbcac1246e7
2017,UN Secretariat,Russian Federation,UTAIR AVIATION JOINT STOCKCOMPANY,"Transportation, Storage, Mail Services",573240.0,UN Secretariat-2017-7c55f40dedcb
2017,UN Secretariat,Russian Federation,UTAIR AVIATION JOINT STOCKCOMPANY,"Transportation, Storage, Mail Services",506626.0,UN Secretariat-2017-a954eb58af74
2017,UN Secretariat,Russian Federation,UTAIR AVIATION JOINT STOCKCOMPANY,"Transportation, Storage, Mail Services",433644.0,UN Secretariat-2017-b7b69800d97b
2017,UN Secretariat,Russian Federation,UTAIR AVIATION JOINT STOCKCOMPANY,"Transportation, Storage, Mail Services",332460.29,UN Secretariat-2017-533ce296dd50
2017,UN Secretariat,Russian Federation,UTAIR AVIATION JOINT STOCKCOMPANY,"Transportation, Storage, Mail Services",170000.0,UN Secretariat-2017-4d833a8cc3b0
2017,UN Secretariat,Russian Federation,UTAIR AVIATION JOINT STOCKCOMPANY,"Transportation, Storage, Mail Services",153096.0,UN Secretariat-2017-72a68ffeace8
2017,UN Secretariat,Russian Federation,UTAIR AVIATION JOINT STOCKCOMPANY,"Transportation, Storage, Mail Services",78609.7,UN Secretariat-2017-6f5c7908e655
2018,UN Secretariat,Russian Federation,UTAIR AVIATION JOINT STOCKCOMPANY,"Transportation, Storage, Mail Services",1459935.0,UN Secretariat-2018-b93e38a25699
2018,UN Secretariat,Russian Federation,UTAIR AVIATION JOINT STOCKCOMPANY,"Transportation, Storage, Mail Services",1300932.0,UN Secretariat-2018-c85665190a93
2018,UN Secretariat,Russian Federation,UTAIR AVIATION JOINT STOCKCOMPANY,"Transportation, Storage, Mail Services",1173550.0,UN Secretariat-2018-b795d342cff6
2018,UN Secretariat,Russian Federation,UTAIR AVIATION JOINT STOCKCOMPANY,"Transportation, Storage, Mail Services",698017.0,UN Secretariat-2018-0db50981f509
2018,UN Secretariat,Russian Federation,UTAIR AVIATION JOINT STOCKCOMPANY,"Transportation, Storage, Mail Services",341342.0,UN Secretariat-2018-2a59645094b4
2018,UN Secretariat,Russian Federation,UTAIR AVIATION JOINT STOCKCOMPANY,"Transportation, Storage, Mail Services",298350.0,UN Secretariat-2018-c546a0336e18
2018,UN Secretariat,Russian Federation,UTAIR AVIATION JOINT STOCKCOMPANY,"Transportation, Storage, Mail Services",173420.0,UN Secretariat-2018-c8f8f253a097
2018,UN Secretariat,Russian Federation,UTAIR AVIATION JOINT STOCKCOMPANY,"Transportation, Storage, Mail Services",171774.0,UN Secretariat-2018-f2f8126f3f6c
2018,UN Secretariat,Russian Federation,UTAIR AVIATION JOINT STOCKCOMPANY,"Transportation, Storage, Mail Services",90000.0,UN Secretariat-2018-df2a13a6ead1
2015,WFP,Russian Federation,UTAIR AVIATION PJSC,"Transportation, Storage, Mail Services",240000.0,WFP-2015-5b6d97840254
2015,WFP,Russian Federation,UTAIR AVIATION PJSC,"Transportation, Storage, Mail Services",240000.0,WFP-2015-a287bb50c594
2015,WFP,Russian Federation,UTAIR AVIATION PJSC,"Transportation, Storage, Mail Services",240000.0,WFP-2015-b4b18b533089
2015,WFP,Russian Federation,UTAIR AVIATION PJSC,"Transportation, Storage, Mail Services",120000.0,WFP-2015-a42a97922893
2015,WFP,Russian Federation,UTAIR AVIATION PJSC,"Transportation, Storage, Mail Services",120000.0,WFP-2015-235aba59048b
2016,WFP,Russian Federation,UTAIR AVIATION PJSC,"Transportation, Storage, Mail Services",210436.0,WFP-2016-8b4f1fffb4a8
2016,WFP,Russian Federation,UTAIR AVIATION PJSC,"Transportation, Storage, Mail Services",210436.0,WFP-2016-702d9d91e4be
2017,WFP,Russian Federation,UTAIR AVIATION PJSC,"Transportation, Storage, Mail Services",210436.0,WFP-2017-ad1ef955fbd8
2017,WFP,Russian Federation,UTAIR AVIATION PJSC,"Transportation, Storage, Mail Services",210436.0,WFP-2017-89b087167e3b
2017,WFP,Russian Federation,UTAIR AVIATION PJSC,"Transportation, Storage, Mail Services",210436.0,WFP-2017-a19d64123a26
2017,WFP,Russian Federation,UTAIR AVIATION PJSC,"Transportation, Storage, Mail Services",210436.0,WFP-2017-5d386ebf8b76
2017,WFP,Russian Federation,UTAIR AVIATION PJSC,"Transportation, Storage, Mail Services",210436.0,WFP-2017-51d33b6a02b0
2017,WFP,Russian Federation,UTAIR AVIATION PJSC,"Transportation, Storage, Mail Services",210436.0,WFP-2017-39976a35976f
2017,WFP,Russian Federation,UTAIR AVIATION PJSC,"Transportation, Storage, Mail Services",210436.0,WFP-2017-a77b5014a8c8
2017,WFP,Russian Federation,UTAIR AVIATION PJSC,"Transportation, Storage, Mail Services",210436.0,WFP-2017-9c2ea89e6eaa
2017,WFP,Russian Federation,UTAIR AVIATION PJSC,"Transportation, Storage, Mail Services",210436.0,WFP-2017-22b9bfc5052f
2017,WFP,Russian Federation,UTAIR AVIATION PJSC,"Transportation, Storage, Mail Services",210436.0,WFP-2017-b5b6f5a59e69
2017,WFP,Russian Federation,UTAIR AVIATION PJSC,"Transportation, Storage, Mail Services",210436.0,WFP-2017-a5813456c372
2017,WFP,Russian Federation,UTAIR AVIATION PJSC,"Transportation, Storage, Mail Services",210436.0,WFP-2017-f5afc0190111
2017,WFP,Russian Federation,UTAIR AVIATION PJSC,"Transportation, Storage, Mail Services",55602.75,WFP-2017-7fb6605102d7
2017,WFP,Russian Federation,UTAIR AVIATION PJSC,"Transportation, Storage, Mail Services",36052.75,WFP-2017-53be375bdcd0
2018,WFP,Russian Federation,UTAIR AVIATION PJSC,"Transportation, Storage, Mail Services",210436.0,WFP-2018-0ba3292382ce
2018,WFP,Russian Federation,UTAIR AVIATION PJSC,"Transportation, Storage, Mail Services",210436.0,WFP-2018-8f3e9f0ed65c
2018,WFP,Russian Federation,UTAIR AVIATION PJSC,"Transportation, Storage, Mail Services",210436.0,WFP-2018-ded796d369de
2018,WFP,Russian Federation,UTAIR AVIATION PJSC,"Transportation, Storage, Mail Services",210436.0,WFP-2018-adda8947fa9d
2018,WFP,Russian Federation,UTAIR AVIATION PJSC,"Transportation, Storage, Mail Services",210436.0,WFP-2018-14fdc2d94166
2018,WFP,Russian Federation,UTAIR AVIATION PJSC,"Transportation, Storage, Mail Services",210436.0,WFP-2018-b9a3d09904f8
2018,WFP,Russian Federation,UTAIR AVIATION PJSC,"Transportation, Storage, Mail Services",88235.55,WFP-2018-6d6dd68dc217
2018,WFP,Russian Federation,UTAIR AVIATION PJSC,"Transportation, Storage, Mail Services",57672.5,WFP-2018-451f5d3478e1
2018,WFP,Russian Federation,UTAIR AVIATION PJSC,"Transportation, Storage, Mail Services",39457.0,WFP-2018-cf435401092b
2015,UN Secretariat,Russian Federation,"UTAIR AVIATION, JOINT STOCKCOMPANY","Transportation, Storage, Mail Services",11960934.56,UN Secretariat-2015-9ba96f606032
2015,UN Secretariat,Russian Federation,"UTAIR AVIATION, JOINT STOCKCOMPANY","Transportation, Storage, Mail Services",6815163.59,UN Secretariat-2015-75735447b3f4
2015,UN Secretariat,Russian Federation,"UTAIR AVIATION, JOINT STOCKCOMPANY","Transportation, Storage, Mail Services",5071356.22,UN Secretariat-2015-ca7fad0bc040
2015,UN Secretariat,Russian Federation,"UTAIR AVIATION, JOINT STOCKCOMPANY","Transportation, Storage, Mail Services",3787229.96,UN Secretariat-2015-f93ae75a5b05
2015,UN Secretariat,Russian Federation,"UTAIR AVIATION, JOINT STOCKCOMPANY","Transportation, Storage, Mail Services",3785234.5,UN Secretariat-2015-fd8e9d88622d
2015,UN Secretariat,Russian Federation,"UTAIR AVIATION, JOINT STOCKCOMPANY","Transportation, Storage, Mail Services",3762870.97,UN Secretariat-2015-4d15ec4ce75c
2015,UN Secretariat,Russian Federation,"UTAIR AVIATION, JOINT STOCKCOMPANY","Transportation, Storage, Mail Services",3494872.33,UN Secretariat-2015-e5921a4dc719
2015,UN Secretariat,Russian Federation,"UTAIR AVIATION, JOINT STOCKCOMPANY","Transportation, Storage, Mail Services",3456259.33,UN Secretariat-2015-4bd9919f5296
2015,UN Secretariat,Russian Federation,"UTAIR AVIATION, JOINT STOCKCOMPANY","Transportation, Storage, Mail Services",3368230.0,UN Secretariat-2015-3f93e16146e7
2015,UN Secretariat,Russian Federation,"UTAIR AVIATION, JOINT STOCKCOMPANY","Transportation, Storage, Mail Services",3366006.83,UN Secretariat-2015-bcbd3862d2e4
2015,UN Secretariat,Russian Federation,"UTAIR AVIATION, JOINT STOCKCOMPANY","Transportation, Storage, Mail Services",2865560.0,UN Secretariat-2015-8ac93c3997be
2015,UN Secretariat,Russian Federation,"UTAIR AVIATION, JOINT STOCKCOMPANY","Transportation, Storage, Mail Services",2733537.0,UN Secretariat-2015-69981516cf97
2015,UN Secretariat,Russian Federation,"UTAIR AVIATION, JOINT STOCKCOMPANY","Transportation, Storage, Mail Services",2711967.0,UN Secretariat-2015-e77f40d8b340
2015,UN Secretariat,Russian Federation,"UTAIR AVIATION, JOINT STOCKCOMPANY","Transportation, Storage, Mail Services",2412306.5,UN Secretariat-2015-2a33b585b4ab
2015,UN Secretariat,Russian Federation,"UTAIR AVIATION, JOINT STOCKCOMPANY","Transportation, Storage, Mail Services",2332624.2,UN Secretariat-2015-dbd6a7615f85
2015,UN Secretariat,Russian Federation,"UTAIR AVIATION, JOINT STOCKCOMPANY","Transportation, Storage, Mail Services",2322120.0,UN Secretariat-2015-6170c606a186
2015,UN Secretariat,Russian Federation,"UTAIR AVIATION, JOINT STOCKCOMPANY","Transportation, Storage, Mail Services",2286188.3,UN Secretariat-2015-9444a63f0bf2
2015,UN Secretariat,Russian Federation,"UTAIR AVIATION, JOINT STOCKCOMPANY","Transportation, Storage, Mail Services",2286108.0,UN Secretariat-2015-ea5415861551
2015,UN Secretariat,Russian Federation,"UTAIR AVIATION, JOINT STOCKCOMPANY","Transportation, Storage, Mail Services",1871610.13,UN Secretariat-2015-06a0eca95a36
2015,UN Secretariat,Russian Federation,"UTAIR AVIATION, JOINT STOCKCOMPANY","Transportation, Storage, Mail Services",1727870.0,UN Secretariat-2015-77b8b33dfc44
2015,UN Secretariat,Russian Federation,"UTAIR AVIATION, JOINT STOCKCOMPANY","Transportation, Storage, Mail Services",1570607.0,UN Secretariat-2015-96886fcb2683
2015,UN Secretariat,Russian Federation,"UTAIR AVIATION, JOINT STOCKCOMPANY","Transportation, Storage, Mail Services",1493717.0,UN Secretariat-2015-006825791b4f
2015,UN Secretariat,Russian Federation,"UTAIR AVIATION, JOINT STOCKCOMPANY","Transportation, Storage, Mail Services",1320105.5,UN Secretariat-2015-721b22173f3a
2015,UN Secretariat,Russian Federation,"UTAIR AVIATION, JOINT STOCKCOMPANY","Transportation, Storage, Mail Services",1282951.0,UN Secretariat-2015-426d485521c9
2015,UN Secretariat,Russian Federation,"UTAIR AVIATION, JOINT STOCKCOMPANY","Transportation, Storage, Mail Services",1250616.0,UN Secretariat-2015-28888e16e077
2015,UN Secretariat,Russian Federation,"UTAIR AVIATION, JOINT STOCKCOMPANY","Transportation, Storage, Mail Services",1173000.0,UN Secretariat-2015-992a55587b01
2015,UN Secretariat,Russian Federation,"UTAIR AVIATION, JOINT STOCKCOMPANY","Transportation, Storage, Mail Services",1150670.0,UN Secretariat-2015-97dc517c3ab4
2015,UN Secretariat,Russian Federation,"UTAIR AVIATION, JOINT STOCKCOMPANY","Transportation, Storage, Mail Services",1093055.44,UN Secretariat-2015-4d5acce3479e
2015,UN Secretariat,Russian Federation,"UTAIR AVIATION, JOINT STOCKCOMPANY","Transportation, Storage, Mail Services",1080000.0,UN Secretariat-2015-a9837596d17f
2015,UN Secretariat,Russian Federation,"UTAIR AVIATION, JOINT STOCKCOMPANY","Transportation, Storage, Mail Services",938475.0,UN Secretariat-2015-a7097db2e675
2015,UN Secretariat,Russian Federation,"UTAIR AVIATION, JOINT STOCKCOMPANY","Transportation, Storage, Mail Services",938009.0,UN Secretariat-2015-0aa83af87a7e
2015,UN Secretariat,Russian Federation,"UTAIR AVIATION, JOINT STOCKCOMPANY","Transportation, Storage, Mail Services",790692.0,UN Secretariat-2015-3795eef8c6a7
2015,UN Secretariat,Russian Federation,"UTAIR AVIATION, JOINT STOCKCOMPANY","Transportation, Storage, Mail Services",692140.0,UN Secretariat-2015-4bb549cb775d
2015,UN Secretariat,Russian Federation,"UTAIR AVIATION, JOINT STOCKCOMPANY","Transportation, Storage, Mail Services",667855.75,UN Secretariat-2015-f209c6ebdeab
2015,UN Secretariat,Russian Federation,"UTAIR AVIATION, JOINT STOCKCOMPANY","Transportation, Storage, Mail Services",597489.2,UN Secretariat-2015-4139bf1aab16
2015,UN Secretariat,Russian Federation,"UTAIR AVIATION, JOINT STOCKCOMPANY","Transportation, Storage, Mail Services",506332.0,UN Secretariat-2015-acaecbaa62f1
2015,UN Secretariat,Russian Federation,"UTAIR AVIATION, JOINT STOCKCOMPANY","Transportation, Storage, Mail Services",285000.0,UN Secretariat-2015-6de218e52d4a
2015,UN Secretariat,Russian Federation,"UTAIR AVIATION, JOINT STOCKCOMPANY","Transportation, Storage, Mail Services",250000.0,UN Secretariat-2015-01db98232a60
2015,UN Secretariat,Russian Federation,"UTAIR AVIATION, JOINT STOCKCOMPANY","Transportation, Storage, Mail Services",172448.0,UN Secretariat-2015-64b66bc9c353
2015,UN Secretariat,Russian Federation,"UTAIR AVIATION, JOINT STOCKCOMPANY","Transportation, Storage, Mail Services",121680.0,UN Secretariat-2015-91342dc6584b
2015,UN Secretariat,Russian Federation,"UTAIR AVIATION, JOINT STOCKCOMPANY","Transportation, Storage, Mail Services",90000.0,UN Secretariat-2015-15121385d6f4
2015,UN Secretariat,Russian Federation,"UTAIR AVIATION, JOINT STOCKCOMPANY","Transportation, Storage, Mail Services",90000.0,UN Secretariat-2015-e485efff2d8e
2015,UN Secretariat,Russian Federation,"UTAIR AVIATION, JOINT STOCKCOMPANY","Transportation, Storage, Mail Services",90000.0,UN Secretariat-2015-1d1f72f94b95
2015,UN Secretariat,Russian Federation,"UTAIR AVIATION, JOINT STOCKCOMPANY","Transportation, Storage, Mail Services",30340.0,UN Secretariat-2015-0fbeab057707
2016,UN Secretariat,Russian Federation,"UTAIR AVIATION, JOINT STOCKCOMPANY","Transportation, Storage, Mail Services",12020964.98,UN Secretariat-2016-09088d67ee22
2016,UN Secretariat,Russian Federation,"UTAIR AVIATION, JOINT STOCKCOMPANY","Transportation, Storage, Mail Services",9613019.0,UN Secretariat-2016-86c68adb7897
2016,UN Secretariat,Russian Federation,"UTAIR AVIATION, JOINT STOCKCOMPANY","Transportation, Storage, Mail Services",4702341.0,UN Secretariat-2016-acc70de97775
2016,UN Secretariat,Russian Federation,"UTAIR AVIATION, JOINT STOCKCOMPANY","Transportation, Storage, Mail Services",4210776.0,UN Secretariat-2016-6d6b0c0206af
2016,UN Secretariat,Russian Federation,"UTAIR AVIATION, JOINT STOCKCOMPANY","Transportation, Storage, Mail Services",4158579.77,UN Secretariat-2016-0253c9aca734
2016,UN Secretariat,Russian Federation,"UTAIR AVIATION, JOINT STOCKCOMPANY","Transportation, Storage, Mail Services",3738997.0,UN Secretariat-2016-01d205172a1c
2016,UN Secretariat,Russian Federation,"UTAIR AVIATION, JOINT STOCKCOMPANY","Transportation, Storage, Mail Services",3422387.0,UN Secretariat-2016-5254aeb72d62
2016,UN Secretariat,Russian Federation,"UTAIR AVIATION, JOINT STOCKCOMPANY","Transportation, Storage, Mail Services",3081186.68,UN Secretariat-2016-b25d4b47026d
2016,UN Secretariat,Russian Federation,"UTAIR AVIATION, JOINT STOCKCOMPANY","Transportation, Storage, Mail Services",2610136.0,UN Secretariat-2016-a69c6a14bcae
2016,UN Secretariat,Russian Federation,"UTAIR AVIATION, JOINT STOCKCOMPANY","Transportation, Storage, Mail Services",2484200.0,UN Secretariat-2016-b1c92eaec462
2016,UN Secretariat,Russian Federation,"UTAIR AVIATION, JOINT STOCKCOMPANY","Transportation, Storage, Mail Services",2442324.0,UN Secretariat-2016-261d9ba41ad4
2016,UN Secretariat,Russian Federation,"UTAIR AVIATION, JOINT STOCKCOMPANY","Transportation, Storage, Mail Services",2350000.0,UN Secretariat-2016-84b25c38b463
2016,UN Secretariat,Russian Federation,"UTAIR AVIATION, JOINT STOCKCOMPANY","Transportation, Storage, Mail Services",1963551.0,UN Secretariat-2016-991600bdc7d0
2016,UN Secretariat,Russian Federation,"UTAIR AVIATION, JOINT STOCKCOMPANY","Transportation, Storage, Mail Services",1701488.66,UN Secretariat-2016-e5aa2d364ff2
2016,UN Secretariat,Russian Federation,"UTAIR AVIATION, JOINT STOCKCOMPANY","Transportation, Storage, Mail Services",1420812.06,UN Secretariat-2016-4fd3203c94e6
2016,UN Secretariat,Russian Federation,"UTAIR AVIATION, JOINT STOCKCOMPANY","Transportation, Storage, Mail Services",1301779.0,UN Secretariat-2016-1befe380fc3b
2016,UN Secretariat,Russian Federation,"UTAIR AVIATION, JOINT STOCKCOMPANY","Transportation, Storage, Mail Services",1236048.0,UN Secretariat-2016-294874b21c01
2016,UN Secretariat,Russian Federation,"UTAIR AVIATION, JOINT STOCKCOMPANY","Transportation, Storage, Mail Services",1226196.0,UN Secretariat-2016-1e4338679766
2016,UN Secretariat,Russian Federation,"UTAIR AVIATION, JOINT STOCKCOMPANY","Transportation, Storage, Mail Services",1176474.28,UN Secretariat-2016-0adc5801cd92
2016,UN Secretariat,Russian Federation,"UTAIR AVIATION, JOINT STOCKCOMPANY","Transportation, Storage, Mail Services",791980.0,UN Secretariat-2016-94a0dcefa798
2016,UN Secretariat,Russian Federation,"UTAIR AVIATION, JOINT STOCKCOMPANY","Transportation, Storage, Mail Services",357368.89,UN Secretariat-2016-ef10f6cdfcc3
2016,UN Secretariat,Russian Federation,"UTAIR AVIATION, JOINT STOCKCOMPANY","Transportation, Storage, Mail Services",351952.0,UN Secretariat-2016-bb8a9e3174cb
2016,UN Secretariat,Russian Federation,"UTAIR AVIATION, JOINT STOCKCOMPANY","Transportation, Storage, Mail Services",346264.0,UN Secretariat-2016-bef65126275f
2016,UN Secretariat,Russian Federation,"UTAIR AVIATION, JOINT STOCKCOMPANY","Transportation, Storage, Mail Services",230500.0,UN Secretariat-2016-c76f37c1c8c5
2016,UN Secretariat,Russian Federation,"UTAIR AVIATION, JOINT STOCKCOMPANY","Transportation, Storage, Mail Services",61500.0,UN Secretariat-2016-721469532a8e
2019,UN Secretariat,Russian Federation,"UTAIR AVIATION, JOINT STOCKCOMPANY","Transportation, Storage, Mail Services",538977.0,UN Secretariat-2019-116848f5f0d6
2019,UN Secretariat,Russian Federation,"UTAIR AVIATION, JOINT STOCKCOMPANY","Transportation, Storage, Mail Services",336443.0,UN Secretariat-2019-7a9d231e8096
2019,UN Secretariat,Russian Federation,"UTAIR AVIATION, JOINT STOCKCOMPANY","Transportation, Storage, Mail Services",164807.0,UN Secretariat-2019-9e01ba8e772d
2020,UN Secretariat,Russian Federation,"UTAIR AVIATION, JOINT STOCKCOMPANY","Transportation, Storage, Mail Services",1204260.0,UN Secretariat-2020-d7595f0115e8
2020,UN Secretariat,Russian Federation,"UTAIR AVIATION, JOINT STOCKCOMPANY","Transportation, Storage, Mail Services",237004.0,UN Secretariat-2020-332920529189
2020,UN Secretariat,Russian Federation,"UTAIR AVIATION, JOINT STOCKCOMPANY","Transportation, Storage, Mail Services",189000.0,UN Secretariat-2020-612a85e76558
2020,UN Secretariat,Russian Federation,"UTAIR AVIATION, JOINT STOCKCOMPANY","Transportation, Storage, Mail Services",33808.77,UN Secretariat-2020-22c52388ca66
2021,UN Secretariat,Russian Federation,"UTAIR AVIATION, JOINT STOCKCOMPANY","Transportation, Storage, Mail Services",665540.0,UN Secretariat-2021-1e4b743a0be1
2021,UN Secretariat,Russian Federation,"UTAIR AVIATION, JOINT STOCKCOMPANY","Transportation, Storage, Mail Services",560390.0,UN Secretariat-2021-26e2f6143271
2021,UN Secretariat,Russian Federation,"UTAIR AVIATION, JOINT STOCKCOMPANY","Transportation, Storage, Mail Services",503999.0,UN Secretariat-2021-605cb05d3a47
2021,UN Secretariat,Russian Federation,"UTAIR AVIATION, JOINT STOCKCOMPANY","Transportation, Storage, Mail Services",406000.0,UN Secretariat-2021-baf0e4447f0b
2021,UN Secretariat,Russian Federation,"UTAIR AVIATION, JOINT STOCKCOMPANY","Transportation, Storage, Mail Services",228815.0,UN Secretariat-2021-7fa4c6a5c256
2021,UN Secretariat,Russian Federation,"UTAIR AVIATION, JOINT STOCKCOMPANY","Transportation, Storage, Mail Services",227000.0,UN Secretariat-2021-50bbb4ea602d
2021,UN Secretariat,Russian Federation,"UTAIR AVIATION, JOINT STOCKCOMPANY","Transportation, Storage, Mail Services",198000.0,UN Secretariat-2021-c45c79d66943
2015,UN Secretariat,Russian Federation,UTAIR CJSC,"Transportation, Storage, Mail Services",10733775.2,UN Secretariat-2015-ceec2725bd6e
2015,UN Secretariat,Russian Federation,UTAIR CJSC,"Transportation, Storage, Mail Services",9902965.24,UN Secretariat-2015-9ada7d27a92e
2015,UN Secretariat,Russian Federation,UTAIR CJSC,"Transportation, Storage, Mail Services",277950.0,UN Secretariat-2015-62055456ed12
2016,UN Secretariat,Russian Federation,UTAIR CJSC,"Transportation, Storage, Mail Services",10971836.68,UN Secretariat-2016-723d8758041a
2016,UN Secretariat,Russian Federation,UTAIR CJSC,"Transportation, Storage, Mail Services",6320051.14,UN Secretariat-2016-22a36a7b9955
2016,UN Secretariat,Russian Federation,UTAIR CJSC,"Transportation, Storage, Mail Services",1383550.04,UN Secretariat-2016-ea345827d71a
2016,UN Secretariat,Russian Federation,UTAIR CJSC,"Transportation, Storage, Mail Services",1360436.45,UN Secretariat-2016-efd77a14a6ae
2016,UN Secretariat,Russian Federation,UTAIR CJSC,"Transportation, Storage, Mail Services",660000.0,UN Secretariat-2016-f66156098576
2016,UN Secretariat,Russian Federation,UTAIR CJSC,"Transportation, Storage, Mail Services",211650.0,UN Secretariat-2016-33049623055b
2016,UN Secretariat,Russian Federation,UTAIR CJSC,"Transportation, Storage, Mail Services",67320.0,UN Secretariat-2016-9e54d80db076
2017,UN Secretariat,Russian Federation,UTAIR CJSC,"Transportation, Storage, Mail Services",11094432.7,UN Secretariat-2017-8752277c2d18
2017,UN Secretariat,Russian Federation,UTAIR CJSC,"Transportation, Storage, Mail Services",4290000.0,UN Secretariat-2017-c6315e3d1345
2017,UN Secretariat,Russian Federation,UTAIR CJSC,"Transportation, Storage, Mail Services",2192194.86,UN Secretariat-2017-c6a44f7f5ee2
2017,UN Secretariat,Russian Federation,UTAIR CJSC,"Transportation, Storage, Mail Services",528000.0,UN Secretariat-2017-8f14d81a312e
2017,UN Secretariat,Russian Federation,UTAIR CJSC,"Transportation, Storage, Mail Services",304700.0,UN Secretariat-2017-414bae777a91
2017,UN Secretariat,Russian Federation,UTAIR CJSC,"Transportation, Storage, Mail Services",289300.0,UN Secretariat-2017-495eada3cbd8
2017,UN Secretariat,Russian Federation,UTAIR CJSC,"Transportation, Storage, Mail Services",66000.0,UN Secretariat-2017-f8529c867d81
2018,UN Secretariat,Russian Federation,UTAIR CJSC,"Transportation, Storage, Mail Services",9910776.7,UN Secretariat-2018-92f9ff3ad829
2018,UN Secretariat,Russian Federation,UTAIR CJSC,"Transportation, Storage, Mail Services",7837024.49,UN Secretariat-2018-68c97e138180
2018,UN Secretariat,Russian Federation,UTAIR CJSC,"Transportation, Storage, Mail Services",1257126.88,UN Secretariat-2018-2461e481d816
2018,UN Secretariat,Russian Federation,UTAIR CJSC,"Transportation, Storage, Mail Services",1157750.0,UN Secretariat-2018-f1519a8dcb05
2018,UN Secretariat,Russian Federation,UTAIR CJSC,"Transportation, Storage, Mail Services",1041400.3,UN Secretariat-2018-f0bd163678ba
2018,UN Secretariat,Russian Federation,UTAIR CJSC,"Transportation, Storage, Mail Services",742975.51,UN Secretariat-2018-48c6efea4194
2018,UN Secretariat,Russian Federation,UTAIR CJSC,"Transportation, Storage, Mail Services",397715.94,UN Secretariat-2018-49a9f1a8fbc1
2018,UN Secretariat,Russian Federation,UTAIR CJSC,"Transportation, Storage, Mail Services",275000.0,UN Secretariat-2018-ee13f6cbfd87
2018,UN Secretariat,Russian Federation,UTAIR CJSC,"Transportation, Storage, Mail Services",171774.0,UN Secretariat-2018-54ff07b9002c
2018,UN Secretariat,Russian Federation,UTAIR CJSC,"Transportation, Storage, Mail Services",137500.0,UN Secretariat-2018-baebee8dc3c6
2018,UN Secretariat,Russian Federation,UTAIR CJSC,"Transportation, Storage, Mail Services",93500.0,UN Secretariat-2018-eeee28c11e09
2019,UN Secretariat,Russian Federation,UTAIR CJSC,"Transportation, Storage, Mail Services",10636280.0,UN Secretariat-2019-50f38489c4d8
2019,UN Secretariat,Russian Federation,UTAIR CJSC,"Transportation, Storage, Mail Services",10500942.5,UN Secretariat-2019-c5186aa93750
2019,UN Secretariat,Russian Federation,UTAIR CJSC,"Transportation, Storage, Mail Services",824969.64,UN Secretariat-2019-880b6dd4a52f
2019,UN Secretariat,Russian Federation,UTAIR CJSC,"Transportation, Storage, Mail Services",199374.84,UN Secretariat-2019-465e70af4701
2019,UN Secretariat,Russian Federation,UTAIR CJSC,"Transportation, Storage, Mail Services",94800.0,UN Secretariat-2019-ed7222afd84e
2017,WFP,Russian Federation,UTAIR HELICOPTER SERVICES,"Transportation, Storage, Mail Services",208180.0,WFP-2017-82c5aaa2feb8
2017,WFP,Russian Federation,UTAIR HELICOPTER SERVICES,"Transportation, Storage, Mail Services",99384.92,WFP-2017-0d1c8104272c
2017,WFP,Russian Federation,UTAIR HELICOPTER SERVICES,Building and Maintenance Services,30000.0,WFP-2017-0d1c8104272c
2018,WFP,Russian Federation,UTAIR HELICOPTER SERVICES,"Transportation, Storage, Mail Services",225890.0,WFP-2018-dbce0066cb78
2018,WFP,Russian Federation,UTAIR HELICOPTER SERVICES,"Transportation, Storage, Mail Services",225890.0,WFP-2018-3af4a6c5b2fa
2018,WFP,Russian Federation,UTAIR HELICOPTER SERVICES,"Transportation, Storage, Mail Services",225890.0,WFP-2018-9e051c31fa6a
2018,WFP,Russian Federation,UTAIR HELICOPTER SERVICES,"Transportation, Storage, Mail Services",225890.0,WFP-2018-9324aecb0d41
2018,WFP,Russian Federation,UTAIR HELICOPTER SERVICES,"Transportation, Storage, Mail Services",225890.0,WFP-2018-e70a3a68b0e5
2018,WFP,Russian Federation,UTAIR HELICOPTER SERVICES,"Transportation, Storage, Mail Services",208180.0,WFP-2018-357cc57351cb
2018,WFP,Russian Federation,UTAIR HELICOPTER SERVICES,"Transportation, Storage, Mail Services",208180.0,WFP-2018-035748ad5109
2018,WFP,Russian Federation,UTAIR HELICOPTER SERVICES,"Transportation, Storage, Mail Services",208180.0,WFP-2018-55141a00b3f1
2018,WFP,Russian Federation,UTAIR HELICOPTER SERVICES,"Transportation, Storage, Mail Services",208180.0,WFP-2018-32594d998e51
2018,WFP,Russian Federation,UTAIR HELICOPTER SERVICES,"Transportation, Storage, Mail Services",201180.0,WFP-2018-409e08c35234
2018,WFP,Russian Federation,UTAIR HELICOPTER SERVICES,"Transportation, Storage, Mail Services",201180.0,WFP-2018-626a7414efd3
2018,WFP,Russian Federation,UTAIR HELICOPTER SERVICES,"Transportation, Storage, Mail Services",201180.0,WFP-2018-0eef389822ee
2018,WFP,Russian Federation,UTAIR HELICOPTER SERVICES,"Transportation, Storage, Mail Services",201180.0,WFP-2018-5a4295e32470
2018,WFP,Russian Federation,UTAIR HELICOPTER SERVICES,"Transportation, Storage, Mail Services",201180.0,WFP-2018-ac5bec9fa781
2018,WFP,Russian Federation,UTAIR HELICOPTER SERVICES,"Transportation, Storage, Mail Services",201180.0,WFP-2018-71f09b0edd54
2018,WFP,Russian Federation,UTAIR HELICOPTER SERVICES,"Transportation, Storage, Mail Services",201180.0,WFP-2018-9b56b274934c
2018,WFP,Russian Federation,UTAIR HELICOPTER SERVICES,"Transportation, Storage, Mail Services",138795.08,WFP-2018-ed43933fac4f
2018,WFP,Russian Federation,UTAIR HELICOPTER SERVICES,"Transportation, Storage, Mail Services",131175.61,WFP-2018-f51a4d01ccfe
2018,WFP,Russian Federation,UTAIR HELICOPTER SERVICES,"Transportation, Storage, Mail Services",72335.0,WFP-2018-5de1aad20fbb
2018,WFP,Russian Federation,UTAIR HELICOPTER SERVICES,"Transportation, Storage, Mail Services",67051.92,WFP-2018-2257b1d85856
2018,WFP,Russian Federation,UTAIR HELICOPTER SERVICES,"Transportation, Storage, Mail Services",65730.0,WFP-2018-829039152d9e
2018,WFP,Russian Federation,UTAIR HELICOPTER SERVICES,"Transportation, Storage, Mail Services",63542.38,WFP-2018-14f65ed70112
2018,WFP,Russian Federation,UTAIR HELICOPTER SERVICES,"Transportation, Storage, Mail Services",60145.0,WFP-2018-c266bf24c2f4
2018,WFP,Russian Federation,UTAIR HELICOPTER SERVICES,"Transportation, Storage, Mail Services",47515.0,WFP-2018-ab1677e55414
2018,WFP,Russian Federation,UTAIR HELICOPTER SERVICES,"Transportation, Storage, Mail Services",42820.67,WFP-2018-bcb91bc0b917
2019,WFP,Russian Federation,UTAIR HELICOPTER SERVICES,"Transportation, Storage, Mail Services",233930.0,WFP-2019-8403770d1b86
2019,WFP,Russian Federation,UTAIR HELICOPTER SERVICES,"Transportation, Storage, Mail Services",233930.0,WFP-2019-5c7b58d3cf40
2019,WFP,Russian Federation,UTAIR HELICOPTER SERVICES,"Transportation, Storage, Mail Services",233930.0,WFP-2019-2a75048c68d6
2019,WFP,Russian Federation,UTAIR HELICOPTER SERVICES,"Transportation, Storage, Mail Services",233930.0,WFP-2019-b89f04f00f29
2019,WFP,Russian Federation,UTAIR HELICOPTER SERVICES,"Transportation, Storage, Mail Services",233930.0,WFP-2019-b3351ea70a84
2019,WFP,Russian Federation,UTAIR HELICOPTER SERVICES,"Transportation, Storage, Mail Services",233930.0,WFP-2019-c68f096dd9eb
2019,WFP,Russian Federation,UTAIR HELICOPTER SERVICES,"Transportation, Storage, Mail Services",233930.0,WFP-2019-38a253452bd7
2019,WFP,Russian Federation,UTAIR HELICOPTER SERVICES,"Transportation, Storage, Mail Services",233930.0,WFP-2019-65e315a2b8d1
2019,WFP,Russian Federation,UTAIR HELICOPTER SERVICES,"Transportation, Storage, Mail Services",225890.0,WFP-2019-73c168da8637
2019,WFP,Russian Federation,UTAIR HELICOPTER SERVICES,"Transportation, Storage, Mail Services",225890.0,WFP-2019-6cfbb7afa937
2019,WFP,Russian Federation,UTAIR HELICOPTER SERVICES,"Transportation, Storage, Mail Services",218941.61,WFP-2019-6bc0a9a7f241
2019,WFP,Russian Federation,UTAIR HELICOPTER SERVICES,"Transportation, Storage, Mail Services",206299.33,WFP-2019-fe6a2c704e16
2019,WFP,Russian Federation,UTAIR HELICOPTER SERVICES,"Transportation, Storage, Mail Services",201180.0,WFP-2019-b107a4113716
2019,WFP,Russian Federation,UTAIR HELICOPTER SERVICES,"Transportation, Storage, Mail Services",201180.0,WFP-2019-2aad8bbeb41e
2019,WFP,Russian Federation,UTAIR HELICOPTER SERVICES,"Transportation, Storage, Mail Services",201180.0,WFP-2019-277ae0efc691
2019,WFP,Russian Federation,UTAIR HELICOPTER SERVICES,"Transportation, Storage, Mail Services",201180.0,WFP-2019-209376651512
2019,WFP,Russian Federation,UTAIR HELICOPTER SERVICES,"Transportation, Storage, Mail Services",201180.0,WFP-2019-4847a41ec423
2019,WFP,Russian Federation,UTAIR HELICOPTER SERVICES,"Transportation, Storage, Mail Services",201180.0,WFP-2019-11c63da354eb
2019,WFP,Russian Federation,UTAIR HELICOPTER SERVICES,"Transportation, Storage, Mail Services",201180.0,WFP-2019-7dac7d3af277
2019,WFP,Russian Federation,UTAIR HELICOPTER SERVICES,"Transportation, Storage, Mail Services",201180.0,WFP-2019-36f99b5d19a3
2019,WFP,Russian Federation,UTAIR HELICOPTER SERVICES,"Transportation, Storage, Mail Services",201180.0,WFP-2019-a0f161c6d788
2019,WFP,Russian Federation,UTAIR HELICOPTER SERVICES,"Transportation, Storage, Mail Services",199948.0,WFP-2019-4911724a729e
2019,WFP,Russian Federation,UTAIR HELICOPTER SERVICES,"Transportation, Storage, Mail Services",174820.0,WFP-2019-7be8ff678030
2019,WFP,Russian Federation,UTAIR HELICOPTER SERVICES,"Transportation, Storage, Mail Services",134128.08,WFP-2019-86edbd375c64
2019,WFP,Russian Federation,UTAIR HELICOPTER SERVICES,"Transportation, Storage, Mail Services",60465.21,WFP-2019-34d1ae47b547
2019,WFP,Russian Federation,UTAIR HELICOPTER SERVICES,"Transportation, Storage, Mail Services",58266.5,WFP-2019-05174dea2184
2019,WFP,Russian Federation,UTAIR HELICOPTER SERVICES,"Transportation, Storage, Mail Services",51839.69,WFP-2019-d6e05f060803
2019,WFP,Russian Federation,UTAIR HELICOPTER SERVICES,"Transportation, Storage, Mail Services",34218.76,WFP-2019-1ef62cf1ac9b
2020,WFP,Russian Federation,UTAIR HELICOPTER SERVICES,"Transportation, Storage, Mail Services",233930.0,WFP-2020-481422084689
2020,WFP,Russian Federation,UTAIR HELICOPTER SERVICES,"Transportation, Storage, Mail Services",233930.0,WFP-2020-69629755a270
2020,WFP,Russian Federation,UTAIR HELICOPTER SERVICES,"Transportation, Storage, Mail Services",233930.0,WFP-2020-ef8c88e76a12
2020,WFP,Russian Federation,UTAIR HELICOPTER SERVICES,"Transportation, Storage, Mail Services",233930.0,WFP-2020-1cfa263e65b6
2020,WFP,Russian Federation,UTAIR HELICOPTER SERVICES,"Transportation, Storage, Mail Services",233930.0,WFP-2020-ce65ba8f763d
2020,WFP,Russian Federation,UTAIR HELICOPTER SERVICES,"Transportation, Storage, Mail Services",233930.0,WFP-2020-a71e8b365f49
2020,WFP,Russian Federation,UTAIR HELICOPTER SERVICES,"Transportation, Storage, Mail Services",174820.0,WFP-2020-ee77c40289e3
2020,WFP,Russian Federation,UTAIR HELICOPTER SERVICES,"Transportation, Storage, Mail Services",174820.0,WFP-2020-69e4343b9154
2020,WFP,Russian Federation,UTAIR HELICOPTER SERVICES,"Transportation, Storage, Mail Services",174820.0,WFP-2020-ec5de2cb3bea
2020,WFP,Russian Federation,UTAIR HELICOPTER SERVICES,"Transportation, Storage, Mail Services",174820.0,WFP-2020-7d74bbe94869
2020,WFP,Russian Federation,UTAIR HELICOPTER SERVICES,"Transportation, Storage, Mail Services",174820.0,WFP-2020-44796c6eab3a
2020,WFP,Russian Federation,UTAIR HELICOPTER SERVICES,"Transportation, Storage, Mail Services",174820.0,WFP-2020-a0dfc7e39581
2020,WFP,Russian Federation,UTAIR HELICOPTER SERVICES,"Transportation, Storage, Mail Services",174820.0,WFP-2020-1cdb334b350e
2020,WFP,Russian Federation,UTAIR HELICOPTER SERVICES,"Transportation, Storage, Mail Services",174820.0,WFP-2020-580acac37610
2020,WFP,Russian Federation,UTAIR HELICOPTER SERVICES,"Transportation, Storage, Mail Services",174820.0,WFP-2020-6d21127ab5a6
2020,WFP,Russian Federation,UTAIR HELICOPTER SERVICES,"Transportation, Storage, Mail Services",174820.0,WFP-2020-8a49c68de017
2020,WFP,Russian Federation,UTAIR HELICOPTER SERVICES,"Transportation, Storage, Mail Services",174820.0,WFP-2020-29d9d117324b
2020,WFP,Russian Federation,UTAIR HELICOPTER SERVICES,"Transportation, Storage, Mail Services",174820.0,WFP-2020-cb2a865c459f
2020,WFP,Russian Federation,UTAIR HELICOPTER SERVICES,"Transportation, Storage, Mail Services",150794.0,WFP-2020-c029d789b679
2020,WFP,Russian Federation,UTAIR HELICOPTER SERVICES,"Transportation, Storage, Mail Services",150794.0,WFP-2020-ee7e0e1cca3e
2020,WFP,Russian Federation,UTAIR HELICOPTER SERVICES,"Transportation, Storage, Mail Services",150794.0,WFP-2020-4860cd49f109
2020,WFP,Russian Federation,UTAIR HELICOPTER SERVICES,"Transportation, Storage, Mail Services",150794.0,WFP-2020-c17da3b88a23
2020,WFP,Russian Federation,UTAIR HELICOPTER SERVICES,"Transportation, Storage, Mail Services",150794.0,WFP-2020-3995f84718a7
2020,WFP,Russian Federation,UTAIR HELICOPTER SERVICES,"Transportation, Storage, Mail Services",150794.0,WFP-2020-0956064d0225
2020,WFP,Russian Federation,UTAIR HELICOPTER SERVICES,"Transportation, Storage, Mail Services",150794.0,WFP-2020-faaccb55e2da
2020,WFP,Russian Federation,UTAIR HELICOPTER SERVICES,"Transportation, Storage, Mail Services",150794.0,WFP-2020-d5b70a2e145d
2020,WFP,Russian Federation,UTAIR HELICOPTER SERVICES,"Transportation, Storage, Mail Services",150794.0,WFP-2020-cccd4d4ec2ca
2020,WFP,Russian Federation,UTAIR HELICOPTER SERVICES,"Transportation, Storage, Mail Services",150794.0,WFP-2020-530b89db1e40
2020,WFP,Russian Federation,UTAIR HELICOPTER SERVICES,"Transportation, Storage, Mail Services",150000.0,WFP-2020-d5a6cc548f3a
2020,WFP,Russian Federation,UTAIR HELICOPTER SERVICES,"Transportation, Storage, Mail Services",140389.9,WFP-2020-a6ae68bc0921
2020,WFP,Russian Federation,UTAIR HELICOPTER SERVICES,"Transportation, Storage, Mail Services",98086.0,WFP-2020-ce2b5f80e0f6
2020,WFP,Russian Federation,UTAIR HELICOPTER SERVICES,"Transportation, Storage, Mail Services",32170.0,WFP-2020-b9a19a7bb9c2
2020,WFP,Russian Federation,UTAIR HELICOPTER SERVICES,Building and Maintenance Services,20000.0,WFP-2020-d5a6cc548f3a
2021,WFP,Russian Federation,UTAIR HELICOPTER SERVICES,"Transportation, Storage, Mail Services",183220.0,WFP-2021-1b377e1d5393
2021,WFP,Russian Federation,UTAIR HELICOPTER SERVICES,"Transportation, Storage, Mail Services",174820.0,WFP-2021-d41f5afa04bb
2021,WFP,Russian Federation,UTAIR HELICOPTER SERVICES,"Transportation, Storage, Mail Services",174820.0,WFP-2021-3ef4012682a6
2021,WFP,Russian Federation,UTAIR HELICOPTER SERVICES,"Transportation, Storage, Mail Services",174820.0,WFP-2021-a21a43bd6d25
2021,WFP,Russian Federation,UTAIR HELICOPTER SERVICES,"Transportation, Storage, Mail Services",174820.0,WFP-2021-8d7bc716afd0
2021,WFP,Russian Federation,UTAIR HELICOPTER SERVICES,"Transportation, Storage, Mail Services",174820.0,WFP-2021-7686c35ebb47
2021,WFP,Russian Federation,UTAIR HELICOPTER SERVICES,"Transportation, Storage, Mail Services",174820.0,WFP-2021-1385caee4ada
2021,WFP,Russian Federation,UTAIR HELICOPTER SERVICES,"Transportation, Storage, Mail Services",174820.0,WFP-2021-d267c20231cc
2021,WFP,Russian Federation,UTAIR HELICOPTER SERVICES,"Transportation, Storage, Mail Services",174820.0,WFP-2021-d3276c4e9813
2021,WFP,Russian Federation,UTAIR HELICOPTER SERVICES,"Transportation, Storage, Mail Services",174820.0,WFP-2021-5589ede2b454
2021,WFP,Russian Federation,UTAIR HELICOPTER SERVICES,"Transportation, Storage, Mail Services",174820.0,WFP-2021-b2b6101f1e28
2021,WFP,Russian Federation,UTAIR HELICOPTER SERVICES,"Transportation, Storage, Mail Services",150794.0,WFP-2021-3f60b2112dd9
2021,WFP,Russian Federation,UTAIR HELICOPTER SERVICES,"Transportation, Storage, Mail Services",150794.0,WFP-2021-a31748ed1fb9
2021,WFP,Russian Federation,UTAIR HELICOPTER SERVICES,"Transportation, Storage, Mail Services",150794.0,WFP-2021-224ac11a1ec5
2021,WFP,Russian Federation,UTAIR HELICOPTER SERVICES,"Transportation, Storage, Mail Services",150794.0,WFP-2021-00701936a551
2021,WFP,Russian Federation,UTAIR HELICOPTER SERVICES,"Transportation, Storage, Mail Services",150794.0,WFP-2021-739d3ac3cccd
2021,WFP,Russian Federation,UTAIR HELICOPTER SERVICES,"Transportation, Storage, Mail Services",150794.0,WFP-2021-931b1a1e7c64
2021,WFP,Russian Federation,UTAIR HELICOPTER SERVICES,"Transportation, Storage, Mail Services",150794.0,WFP-2021-b39658b56783
2021,WFP,Russian Federation,UTAIR HELICOPTER SERVICES,"Transportation, Storage, Mail Services",150794.0,WFP-2021-206f35bcb1ae
2021,WFP,Russian Federation,UTAIR HELICOPTER SERVICES,"Transportation, Storage, Mail Services",150794.0,WFP-2021-6382e5087a50
2021,WFP,Russian Federation,UTAIR HELICOPTER SERVICES,"Transportation, Storage, Mail Services",150794.0,WFP-2021-a4358e60a8bd
2021,WFP,Russian Federation,UTAIR HELICOPTER SERVICES,"Transportation, Storage, Mail Services",150794.0,WFP-2021-ebdf0a5ec732
2021,WFP,Russian Federation,UTAIR HELICOPTER SERVICES,"Transportation, Storage, Mail Services",140389.9,WFP-2021-0e5d47fea8f6
2021,WFP,Russian Federation,UTAIR HELICOPTER SERVICES,"Transportation, Storage, Mail Services",116553.5,WFP-2021-2acdbf07b249
2021,WFP,Russian Federation,UTAIR HELICOPTER SERVICES,"Transportation, Storage, Mail Services",54966.0,WFP-2021-419942bc40a8
2021,WFP,Russian Federation,UTAIR HELICOPTER SERVICES,"Transportation, Storage, Mail Services",38650.0,WFP-2021-694e5ad8291d
2020,UN Secretariat,Russian Federation,UTAIR LIMITED,"Transportation, Storage, Mail Services",8486575.35,UN Secretariat-2020-de6e5e3ec9a5
2020,UN Secretariat,Russian Federation,UTAIR LIMITED,"Transportation, Storage, Mail Services",6420168.79,UN Secretariat-2020-bd179b8a7c1f
2020,UN Secretariat,Russian Federation,UTAIR LIMITED,"Transportation, Storage, Mail Services",2997837.64,UN Secretariat-2020-65f4775a133a
2020,UN Secretariat,Russian Federation,UTAIR LIMITED,"Transportation, Storage, Mail Services",2268683.35,UN Secretariat-2020-a7b71f8a28bc
2020,UN Secretariat,Russian Federation,UTAIR LIMITED,Fuels and Lubricants etc.,205951.16,UN Secretariat-2020-fef9ca12bb84
2020,UN Secretariat,Russian Federation,UTAIR LIMITED,"Transportation, Storage, Mail Services",107748.05,UN Secretariat-2020-dd0420d65c4c
2020,UN Secretariat,Russian Federation,UTAIR LIMITED,"Transportation, Storage, Mail Services",82788.72,UN Secretariat-2020-fef9ca12bb84
2020,UN Secretariat,Russian Federation,UTAIR LIMITED,"Transportation, Storage, Mail Services",20358.04,UN Secretariat-2020-a710e360e923
2020,UN Secretariat,Russian Federation,UTAIR LIMITED,Fuels and Lubricants etc.,10100.52,UN Secretariat-2020-a710e360e923
2021,UN Secretariat,Russian Federation,UTAIR LIMITED,"Transportation, Storage, Mail Services",10266039.64,UN Secretariat-2021-0c0ec841989a
2021,UN Secretariat,Russian Federation,UTAIR LIMITED,"Transportation, Storage, Mail Services",6297665.24,UN Secretariat-2021-bdcf293cf043
2021,UN Secretariat,Russian Federation,UTAIR LIMITED,"Transportation, Storage, Mail Services",665540.0,UN Secretariat-2021-6fda04e1d51f
2021,UN Secretariat,Russian Federation,UTAIR LIMITED,"Transportation, Storage, Mail Services",252070.0,UN Secretariat-2021-21e5d600dc25
2021,UN Secretariat,Russian Federation,UTAIR LIMITED,"Transportation, Storage, Mail Services",150000.0,UN Secretariat-2021-481af0e5c27e
2021,UN Secretariat,Russian Federation,UTAIR LIMITED,Fuels and Lubricants etc.,150000.0,UN Secretariat-2021-cdd37ce44882
2021,UN Secretariat,Russian Federation,UTAIR LIMITED,"Transportation, Storage, Mail Services",137787.0,UN Secretariat-2021-9eb38144ae9f
2021,UN Secretariat,Russian Federation,UTAIR LIMITED,Fuels and Lubricants etc.,110000.0,UN Secretariat-2021-2a189ed4bac5
2021,UN Secretariat,Russian Federation,UTAIR LIMITED,"Transportation, Storage, Mail Services",80170.82,UN Secretariat-2021-0f12fed946f3
2021,UN Secretariat,Russian Federation,UTAIR LIMITED,Fuels and Lubricants etc.,55000.0,UN Secretariat-2021-21e5d600dc25
2021,UN Secretariat,Russian Federation,UTAIR LIMITED,"Transportation, Storage, Mail Services",45325.0,UN Secretariat-2021-29676c3b8a7b
2021,UN Secretariat,Russian Federation,UTAIR LIMITED,"Transportation, Storage, Mail Services",35592.57,UN Secretariat-2021-93d6f79d8548
2021,UN Secretariat,Russian Federation,UTAIR LIMITED,Fuels and Lubricants etc.,22815.31,UN Secretariat-2021-93d6f79d8548
2021,UN Secretariat,Russian Federation,UTAIR LIMITED,"Transportation, Storage, Mail Services",18549.36,UN Secretariat-2021-fe1e8cf391e6
2021,UN Secretariat,Russian Federation,UTAIR LIMITED,Fuels and Lubricants etc.,14246.7,UN Secretariat-2021-fe1e8cf391e6
2022,UN Secretariat,Russian Federation,UTAIR LIMITED,"Transportation, Storage, Mail Services",3869067.55,UN Secretariat-2022-85b91ed0d736
2022,UN Secretariat,Russian Federation,UTAIR LIMITED,"Transportation, Storage, Mail Services",1286744.38,UN Secretariat-2022-dbb7161b4c1b
2022,UN Secretariat,Russian Federation,UTAIR LIMITED,"Transportation, Storage, Mail Services",150369.51,UN Secretariat-2022-545fd204a138
2022,UN Secretariat,Russian Federation,UTAIR LIMITED,"Transportation, Storage, Mail Services",110000.0,UN Secretariat-2022-63204711e791
2022,UN Secretariat,Russian Federation,UTAIR LIMITED,"Transportation, Storage, Mail Services",50058.8,UN Secretariat-2022-ddbe57e62d1c
2022,UN Secretariat,Russian Federation,UTAIR LIMITED,Fuels and Lubricants etc.,50000.0,UN Secretariat-2022-63204711e791
2024,UN Secretariat,Russian Federation,UTAIR LIMITED,"Transportation, Storage, Mail Services",41737.0,UN Secretariat-2024-2a430474847e
2017,UNIDO,Russian Federation,VERCONT SERVICE LLC,Environmental Services,85300.0,UNIDO-2017-4c00bf78403b
2015,UNIDO,Russian Federation,VERITY LLC,Laboratory and Testing Equipment,45105.44,UNIDO-2015-6ccdf58c12b1
2021,ITU,Russian Federation,VILCOM HOLDING LLC,IT and Communications Equipment,208645.58,ITU-2021-214aa68dbd86
2023,IOM,Russian Federation,"VIP CORPORATE TRAVEL, LLC","Transportation, Storage, Mail Services",81611.84,IOM-2023-91f3630c5fa1
2023,IOM,Russian Federation,"VIP CORPORATE TRAVEL, LLC","Transportation, Storage, Mail Services",68616.25,IOM-2023-7551672ab57f
2018,ILO,Russian Federation,VIPSERVICE BT LLC,"Transportation, Storage, Mail Services",41099.0,ILO-2018-068a8f2bd11a
2019,ILO,Russian Federation,VIPSERVICE BT LLC,"Transportation, Storage, Mail Services",39803.35,ILO-2019-704bc6d446cd
2019,ILO,Russian Federation,VIPSERVICE BT LLC,"Transportation, Storage, Mail Services",38673.68,ILO-2019-ac1af6546e47
2019,ILO,Russian Federation,VIPSERVICE BT LLC,"Transportation, Storage, Mail Services",35087.37,ILO-2019-c959728b7177
2025,ILO,Russian Federation,VIPSERVICE BT LLC RUB,Education and Training Services,35083.0,ILO-2025-8311143ebf78
2019,UNHCR,Russian Federation,VOLKSWAGEN AG,Motor Vehicles and Parts,37545.0,UNHCR-2019-654f9963d213
2016,UNAIDS,Russian Federation,"VOYTSEKHOVICH, MR KONSTANTIN ALEKSANDROVICH",Politics and Civic Affairs Services,47532.0,UNAIDS-2016-db7312ced4e4
2021,UNDP,Russian Federation,VOZDUX LLC,Motor Vehicles and Parts,95000.0,UNDP-2021-be3671250f92
2021,UNDP,Russian Federation,VOZDUX LLC,Financial and Insurance Services,9000.0,UNDP-2021-be3671250f92
2021,UNDP,Russian Federation,VOZDUX LLC,Management and Admin Services,3000.0,UNDP-2021-be3671250f92
2016,UNDP,Russian Federation,VSEROSSIISKII NAUCHNO ISSLEDOVATELSKII,Environmental Services,74964.0,UNDP-2016-a55ec0186250
2025,WFP,Russian Federation,WALTONS  NAMIBIA (PTY) LTD.,"Transportation, Storage, Mail Services",175000.0,WFP-2025-1e8a1fe8a637
2015,UNHCR,Russian Federation,WORLD HEALTH ORGANISATION,Management and Admin Services,325000.0,UNHCR-2015-aea5875ca1c8
2015,UNHCR,Russian Federation,WORLD HEALTH ORGANISATION,Public Sector Related Services,33063.34,UNHCR-2015-1ad8493f3372
2022,FAO,Russian Federation,WORLD HEALTH ORGANIZATION (WHO),Management and Admin Services,170000.0,FAO-2022-fa74073ec97d
2023,FAO,Russian Federation,WORLD HEALTH ORGANIZATION (WHO),Management and Admin Services,170000.0,FAO-2023-b3bb6b4695e0
2015,UNDP,Russian Federation,WORLD HEALTH ORGANIZATION IN RF,Management and Admin Services,42866.42,UNDP-2015-febd2d52774d
2015,UNDP,Russian Federation,WORLD HEALTH ORGANIZATION IN RF,Management and Admin Services,42866.42,UNDP-2015-fa0f92e2791e
2015,UNDP,Russian Federation,WORLD HEALTH ORGANIZATION IN RF,Management and Admin Services,42866.42,UNDP-2015-910a82f5d1ea
2015,UNDP,Russian Federation,WORLD HEALTH ORGANIZATION IN RF,Management and Admin Services,42866.42,UNDP-2015-3a23106437b5
2022,WFP,Russian Federation,WORLD HEALTH ORGANIZATION RUSSIA (W,Management and Admin Services,34410.0,WFP-2022-719c6705d2e6
2019,UNDP,Russian Federation,WORLDSKILLS SERVICES LLC,Education and Training Services,90000.0,UNDP-2019-2a6663fc7b1e
2020,UNDP,Russian Federation,WORLDSKILLS SERVICES LLC,Education and Training Services,88340.0,UNDP-2020-ff5977ac3aea
2021,UNDP,Russian Federation,WORLDSKILLS SERVICES LLC,Financial and Insurance Services,35500.0,UNDP-2021-96f63c00bf4b
2024,ILO,Russian Federation,XALQARO HAMKORLIK MARKAZI JOINT STOCK COMPANY,Management and Admin Services,37405.9,ILO-2024-4ba9fecd9f97
2017,UNIDO,Russian Federation,ZAO EKP,Management and Admin Services,37701.9,UNIDO-2017-0cd1545acc3c
2016,WHO,Russian Federation,ZAO MBIK,"Travel, Food and Lodging",43323.14,WHO-2016-65d785d9c3e8
2017,UNIDO,Russian Federation,ZAO MEZON RU,Management and Admin Services,39016.22,UNIDO-2017-3018fa9dc358
2022,UNDP,Russian Federation,ZAPRIRODU LLC,Engineering and Research Services,183430.0,UNDP-2022-9fcfac5dab6b
